Mon Jun 15 11:28:17 UTC 2026 extensionstartup.sh
Mon Jun 15 11:28:17 UTC 2026 Setting variables
dmadmin
Mon Jun 15 11:28:17 UTC 2026 Renaming user dmadmin to oesadmin
oesadmin ALL=NOPASSWD:    ALL
chown: /opt/tomcat/webapps/oes-connector/WEB-INF/classes/log4j/..2026_06_15_11_28_15.1794070351: Read-only file system
chown: /opt/tomcat/webapps/oes-connector/WEB-INF/classes/log4j: Read-only file system
Mon Jun 15 11:28:19 UTC 2026 Renaming user dmadmin to oesadmin
Mon Jun 15 11:28:19 UTC 2026 Creating directories
chown: /opt/tomcat/webapps/oes-connector/WEB-INF/classes/log4j/..2026_06_15_11_28_15.1794070351: Read-only file system
chown: /opt/tomcat/webapps/oes-connector/WEB-INF/classes/log4j: Read-only file system
Mon Jun 15 11:28:19 UTC 2026 Unzipping the war file
replace /opt/tomcat/webapps/oes-connector/WEB-INF/classes/config/database.properties? [y]es, [n]o, [A]ll, [N]one, [r]ename:  NULL
(EOF or read error, treating as "[N]one" ...)
Mon Jun 15 11:28:20 UTC 2026 Setting catalina.properties
Mon Jun 15 11:28:20 UTC 2026 Remove the propeties files as they will be loaded from ConfigMaps
Starting the appserver
starting oesconnector server
NOTE: Picked up JDK_JAVA_OPTIONS: --add-opens=java.base/java.net=ALL-UNNAMED --add-opens=java.base/java.lang.ref=ALL-UNNAMED --add-opens=java.naming/com.sun.jndi.toolkit.url=ALL-UNNAMED     --add-exports=java.base/sun.security.provider=ALL-UNNAMED --add-exports=java.base/sun.security.pkcs=ALL-UNNAMED --add-exports=java.base/sun.security.x509=ALL-UNNAMED     --add-exports=java.base/sun.security.util=ALL-UNNAMED --add-exports=java.base/sun.security.tools.keytool=ALL-UNNAMED --add-opens=java.base/java.lang=ALL-UNNAMED
NOTE: Picked up JDK_JAVA_OPTIONS: --add-opens=java.base/java.net=ALL-UNNAMED --add-opens=java.base/java.lang.ref=ALL-UNNAMED --add-opens=java.naming/com.sun.jndi.toolkit.url=ALL-UNNAMED     --add-exports=java.base/sun.security.provider=ALL-UNNAMED --add-exports=java.base/sun.security.pkcs=ALL-UNNAMED --add-exports=java.base/sun.security.x509=ALL-UNNAMED     --add-exports=java.base/sun.security.util=ALL-UNNAMED --add-exports=java.base/sun.security.tools.keytool=ALL-UNNAMED --add-opens=java.base/java.lang=ALL-UNNAMED
15-Jun-2026 11:28:20.644 WARNING [main] org.apache.catalina.startup.ClassLoaderFactory.validateFile Problem with directory [/opt/tomcat/CustomConf], exists: [false], isDirectory: [false], canRead: [false]
15-Jun-2026 11:28:21.234 WARNING [main] org.apache.tomcat.util.digester.SetPropertiesRule.begin Match [Server/Service/Connector] failed to set property [connectionTimeout] to []
15-Jun-2026 11:28:21.339 INFO [main] org.apache.catalina.startup.VersionLoggerListener.log Server version name:   Apache Tomcat Version X.X.X
15-Jun-2026 11:28:21.340 INFO [main] org.apache.catalina.startup.VersionLoggerListener.log Server built:          unknown
15-Jun-2026 11:28:21.340 INFO [main] org.apache.catalina.startup.VersionLoggerListener.log Server version number: 11.0.x
15-Jun-2026 11:28:21.340 INFO [main] org.apache.catalina.startup.VersionLoggerListener.log OS Name:               Linux
15-Jun-2026 11:28:21.340 INFO [main] org.apache.catalina.startup.VersionLoggerListener.log OS Version:            6.12.68-92.122.amzn2023.x86_64
15-Jun-2026 11:28:21.340 INFO [main] org.apache.catalina.startup.VersionLoggerListener.log Architecture:          amd64
15-Jun-2026 11:28:21.340 INFO [main] org.apache.catalina.startup.VersionLoggerListener.log Java Home:             /opt/jdk
15-Jun-2026 11:28:21.340 INFO [main] org.apache.catalina.startup.VersionLoggerListener.log JVM Version:           21.0.9+10-LTS
15-Jun-2026 11:28:21.340 INFO [main] org.apache.catalina.startup.VersionLoggerListener.log JVM Vendor:            Eclipse Adoptium
15-Jun-2026 11:28:21.340 INFO [main] org.apache.catalina.startup.VersionLoggerListener.log CATALINA_BASE:         /opt/tomcat
15-Jun-2026 11:28:21.340 INFO [main] org.apache.catalina.startup.VersionLoggerListener.log CATALINA_HOME:         /opt/tomcat
15-Jun-2026 11:28:21.342 INFO [main] org.apache.catalina.startup.VersionLoggerListener.log Command line argument: --add-opens=java.base/java.net=ALL-UNNAMED
15-Jun-2026 11:28:21.342 INFO [main] org.apache.catalina.startup.VersionLoggerListener.log Command line argument: --add-opens=java.base/java.lang.ref=ALL-UNNAMED
15-Jun-2026 11:28:21.342 INFO [main] org.apache.catalina.startup.VersionLoggerListener.log Command line argument: --add-opens=java.naming/com.sun.jndi.toolkit.url=ALL-UNNAMED
15-Jun-2026 11:28:21.342 INFO [main] org.apache.catalina.startup.VersionLoggerListener.log Command line argument: --add-exports=java.base/sun.security.provider=ALL-UNNAMED
15-Jun-2026 11:28:21.342 INFO [main] org.apache.catalina.startup.VersionLoggerListener.log Command line argument: --add-exports=java.base/sun.security.pkcs=ALL-UNNAMED
15-Jun-2026 11:28:21.342 INFO [main] org.apache.catalina.startup.VersionLoggerListener.log Command line argument: --add-exports=java.base/sun.security.x509=ALL-UNNAMED
15-Jun-2026 11:28:21.342 INFO [main] org.apache.catalina.startup.VersionLoggerListener.log Command line argument: --add-exports=java.base/sun.security.util=ALL-UNNAMED
15-Jun-2026 11:28:21.342 INFO [main] org.apache.catalina.startup.VersionLoggerListener.log Command line argument: --add-exports=java.base/sun.security.tools.keytool=ALL-UNNAMED
15-Jun-2026 11:28:21.342 INFO [main] org.apache.catalina.startup.VersionLoggerListener.log Command line argument: --add-opens=java.base/java.lang=ALL-UNNAMED
15-Jun-2026 11:28:21.342 INFO [main] org.apache.catalina.startup.VersionLoggerListener.log Command line argument: --add-opens=java.base/java.net=ALL-UNNAMED
15-Jun-2026 11:28:21.343 INFO [main] org.apache.catalina.startup.VersionLoggerListener.log Command line argument: --add-opens=java.base/java.lang.ref=ALL-UNNAMED
15-Jun-2026 11:28:21.343 INFO [main] org.apache.catalina.startup.VersionLoggerListener.log Command line argument: --add-opens=java.naming/com.sun.jndi.toolkit.url=ALL-UNNAMED
15-Jun-2026 11:28:21.343 INFO [main] org.apache.catalina.startup.VersionLoggerListener.log Command line argument: --add-exports=java.base/sun.security.provider=ALL-UNNAMED
15-Jun-2026 11:28:21.343 INFO [main] org.apache.catalina.startup.VersionLoggerListener.log Command line argument: --add-exports=java.base/sun.security.pkcs=ALL-UNNAMED
15-Jun-2026 11:28:21.343 INFO [main] org.apache.catalina.startup.VersionLoggerListener.log Command line argument: --add-exports=java.base/sun.security.x509=ALL-UNNAMED
15-Jun-2026 11:28:21.343 INFO [main] org.apache.catalina.startup.VersionLoggerListener.log Command line argument: --add-exports=java.base/sun.security.util=ALL-UNNAMED
15-Jun-2026 11:28:21.343 INFO [main] org.apache.catalina.startup.VersionLoggerListener.log Command line argument: --add-exports=java.base/sun.security.tools.keytool=ALL-UNNAMED
15-Jun-2026 11:28:21.343 INFO [main] org.apache.catalina.startup.VersionLoggerListener.log Command line argument: --add-opens=java.base/java.lang=ALL-UNNAMED
15-Jun-2026 11:28:21.343 INFO [main] org.apache.catalina.startup.VersionLoggerListener.log Command line argument: -Djava.util.logging.config.file=/opt/tomcat/conf/logging.properties
15-Jun-2026 11:28:21.343 INFO [main] org.apache.catalina.startup.VersionLoggerListener.log Command line argument: -Djava.util.logging.manager=org.apache.juli.ClassLoaderLogManager
15-Jun-2026 11:28:21.343 INFO [main] org.apache.catalina.startup.VersionLoggerListener.log Command line argument: -Djava.locale.providers=COMPAT,SPI
15-Jun-2026 11:28:21.343 INFO [main] org.apache.catalina.startup.VersionLoggerListener.log Command line argument: -Djava.security.egd=file:/dev/./urandom
15-Jun-2026 11:28:21.344 INFO [main] org.apache.catalina.startup.VersionLoggerListener.log Command line argument: -Djdk.tls.ephemeralDHKeySize=2048
15-Jun-2026 11:28:21.344 INFO [main] org.apache.catalina.startup.VersionLoggerListener.log Command line argument: -Dorg.apache.catalina.security.SecurityListener.UMASK=0027
15-Jun-2026 11:28:21.344 INFO [main] org.apache.catalina.startup.VersionLoggerListener.log Command line argument: --add-opens=java.base/java.lang=ALL-UNNAMED
15-Jun-2026 11:28:21.344 INFO [main] org.apache.catalina.startup.VersionLoggerListener.log Command line argument: --add-opens=java.base/java.lang.reflect=ALL-UNNAMED
15-Jun-2026 11:28:21.344 INFO [main] org.apache.catalina.startup.VersionLoggerListener.log Command line argument: --add-opens=java.base/java.io=ALL-UNNAMED
15-Jun-2026 11:28:21.344 INFO [main] org.apache.catalina.startup.VersionLoggerListener.log Command line argument: --add-opens=java.base/java.util=ALL-UNNAMED
15-Jun-2026 11:28:21.344 INFO [main] org.apache.catalina.startup.VersionLoggerListener.log Command line argument: --add-opens=java.base/java.util.concurrent=ALL-UNNAMED
15-Jun-2026 11:28:21.344 INFO [main] org.apache.catalina.startup.VersionLoggerListener.log Command line argument: --add-opens=java.rmi/sun.rmi.transport=ALL-UNNAMED
15-Jun-2026 11:28:21.344 INFO [main] org.apache.catalina.startup.VersionLoggerListener.log Command line argument: --enable-native-access=ALL-UNNAMED
15-Jun-2026 11:28:21.344 INFO [main] org.apache.catalina.startup.VersionLoggerListener.log Command line argument: -Dcatalina.base=/opt/tomcat
15-Jun-2026 11:28:21.344 INFO [main] org.apache.catalina.startup.VersionLoggerListener.log Command line argument: -Dcatalina.home=/opt/tomcat
15-Jun-2026 11:28:21.344 INFO [main] org.apache.catalina.startup.VersionLoggerListener.log Command line argument: -Djava.io.tmpdir=/opt/tomcat/temp
15-Jun-2026 11:28:21.346 INFO [main] org.apache.catalina.core.AprLifecycleListener.lifecycleEvent The Apache Tomcat Native library which allows using OpenSSL was not found on the java.library.path: [/opt/jdk/lib/server:/opt/jdk/lib:/opt/jdk/../lib:/usr/java/packages/lib:/usr/lib64:/lib64:/lib:/usr/lib]
15-Jun-2026 11:28:22.441 INFO [main] org.apache.coyote.AbstractProtocol.init Initializing ProtocolHandler ["http-nio-8080"]
15-Jun-2026 11:28:22.538 INFO [main] org.apache.catalina.startup.Catalina.load Server initialization in [1715] milliseconds
15-Jun-2026 11:28:22.653 INFO [main] org.apache.catalina.core.StandardService.startInternal Starting service [Catalina]
15-Jun-2026 11:28:22.653 INFO [main] org.apache.catalina.core.StandardEngine.startInternal Starting Servlet engine: [Apache Tomcat Version X.X.X]
15-Jun-2026 11:28:22.661 INFO [main] org.apache.catalina.startup.HostConfig.deployDirectory Deploying web application directory [/opt/tomcat/webapps/oes-connector]
15-Jun-2026 11:28:23.752 SEVERE [main] org.apache.catalina.webresources.AbstractFileResourceSet.logIgnoredSymlink Resource for web application [/oes-connector] at path [/WEB-INF/classes/log4j/..data] was not loaded as the canonical path [/WEB-INF/classes/log4j/..2026_06_15_11_28_15.1794070351] did not match. Use of symlinks is one possible cause.
15-Jun-2026 11:28:23.753 SEVERE [main] org.apache.catalina.webresources.AbstractFileResourceSet.logIgnoredSymlink Resource for web application [/oes-connector] at path [/WEB-INF/classes/log4j/log4j2.xml] was not loaded as the canonical path [/WEB-INF/classes/log4j/..2026_06_15_11_28_15.1794070351/log4j2.xml] did not match. Use of symlinks is one possible cause.
15-Jun-2026 11:28:31.048 INFO [main] org.apache.jasper.servlet.TldScanner.scanJars At least one JAR was scanned for TLDs yet contained no TLDs. Enable debug logging for this logger for a complete list of JARs that were scanned but no TLDs were found in them. Skipping unneeded JARs during scanning can improve startup time and JSP compilation time.
Standard Commons Logging discovery in action with spring-jcl: please remove commons-logging.jar from classpath in order to avoid potential conflicts
2026-06-15T11:28:32.151080621Z main DEBUG Apache Log4j Core 2.25 initializing configuration XmlConfiguration[location=/opt/tomcat/webapps/oes-connector/WEB-INF/classes/log4j2.xml, lastModified=2026-01-09T13:10:58Z]
2026-06-15T11:28:32.153036980Z main DEBUG PluginManager 'Core' found 134 plugins
2026-06-15T11:28:32.153191693Z main DEBUG PluginManager 'Level' found 0 plugins
2026-06-15T11:28:32.158085025Z main DEBUG PluginManager 'Lookup' found 16 plugins
2026-06-15T11:28:32.159411261Z main DEBUG Building Plugin[name=layout, class=org.apache.logging.log4j.core.layout.PatternLayout].
2026-06-15T11:28:32.234446782Z main DEBUG PluginManager 'TypeConverter' found 26 plugins
2026-06-15T11:28:32.244729239Z main DEBUG PatternLayout$Builder(pattern="%-5p: [%t]: %c.%M - %d{dd MMM yyy HH:mm:ss,SSS} - %m%n", PatternSelector=null, Configuration(/opt/tomcat/webapps/oes-connector/WEB-INF/classes/log4j2.xml), Replace=null, charset="null", alwaysWriteExceptions="null", disableAnsi="null", noConsoleNoAnsi="null", header="null", footer="null")
2026-06-15T11:28:32.246141781Z main DEBUG PluginManager 'Converter' found 45 plugins
2026-06-15T11:28:32.355297171Z main DEBUG Building Plugin[name=appender, class=org.apache.logging.log4j.core.appender.ConsoleAppender].
2026-06-15T11:28:32.362533344Z main DEBUG ConsoleAppender$Builder(target="SYSTEM_OUT", follow="null", direct="null", bufferedIo="null", bufferSize="null", immediateFlush="null", ignoreExceptions="null", PatternLayout(%-5p: [%t]: %c.%M - %d{dd MMM yyy HH:mm:ss,SSS} - %m%n), name="CONSOLE", Configuration(/opt/tomcat/webapps/oes-connector/WEB-INF/classes/log4j2.xml), Filter=null, ={})
2026-06-15T11:28:32.363677093Z main DEBUG Starting OutputStreamManager SYSTEM_OUT.false.false
2026-06-15T11:28:32.363819213Z main DEBUG Building Plugin[name=layout, class=org.apache.logging.log4j.core.layout.PatternLayout].
2026-06-15T11:28:32.364083186Z main DEBUG PatternLayout$Builder(pattern="%-5p: [%t]: %c - %d{dd MMM yyy HH:mm:ss,SSS} - %m%n", PatternSelector=null, Configuration(/opt/tomcat/webapps/oes-connector/WEB-INF/classes/log4j2.xml), Replace=null, charset="null", alwaysWriteExceptions="null", disableAnsi="null", noConsoleNoAnsi="null", header="null", footer="null")
2026-06-15T11:28:32.364900479Z main DEBUG Building Plugin[name=SizeBasedTriggeringPolicy, class=org.apache.logging.log4j.core.appender.rolling.SizeBasedTriggeringPolicy].
2026-06-15T11:28:32.432725027Z main DEBUG createPolicy(size="10 MB")
2026-06-15T11:28:32.433720274Z main DEBUG Building Plugin[name=Policies, class=org.apache.logging.log4j.core.appender.rolling.CompositeTriggeringPolicy].
2026-06-15T11:28:32.434036058Z main DEBUG createPolicy(={SizeBasedTriggeringPolicy(size=10485760)})
2026-06-15T11:28:32.434273471Z main DEBUG Building Plugin[name=DefaultRolloverStrategy, class=org.apache.logging.log4j.core.appender.rolling.DefaultRolloverStrategy].
2026-06-15T11:28:32.436671441Z main DEBUG DefaultRolloverStrategy$Builder(max="5", min="null", fileIndex="null", compressionLevel="null", ={}, stopCustomActionsOnError="null", tempCompressedFilePattern="null", Configuration(/opt/tomcat/webapps/oes-connector/WEB-INF/classes/log4j2.xml))
2026-06-15T11:28:32.436844606Z main DEBUG Building Plugin[name=appender, class=org.apache.logging.log4j.core.appender.RollingFileAppender].
2026-06-15T11:28:32.438850102Z main DEBUG RollingFileAppender$Builder(fileName="oes-services-logs//oes-sync-service.log", filePattern="oes-services-logs//oes-sync-service%i.log", append="null", locking="null", Policies(CompositeTriggeringPolicy(policies=[SizeBasedTriggeringPolicy(size=10485760)])), DefaultRolloverStrategy(DefaultRolloverStrategy(min=1, max=5, useMax=true)), advertise="null", advertiseUri="null", createOnDemand="null", filePermissions="null", fileOwner="null", fileGroup="null", bufferedIo="null", bufferSize="null", immediateFlush="null", ignoreExceptions="null", PatternLayout(%-5p: [%t]: %c - %d{dd MMM yyy HH:mm:ss,SSS} - %m%n), name="RollingFile", Configuration(/opt/tomcat/webapps/oes-connector/WEB-INF/classes/log4j2.xml), Filter=null, ={})
2026-06-15T11:28:32.441706499Z main ERROR Unable to create file oes-services-logs//oes-sync-service.log
java.io.IOException: Could not create directory /oes-services-logs
	at org.apache.logging.log4j.core.util.FileUtils.mkdir(FileUtils.java:129)
	at org.apache.logging.log4j.core.util.FileUtils.makeParentDirs(FileUtils.java:143)
	at org.apache.logging.log4j.core.appender.rolling.RollingFileManager$RollingFileManagerFactory.createManager(RollingFileManager.java:863)
	at org.apache.logging.log4j.core.appender.rolling.RollingFileManager$RollingFileManagerFactory.createManager(RollingFileManager.java:844)
	at org.apache.logging.log4j.core.appender.AbstractManager.getManager(AbstractManager.java:146)
	at org.apache.logging.log4j.core.appender.OutputStreamManager.getManager(OutputStreamManager.java:112)
	at org.apache.logging.log4j.core.appender.rolling.RollingFileManager.getFileManager(RollingFileManager.java:307)
	at org.apache.logging.log4j.core.appender.RollingFileAppender$Builder.build(RollingFileAppender.java:144)
	at org.apache.logging.log4j.core.appender.RollingFileAppender$Builder.build(RollingFileAppender.java:65)
	at org.apache.logging.log4j.core.config.plugins.util.PluginBuilder.build(PluginBuilder.java:124)
	at org.apache.logging.log4j.core.config.AbstractConfiguration.createPluginObject(AbstractConfiguration.java:1206)
	at org.apache.logging.log4j.core.config.AbstractConfiguration.createConfiguration(AbstractConfiguration.java:1125)
	at org.apache.logging.log4j.core.config.AbstractConfiguration.createConfiguration(AbstractConfiguration.java:1117)
	at org.apache.logging.log4j.core.config.AbstractConfiguration.doConfigure(AbstractConfiguration.java:715)
	at org.apache.logging.log4j.core.config.AbstractConfiguration.initialize(AbstractConfiguration.java:271)
	at org.apache.logging.log4j.core.config.AbstractConfiguration.start(AbstractConfiguration.java:324)
	at org.apache.logging.log4j.core.LoggerContext.setConfiguration(LoggerContext.java:697)
	at org.apache.logging.log4j.core.LoggerContext.reconfigure(LoggerContext.java:786)
	at org.apache.logging.log4j.core.LoggerContext.reconfigure(LoggerContext.java:808)
	at org.apache.logging.log4j.core.LoggerContext.start(LoggerContext.java:311)
	at org.apache.logging.log4j.core.impl.Log4jContextFactory.getContext(Log4jContextFactory.java:160)
	at org.apache.logging.log4j.core.impl.Log4jContextFactory.getContext(Log4jContextFactory.java:48)
	at org.apache.logging.log4j.LogManager.getContext(LogManager.java:139)
	at org.apache.commons.logging.LogAdapter$Log4jLog.<clinit>(LogAdapter.java:146)
	at org.apache.commons.logging.LogAdapter$Log4jAdapter.createLog(LogAdapter.java:113)
	at org.apache.commons.logging.LogAdapter.createLog(LogAdapter.java:95)
	at org.apache.commons.logging.LogFactoryService.getInstance(LogFactoryService.java:52)
	at org.apache.commons.logging.LogFactoryService.getInstance(LogFactoryService.java:47)
	at org.apache.commons.logging.LogFactory.getLog(LogFactory.java:920)
	at org.springframework.web.context.ContextLoader.initWebApplicationContext(ContextLoader.java:253)
	at org.springframework.web.context.ContextLoaderListener.contextInitialized(ContextLoaderListener.java:126)
	at org.apache.catalina.core.StandardContext.listenerStart(StandardContext.java:4003)
	at org.apache.catalina.core.StandardContext.startInternal(StandardContext.java:4426)
	at org.apache.catalina.util.LifecycleBase.start(LifecycleBase.java:164)
	at org.apache.catalina.core.ContainerBase.addChild(ContainerBase.java:564)
	at org.apache.catalina.core.StandardHost.addChild(StandardHost.java:663)
	at org.apache.catalina.startup.HostConfig.deployDirectory(HostConfig.java:1084)
	at org.apache.catalina.startup.HostConfig$DeployDirectory.run(HostConfig.java:1850)
	at java.base/java.util.concurrent.Executors$RunnableAdapter.call(Executors.java:572)
	at java.base/java.util.concurrent.FutureTask.run(FutureTask.java:317)
	at org.apache.tomcat.util.threads.InlineExecutorService.execute(InlineExecutorService.java:81)
	at java.base/java.util.concurrent.AbstractExecutorService.submit(AbstractExecutorService.java:123)
	at org.apache.catalina.startup.HostConfig.deployDirectories(HostConfig.java:995)
	at org.apache.catalina.startup.HostConfig.deployApps(HostConfig.java:380)
	at org.apache.catalina.startup.HostConfig.start(HostConfig.java:1579)
	at org.apache.catalina.startup.HostConfig.lifecycleEvent(HostConfig.java:262)
	at org.apache.catalina.util.LifecycleBase.fireLifecycleEvent(LifecycleBase.java:109)
	at org.apache.catalina.util.LifecycleBase.setStateInternal(LifecycleBase.java:389)
	at org.apache.catalina.util.LifecycleBase.setState(LifecycleBase.java:336)
	at org.apache.catalina.core.ContainerBase.startInternal(ContainerBase.java:741)
	at org.apache.catalina.core.StandardHost.startInternal(StandardHost.java:780)
	at org.apache.catalina.util.LifecycleBase.start(LifecycleBase.java:164)
	at org.apache.catalina.core.ContainerBase$StartChild.call(ContainerBase.java:1162)
	at org.apache.catalina.core.ContainerBase$StartChild.call(ContainerBase.java:1158)
	at java.base/java.util.concurrent.FutureTask.run(FutureTask.java:317)
	at org.apache.tomcat.util.threads.InlineExecutorService.execute(InlineExecutorService.java:81)
	at java.base/java.util.concurrent.AbstractExecutorService.submit(AbstractExecutorService.java:145)
	at org.apache.catalina.core.ContainerBase.startInternal(ContainerBase.java:714)
	at org.apache.catalina.core.StandardEngine.startInternal(StandardEngine.java:201)
	at org.apache.catalina.util.LifecycleBase.start(LifecycleBase.java:164)
	at org.apache.catalina.core.StandardService.startInternal(StandardService.java:410)
	at org.apache.catalina.util.LifecycleBase.start(LifecycleBase.java:164)
	at org.apache.catalina.core.StandardServer.startInternal(StandardServer.java:864)
	at org.apache.catalina.util.LifecycleBase.start(LifecycleBase.java:164)
	at org.apache.catalina.startup.Catalina.start(Catalina.java:756)
	at java.base/jdk.internal.reflect.DirectMethodHandleAccessor.invoke(DirectMethodHandleAccessor.java:103)
	at java.base/java.lang.reflect.Method.invoke(Method.java:580)
	at org.apache.catalina.startup.Bootstrap.start(Bootstrap.java:339)
	at org.apache.catalina.startup.Bootstrap.main(Bootstrap.java:470)

2026-06-15T11:28:32.442930222Z main ERROR Could not create plugin of type class org.apache.logging.log4j.core.appender.RollingFileAppender for element RollingFile: java.lang.IllegalStateException: ManagerFactory [org.apache.logging.log4j.core.appender.rolling.RollingFileManager$RollingFileManagerFactory@424159f] unable to create manager for [oes-services-logs//oes-sync-service.log] with data [org.apache.logging.log4j.core.appender.rolling.RollingFileManager$FactoryData@7fd8b289[pattern=oes-services-logs//oes-sync-service%i.log, append=true, bufferedIO=true, bufferSize=8192, policy=CompositeTriggeringPolicy(policies=[SizeBasedTriggeringPolicy(size=10485760)]), strategy=DefaultRolloverStrategy(min=1, max=5, useMax=true), advertiseURI=null, layout=%-5p: [%t]: %c - %d{dd MMM yyy HH:mm:ss,SSS} - %m%n, filePermissions=null, fileOwner=null]]
java.lang.IllegalStateException: ManagerFactory [org.apache.logging.log4j.core.appender.rolling.RollingFileManager$RollingFileManagerFactory@424159f] unable to create manager for [oes-services-logs//oes-sync-service.log] with data [org.apache.logging.log4j.core.appender.rolling.RollingFileManager$FactoryData@7fd8b289[pattern=oes-services-logs//oes-sync-service%i.log, append=true, bufferedIO=true, bufferSize=8192, policy=CompositeTriggeringPolicy(policies=[SizeBasedTriggeringPolicy(size=10485760)]), strategy=DefaultRolloverStrategy(min=1, max=5, useMax=true), advertiseURI=null, layout=%-5p: [%t]: %c - %d{dd MMM yyy HH:mm:ss,SSS} - %m%n, filePermissions=null, fileOwner=null]]
	at org.apache.logging.log4j.core.appender.AbstractManager.getManager(AbstractManager.java:148)
	at org.apache.logging.log4j.core.appender.OutputStreamManager.getManager(OutputStreamManager.java:112)
	at org.apache.logging.log4j.core.appender.rolling.RollingFileManager.getFileManager(RollingFileManager.java:307)
	at org.apache.logging.log4j.core.appender.RollingFileAppender$Builder.build(RollingFileAppender.java:144)
	at org.apache.logging.log4j.core.appender.RollingFileAppender$Builder.build(RollingFileAppender.java:65)
	at org.apache.logging.log4j.core.config.plugins.util.PluginBuilder.build(PluginBuilder.java:124)
	at org.apache.logging.log4j.core.config.AbstractConfiguration.createPluginObject(AbstractConfiguration.java:1206)
	at org.apache.logging.log4j.core.config.AbstractConfiguration.createConfiguration(AbstractConfiguration.java:1125)
	at org.apache.logging.log4j.core.config.AbstractConfiguration.createConfiguration(AbstractConfiguration.java:1117)
	at org.apache.logging.log4j.core.config.AbstractConfiguration.doConfigure(AbstractConfiguration.java:715)
	at org.apache.logging.log4j.core.config.AbstractConfiguration.initialize(AbstractConfiguration.java:271)
	at org.apache.logging.log4j.core.config.AbstractConfiguration.start(AbstractConfiguration.java:324)
	at org.apache.logging.log4j.core.LoggerContext.setConfiguration(LoggerContext.java:697)
	at org.apache.logging.log4j.core.LoggerContext.reconfigure(LoggerContext.java:786)
	at org.apache.logging.log4j.core.LoggerContext.reconfigure(LoggerContext.java:808)
	at org.apache.logging.log4j.core.LoggerContext.start(LoggerContext.java:311)
	at org.apache.logging.log4j.core.impl.Log4jContextFactory.getContext(Log4jContextFactory.java:160)
	at org.apache.logging.log4j.core.impl.Log4jContextFactory.getContext(Log4jContextFactory.java:48)
	at org.apache.logging.log4j.LogManager.getContext(LogManager.java:139)
	at org.apache.commons.logging.LogAdapter$Log4jLog.<clinit>(LogAdapter.java:146)
	at org.apache.commons.logging.LogAdapter$Log4jAdapter.createLog(LogAdapter.java:113)
	at org.apache.commons.logging.LogAdapter.createLog(LogAdapter.java:95)
	at org.apache.commons.logging.LogFactoryService.getInstance(LogFactoryService.java:52)
	at org.apache.commons.logging.LogFactoryService.getInstance(LogFactoryService.java:47)
	at org.apache.commons.logging.LogFactory.getLog(LogFactory.java:920)
	at org.springframework.web.context.ContextLoader.initWebApplicationContext(ContextLoader.java:253)
	at org.springframework.web.context.ContextLoaderListener.contextInitialized(ContextLoaderListener.java:126)
	at org.apache.catalina.core.StandardContext.listenerStart(StandardContext.java:4003)
	at org.apache.catalina.core.StandardContext.startInternal(StandardContext.java:4426)
	at org.apache.catalina.util.LifecycleBase.start(LifecycleBase.java:164)
	at org.apache.catalina.core.ContainerBase.addChild(ContainerBase.java:564)
	at org.apache.catalina.core.StandardHost.addChild(StandardHost.java:663)
	at org.apache.catalina.startup.HostConfig.deployDirectory(HostConfig.java:1084)
	at org.apache.catalina.startup.HostConfig$DeployDirectory.run(HostConfig.java:1850)
	at java.base/java.util.concurrent.Executors$RunnableAdapter.call(Executors.java:572)
	at java.base/java.util.concurrent.FutureTask.run(FutureTask.java:317)
	at org.apache.tomcat.util.threads.InlineExecutorService.execute(InlineExecutorService.java:81)
	at java.base/java.util.concurrent.AbstractExecutorService.submit(AbstractExecutorService.java:123)
	at org.apache.catalina.startup.HostConfig.deployDirectories(HostConfig.java:995)
	at org.apache.catalina.startup.HostConfig.deployApps(HostConfig.java:380)
	at org.apache.catalina.startup.HostConfig.start(HostConfig.java:1579)
	at org.apache.catalina.startup.HostConfig.lifecycleEvent(HostConfig.java:262)
	at org.apache.catalina.util.LifecycleBase.fireLifecycleEvent(LifecycleBase.java:109)
	at org.apache.catalina.util.LifecycleBase.setStateInternal(LifecycleBase.java:389)
	at org.apache.catalina.util.LifecycleBase.setState(LifecycleBase.java:336)
	at org.apache.catalina.core.ContainerBase.startInternal(ContainerBase.java:741)
	at org.apache.catalina.core.StandardHost.startInternal(StandardHost.java:780)
	at org.apache.catalina.util.LifecycleBase.start(LifecycleBase.java:164)
	at org.apache.catalina.core.ContainerBase$StartChild.call(ContainerBase.java:1162)
	at org.apache.catalina.core.ContainerBase$StartChild.call(ContainerBase.java:1158)
	at java.base/java.util.concurrent.FutureTask.run(FutureTask.java:317)
	at org.apache.tomcat.util.threads.InlineExecutorService.execute(InlineExecutorService.java:81)
	at java.base/java.util.concurrent.AbstractExecutorService.submit(AbstractExecutorService.java:145)
	at org.apache.catalina.core.ContainerBase.startInternal(ContainerBase.java:714)
	at org.apache.catalina.core.StandardEngine.startInternal(StandardEngine.java:201)
	at org.apache.catalina.util.LifecycleBase.start(LifecycleBase.java:164)
	at org.apache.catalina.core.StandardService.startInternal(StandardService.java:410)
	at org.apache.catalina.util.LifecycleBase.start(LifecycleBase.java:164)
	at org.apache.catalina.core.StandardServer.startInternal(StandardServer.java:864)
	at org.apache.catalina.util.LifecycleBase.start(LifecycleBase.java:164)
	at org.apache.catalina.startup.Catalina.start(Catalina.java:756)
	at java.base/jdk.internal.reflect.DirectMethodHandleAccessor.invoke(DirectMethodHandleAccessor.java:103)
	at java.base/java.lang.reflect.Method.invoke(Method.java:580)
	at org.apache.catalina.startup.Bootstrap.start(Bootstrap.java:339)
	at org.apache.catalina.startup.Bootstrap.main(Bootstrap.java:470)

2026-06-15T11:28:32.443836885Z main ERROR Unable to invoke factory method in class org.apache.logging.log4j.core.appender.RollingFileAppender for element RollingFile: java.lang.IllegalStateException: No factory method found for class org.apache.logging.log4j.core.appender.RollingFileAppender
java.lang.IllegalStateException: No factory method found for class org.apache.logging.log4j.core.appender.RollingFileAppender
	at org.apache.logging.log4j.core.config.plugins.util.PluginBuilder.findFactoryMethod(PluginBuilder.java:268)
	at org.apache.logging.log4j.core.config.plugins.util.PluginBuilder.build(PluginBuilder.java:140)
	at org.apache.logging.log4j.core.config.AbstractConfiguration.createPluginObject(AbstractConfiguration.java:1206)
	at org.apache.logging.log4j.core.config.AbstractConfiguration.createConfiguration(AbstractConfiguration.java:1125)
	at org.apache.logging.log4j.core.config.AbstractConfiguration.createConfiguration(AbstractConfiguration.java:1117)
	at org.apache.logging.log4j.core.config.AbstractConfiguration.doConfigure(AbstractConfiguration.java:715)
	at org.apache.logging.log4j.core.config.AbstractConfiguration.initialize(AbstractConfiguration.java:271)
	at org.apache.logging.log4j.core.config.AbstractConfiguration.start(AbstractConfiguration.java:324)
	at org.apache.logging.log4j.core.LoggerContext.setConfiguration(LoggerContext.java:697)
	at org.apache.logging.log4j.core.LoggerContext.reconfigure(LoggerContext.java:786)
	at org.apache.logging.log4j.core.LoggerContext.reconfigure(LoggerContext.java:808)
	at org.apache.logging.log4j.core.LoggerContext.start(LoggerContext.java:311)
	at org.apache.logging.log4j.core.impl.Log4jContextFactory.getContext(Log4jContextFactory.java:160)
	at org.apache.logging.log4j.core.impl.Log4jContextFactory.getContext(Log4jContextFactory.java:48)
	at org.apache.logging.log4j.LogManager.getContext(LogManager.java:139)
	at org.apache.commons.logging.LogAdapter$Log4jLog.<clinit>(LogAdapter.java:146)
	at org.apache.commons.logging.LogAdapter$Log4jAdapter.createLog(LogAdapter.java:113)
	at org.apache.commons.logging.LogAdapter.createLog(LogAdapter.java:95)
	at org.apache.commons.logging.LogFactoryService.getInstance(LogFactoryService.java:52)
	at org.apache.commons.logging.LogFactoryService.getInstance(LogFactoryService.java:47)
	at org.apache.commons.logging.LogFactory.getLog(LogFactory.java:920)
	at org.springframework.web.context.ContextLoader.initWebApplicationContext(ContextLoader.java:253)
	at org.springframework.web.context.ContextLoaderListener.contextInitialized(ContextLoaderListener.java:126)
	at org.apache.catalina.core.StandardContext.listenerStart(StandardContext.java:4003)
	at org.apache.catalina.core.StandardContext.startInternal(StandardContext.java:4426)
	at org.apache.catalina.util.LifecycleBase.start(LifecycleBase.java:164)
	at org.apache.catalina.core.ContainerBase.addChild(ContainerBase.java:564)
	at org.apache.catalina.core.StandardHost.addChild(StandardHost.java:663)
	at org.apache.catalina.startup.HostConfig.deployDirectory(HostConfig.java:1084)
	at org.apache.catalina.startup.HostConfig$DeployDirectory.run(HostConfig.java:1850)
	at java.base/java.util.concurrent.Executors$RunnableAdapter.call(Executors.java:572)
	at java.base/java.util.concurrent.FutureTask.run(FutureTask.java:317)
	at org.apache.tomcat.util.threads.InlineExecutorService.execute(InlineExecutorService.java:81)
	at java.base/java.util.concurrent.AbstractExecutorService.submit(AbstractExecutorService.java:123)
	at org.apache.catalina.startup.HostConfig.deployDirectories(HostConfig.java:995)
	at org.apache.catalina.startup.HostConfig.deployApps(HostConfig.java:380)
	at org.apache.catalina.startup.HostConfig.start(HostConfig.java:1579)
	at org.apache.catalina.startup.HostConfig.lifecycleEvent(HostConfig.java:262)
	at org.apache.catalina.util.LifecycleBase.fireLifecycleEvent(LifecycleBase.java:109)
	at org.apache.catalina.util.LifecycleBase.setStateInternal(LifecycleBase.java:389)
	at org.apache.catalina.util.LifecycleBase.setState(LifecycleBase.java:336)
	at org.apache.catalina.core.ContainerBase.startInternal(ContainerBase.java:741)
	at org.apache.catalina.core.StandardHost.startInternal(StandardHost.java:780)
	at org.apache.catalina.util.LifecycleBase.start(LifecycleBase.java:164)
	at org.apache.catalina.core.ContainerBase$StartChild.call(ContainerBase.java:1162)
	at org.apache.catalina.core.ContainerBase$StartChild.call(ContainerBase.java:1158)
	at java.base/java.util.concurrent.FutureTask.run(FutureTask.java:317)
	at org.apache.tomcat.util.threads.InlineExecutorService.execute(InlineExecutorService.java:81)
	at java.base/java.util.concurrent.AbstractExecutorService.submit(AbstractExecutorService.java:145)
	at org.apache.catalina.core.ContainerBase.startInternal(ContainerBase.java:714)
	at org.apache.catalina.core.StandardEngine.startInternal(StandardEngine.java:201)
	at org.apache.catalina.util.LifecycleBase.start(LifecycleBase.java:164)
	at org.apache.catalina.core.StandardService.startInternal(StandardService.java:410)
	at org.apache.catalina.util.LifecycleBase.start(LifecycleBase.java:164)
	at org.apache.catalina.core.StandardServer.startInternal(StandardServer.java:864)
	at org.apache.catalina.util.LifecycleBase.start(LifecycleBase.java:164)
	at org.apache.catalina.startup.Catalina.start(Catalina.java:756)
	at java.base/jdk.internal.reflect.DirectMethodHandleAccessor.invoke(DirectMethodHandleAccessor.java:103)
	at java.base/java.lang.reflect.Method.invoke(Method.java:580)
	at org.apache.catalina.startup.Bootstrap.start(Bootstrap.java:339)
	at org.apache.catalina.startup.Bootstrap.main(Bootstrap.java:470)

2026-06-15T11:28:32.444597880Z main DEBUG Building Plugin[name=Appenders, class=org.apache.logging.log4j.core.config.AppendersPlugin].
2026-06-15T11:28:32.444879036Z main ERROR Null object returned for RollingFile in Appenders.
2026-06-15T11:28:32.445001222Z main DEBUG createAppenders(={CONSOLE, })
2026-06-15T11:28:32.445200988Z main DEBUG Building Plugin[name=AppenderRef, class=org.apache.logging.log4j.core.config.AppenderRef].
2026-06-15T11:28:32.445542871Z main DEBUG createAppenderRef(ref="RollingFile", level="null", Filter=null)
2026-06-15T11:28:32.446645343Z main DEBUG Building Plugin[name=Logger, class=org.apache.logging.log4j.core.config.LoggerConfig].
2026-06-15T11:28:32.448682120Z main DEBUG LoggerConfig$Builder(additivity="null", level="INFO", levelAndRefs="null", name="com.opentext.oesConnector", includeLocation="null", ={RollingFile}, ={}, Configuration(/opt/tomcat/webapps/oes-connector/WEB-INF/classes/log4j2.xml), Filter=null)
2026-06-15T11:28:32.450144013Z main DEBUG Building Plugin[name=AppenderRef, class=org.apache.logging.log4j.core.config.AppenderRef].
2026-06-15T11:28:32.450378617Z main DEBUG createAppenderRef(ref="RollingFile", level="null", Filter=null)
2026-06-15T11:28:32.450495677Z main DEBUG Building Plugin[name=Logger, class=org.apache.logging.log4j.core.config.LoggerConfig].
2026-06-15T11:28:32.450760897Z main DEBUG LoggerConfig$Builder(additivity="null", level="INFO", levelAndRefs="null", name="com.opentext.vaultConnector", includeLocation="null", ={RollingFile}, ={}, Configuration(/opt/tomcat/webapps/oes-connector/WEB-INF/classes/log4j2.xml), Filter=null)
2026-06-15T11:28:32.450941403Z main DEBUG Building Plugin[name=AppenderRef, class=org.apache.logging.log4j.core.config.AppenderRef].
2026-06-15T11:28:32.451146294Z main DEBUG createAppenderRef(ref="RollingFile", level="null", Filter=null)
2026-06-15T11:28:32.451254182Z main DEBUG Building Plugin[name=Logger, class=org.apache.logging.log4j.core.config.LoggerConfig].
2026-06-15T11:28:32.451583636Z main DEBUG LoggerConfig$Builder(additivity="null", level="INFO", levelAndRefs="null", name="com.opentext.dctmclient", includeLocation="null", ={RollingFile}, ={}, Configuration(/opt/tomcat/webapps/oes-connector/WEB-INF/classes/log4j2.xml), Filter=null)
2026-06-15T11:28:32.451757030Z main DEBUG Building Plugin[name=AppenderRef, class=org.apache.logging.log4j.core.config.AppenderRef].
2026-06-15T11:28:32.451955049Z main DEBUG createAppenderRef(ref="CONSOLE", level="null", Filter=null)
2026-06-15T11:28:32.452067172Z main DEBUG Building Plugin[name=Root, class=org.apache.logging.log4j.core.config.LoggerConfig$RootLogger].
2026-06-15T11:28:32.453234830Z main DEBUG LoggerConfig$RootLogger$Builder(additivity="null", level="WARN", levelAndRefs="null", includeLocation="null", ={CONSOLE}, ={}, Configuration(/opt/tomcat/webapps/oes-connector/WEB-INF/classes/log4j2.xml), Filter=null)
2026-06-15T11:28:32.453443188Z main DEBUG Building Plugin[name=Loggers, class=org.apache.logging.log4j.core.config.LoggersPlugin].
2026-06-15T11:28:32.453967485Z main DEBUG createLoggers(={com.opentext.oesConnector, com.opentext.vaultConnector, com.opentext.dctmclient, root})
2026-06-15T11:28:32.454229449Z main ERROR Unable to locate appender "RollingFile" for logger config "com.opentext.dctmclient"
2026-06-15T11:28:32.454335279Z main ERROR Unable to locate appender "RollingFile" for logger config "com.opentext.oesConnector"
2026-06-15T11:28:32.454419290Z main ERROR Unable to locate appender "RollingFile" for logger config "com.opentext.vaultConnector"
2026-06-15T11:28:32.455151701Z main DEBUG Configuration XmlConfiguration[location=/opt/tomcat/webapps/oes-connector/WEB-INF/classes/log4j2.xml, lastModified=2026-01-09T13:10:58Z] initialized
2026-06-15T11:28:32.455272749Z main INFO Starting configuration XmlConfiguration[location=/opt/tomcat/webapps/oes-connector/WEB-INF/classes/log4j2.xml, lastModified=2026-01-09T13:10:58Z]...
2026-06-15T11:28:32.455499270Z main INFO Start watching for changes to [/opt/tomcat/webapps/oes-connector/WEB-INF/classes/log4j2.xml] every 60 seconds
2026-06-15T11:28:32.456017938Z main DEBUG Log4j2 ConfigurationScheduler starting 1 threads
2026-06-15T11:28:32.456638539Z main INFO Configuration XmlConfiguration[location=/opt/tomcat/webapps/oes-connector/WEB-INF/classes/log4j2.xml, lastModified=2026-01-09T13:10:58Z] started.
2026-06-15T11:28:32.459340104Z main INFO Stopping configuration org.apache.logging.log4j.core.config.DefaultConfiguration@73c4cb8...
2026-06-15T11:28:32.459542767Z main DEBUG Shutting down OutputStreamManager SYSTEM_OUT.false.false-1
2026-06-15T11:28:32.459675709Z main DEBUG OutputStream closed
2026-06-15T11:28:32.459781550Z main DEBUG Shut down OutputStreamManager SYSTEM_OUT.false.false-1, all resources released: true
2026-06-15T11:28:32.459892955Z main DEBUG Appender DefaultConsole-1 stopped with status true
2026-06-15T11:28:32.460015806Z main INFO Configuration org.apache.logging.log4j.core.config.DefaultConfiguration@73c4cb8 stopped.
2026-06-15T11:28:32.462597569Z main DEBUG org.apache.logging.log4j.core.util.SystemClock supports precise timestamps.
2026-06-15T11:28:32.462878549Z main DEBUG Reconfiguration complete for context[name=5b67bb7e] at URI /opt/tomcat/webapps/oes-connector/WEB-INF/classes/log4j2.xml (org.apache.logging.log4j.core.LoggerContext@48195a26) with optional ClassLoader: null
2026-06-15T11:28:32.463002350Z main DEBUG Shutdown hook enabled. Registering a new one.
2026-06-15T11:28:32.463696231Z main DEBUG LoggerContext[name=5b67bb7e, org.apache.logging.log4j.core.LoggerContext@48195a26] started OK.
WARN : [main]: org.springframework.context.support.PostProcessorRegistrationDelegate$BeanPostProcessorChecker.postProcessAfterInitialization - 15 Jun 2026 11:28:35,746 - Bean 'taskExecutor' of type [org.springframework.scheduling.concurrent.ThreadPoolTaskExecutor] is not eligible for getting processed by all BeanPostProcessors (for example: not eligible for auto-proxying). Is this bean getting eagerly injected/applied to a currently created BeanPostProcessor [org.springframework.context.annotation.internalAsyncAnnotationProcessor]? Check the corresponding BeanPostProcessor declaration and its dependencies/advisors. If this bean does not have to be post-processed, declare it with ROLE_INFRASTRUCTURE.
2026-06-15T11:28:35.750381783Z main DEBUG AsyncLogger.ThreadNameStrategy=UNCACHED (user specified null, default is UNCACHED)
2026-06-15T11:28:35.750661660Z main DEBUG org.apache.logging.log4j.core.util.SystemClock supports precise timestamps.
WARN : [main]: org.springframework.context.support.PostProcessorRegistrationDelegate$BeanPostProcessorChecker.postProcessAfterInitialization - 15 Jun 2026 11:28:35,754 - Bean 'securityAsyncExecutor' of type [org.springframework.security.task.DelegatingSecurityContextAsyncTaskExecutor] is not eligible for getting processed by all BeanPostProcessors (for example: not eligible for auto-proxying). Is this bean getting eagerly injected/applied to a currently created BeanPostProcessor [org.springframework.context.annotation.internalAsyncAnnotationProcessor]? Check the corresponding BeanPostProcessor declaration and its dependencies/advisors. If this bean does not have to be post-processed, declare it with ROLE_INFRASTRUCTURE.
INFO : [main]: com.opentext.vaultConnector.utils.VaultEnabledStatus.isVaultFeatureEnabled - 15 Jun 2026 11:28:36,366 - checking vault is enabled or not
INFO : [main]: com.opentext.vaultConnector.utils.VaultProperties.getVaultServicePath - 15 Jun 2026 11:28:36,430 - vault service path/opt/OES-install/dsis/application.properties
INFO : [main]: com.opentext.vaultConnector.utils.VaultEnabledStatus.isVaultFeatureEnabled - 15 Jun 2026 11:28:36,431 - vault properties file not found, if vault is enabled ensure that the properties file is present
INFO : [main]: com.opentext.vaultConnector.utils.VaultEnabledStatus.isVaultFeatureEnabled - 15 Jun 2026 11:28:36,431 - Vault enabled status: false
WARN : [main]: org.springframework.security.config.http.DefaultFilterChainValidator.checkForDuplicates - 15 Jun 2026 11:28:42,840 - Possible error: Filters at position 5 and 6 are both instances of org.springframework.security.web.authentication.www.BasicAuthenticationFilter
WARN : [main]: org.springframework.security.config.http.DefaultFilterChainValidator.checkForDuplicates - 15 Jun 2026 11:28:42,840 - Possible error: Filters at position 7 and 8 are both instances of org.springframework.security.web.authentication.www.BasicAuthenticationFilter
WARN : [main]: org.springframework.security.config.http.DefaultFilterChainValidator.checkForDuplicates - 15 Jun 2026 11:28:42,840 - Possible error: Filters at position 7 and 8 are both instances of org.springframework.security.web.authentication.www.BasicAuthenticationFilter
INFO : [main]: com.opentext.oesConnector.connector.listener.SyncAgentAppListener.onApplicationEvent - 15 Jun 2026 11:28:43,030 - SyncAgentAppListener.onApplicationEvent is called
INFO : [main]: com.opentext.oesConnector.connector.listener.SyncAgentAppListener.onApplicationEvent - 15 Jun 2026 11:28:43,031 - SyncAgentAppListener.onApplicationEvent - database schema is checked.
INFO : [pool-2-thread-1]: com.opentext.oesConnector.connector.util.OESAuthUtil.getAuthToken - 15 Jun 2026 11:28:43,036 - OES is checking password update
INFO : [main]: com.opentext.oesConnector.connector.listener.SyncAgentAppListener.onApplicationEvent - 15 Jun 2026 11:28:43,340 - SyncAgentAppListener.onApplicationEvent is called
INFO : [main]: com.opentext.oesConnector.connector.listener.SyncAgentAppListener.onApplicationEvent - 15 Jun 2026 11:28:43,341 - SyncAgentAppListener.onApplicationEvent - database schema is checked.
INFO : [main]: com.opentext.oesConnector.connector.listener.SyncAgentAppListener.onApplicationEvent - 15 Jun 2026 11:28:43,341 - sharesscheduler already started
INFO : [main]: com.opentext.oesConnector.connector.listener.SyncAgentAppListener.startTasksSchedular - 15 Jun 2026 11:28:43,341 - Failed to start tasks' scheduler: Unable to store Job : 'task_group_executors.task_job_0', because one already exists with this identification.
15-Jun-2026 11:28:43.440 INFO [main] org.apache.catalina.startup.HostConfig.deployDirectory Deployment of web application directory [/opt/tomcat/webapps/oes-connector] has finished in [20,778] ms
15-Jun-2026 11:28:43.442 INFO [main] org.apache.coyote.AbstractProtocol.start Starting ProtocolHandler ["http-nio-8080"]
15-Jun-2026 11:28:43.452 INFO [main] org.apache.catalina.startup.Catalina.start Server startup in [20913] milliseconds
INFO : [pool-2-thread-1]: com.opentext.oesConnector.connector.util.OESAuthUtil.getAuthToken - 15 Jun 2026 11:28:53,139 - OES User password is not updated , will wait for 10 seconds and try to connect 
INFO : [pool-2-thread-1]: com.opentext.oesConnector.connector.util.OESAuthUtil.getAuthToken - 15 Jun 2026 11:29:03,139 - OES configurations are not updated , will wait for 10 seconds and try to connect 
INFO : [pool-2-thread-1]: com.opentext.oesConnector.connector.util.OESAuthUtil.getAuthToken - 15 Jun 2026 11:29:13,143 - OES User password is not updated , will wait for 10 seconds and try to connect 
INFO : [pool-2-thread-1]: com.opentext.oesConnector.connector.util.OESAuthUtil.getAuthToken - 15 Jun 2026 11:29:23,143 - OES configurations are not updated , will wait for 10 seconds and try to connect 
INFO : [pool-2-thread-1]: com.opentext.oesConnector.connector.util.OESAuthUtil.getAuthToken - 15 Jun 2026 11:29:33,146 - OES User password is not updated , will wait for 10 seconds and try to connect 
INFO : [pool-2-thread-1]: com.opentext.oesConnector.connector.util.OESAuthUtil.getAuthToken - 15 Jun 2026 11:29:43,147 - OES configurations are not updated , will wait for 10 seconds and try to connect 
INFO : [pool-2-thread-1]: com.opentext.oesConnector.connector.util.OESAuthUtil.getAuthToken - 15 Jun 2026 11:29:53,148 - OES User password is not updated , will wait for 10 seconds and try to connect 
INFO : [pool-2-thread-1]: com.opentext.oesConnector.connector.util.OESAuthUtil.getAuthToken - 15 Jun 2026 11:30:03,148 - OES configurations are not updated , will wait for 10 seconds and try to connect 
INFO : [pool-2-thread-1]: com.opentext.oesConnector.connector.util.OESAuthUtil.getAuthToken - 15 Jun 2026 11:30:13,150 - OES User password is not updated , will wait for 10 seconds and try to connect 
INFO : [pool-2-thread-1]: com.opentext.oesConnector.connector.util.OESAuthUtil.getAuthToken - 15 Jun 2026 11:30:23,150 - OES configurations are not updated , will wait for 10 seconds and try to connect 
INFO : [pool-2-thread-1]: com.opentext.oesConnector.connector.util.OESAuthUtil.getAuthToken - 15 Jun 2026 11:30:33,153 - OES User password is not updated , will wait for 10 seconds and try to connect 
INFO : [pool-2-thread-1]: com.opentext.oesConnector.connector.util.OESAuthUtil.getAuthToken - 15 Jun 2026 11:30:43,154 - OES configurations are not updated , will wait for 10 seconds and try to connect 
INFO : [pool-2-thread-1]: com.opentext.oesConnector.connector.util.OESAuthUtil.getAuthToken - 15 Jun 2026 11:30:53,155 - OES User password is not updated , will wait for 10 seconds and try to connect 
INFO : [pool-2-thread-1]: com.opentext.oesConnector.connector.util.OESAuthUtil.getAuthToken - 15 Jun 2026 11:31:03,155 - OES configurations are not updated , will wait for 10 seconds and try to connect 
INFO : [pool-2-thread-1]: com.opentext.oesConnector.connector.util.OESAuthUtil.getAuthToken - 15 Jun 2026 11:31:13,157 - OES User password is not updated , will wait for 10 seconds and try to connect 
INFO : [pool-2-thread-1]: com.opentext.oesConnector.connector.util.OESAuthUtil.getAuthToken - 15 Jun 2026 11:31:23,157 - OES configurations are not updated , will wait for 10 seconds and try to connect 
INFO : [pool-2-thread-1]: com.opentext.oesConnector.connector.util.OESAuthUtil.getAuthToken - 15 Jun 2026 11:31:33,160 - OES User password is not updated , will wait for 10 seconds and try to connect 
INFO : [pool-2-thread-1]: com.opentext.oesConnector.connector.util.OESAuthUtil.getAuthToken - 15 Jun 2026 11:31:43,160 - OES configurations are not updated , will wait for 10 seconds and try to connect 
INFO : [pool-2-thread-1]: com.opentext.oesConnector.connector.util.OESAuthUtil.getAuthToken - 15 Jun 2026 11:31:53,161 - OES User password is not updated , will wait for 10 seconds and try to connect 
INFO : [pool-2-thread-1]: com.opentext.oesConnector.connector.util.OESAuthUtil.getAuthToken - 15 Jun 2026 11:32:03,162 - OES configurations are not updated , will wait for 10 seconds and try to connect 
INFO : [pool-2-thread-1]: com.opentext.oesConnector.connector.util.OESAuthUtil.getAuthToken - 15 Jun 2026 11:32:13,163 - OES User password is not updated , will wait for 10 seconds and try to connect 
WARN : [http-nio-8080-exec-1]: org.springframework.web.servlet.handler.HandlerMappingIntrospector.logCacheMiss - 15 Jun 2026 11:32:16,145 - Cache miss for REQUEST dispatch to '/oes-connector/health' (previous null). Performing MatchableHandlerMapping lookup. This is logged once only at WARN level, and every time at TRACE.
INFO : [pool-2-thread-1]: com.opentext.oesConnector.connector.util.OESAuthUtil.getAuthToken - 15 Jun 2026 11:32:23,163 - OES configurations are not updated , will wait for 10 seconds and try to connect 
INFO : [pool-2-thread-1]: com.opentext.oesConnector.connector.util.OESAuthUtil.getAuthToken - 15 Jun 2026 11:32:33,166 - OES User password is not updated , will wait for 10 seconds and try to connect 
INFO : [pool-2-thread-1]: com.opentext.oesConnector.connector.util.OESAuthUtil.getAuthToken - 15 Jun 2026 11:32:43,166 - OES configurations are not updated , will wait for 10 seconds and try to connect 
INFO : [pool-2-thread-1]: com.opentext.oesConnector.connector.util.OESAuthUtil.getAuthToken - 15 Jun 2026 11:32:53,169 - OES User password is not updated , will wait for 10 seconds and try to connect 
INFO : [pool-2-thread-1]: com.opentext.oesConnector.connector.util.OESAuthUtil.getAuthToken - 15 Jun 2026 11:33:03,169 - OES configurations are not updated , will wait for 10 seconds and try to connect 
INFO : [pool-2-thread-1]: com.opentext.oesConnector.connector.util.OESAuthUtil.getAuthToken - 15 Jun 2026 11:33:13,172 - OES User password is not updated , will wait for 10 seconds and try to connect 
INFO : [pool-2-thread-1]: com.opentext.oesConnector.connector.util.OESAuthUtil.getAuthToken - 15 Jun 2026 11:33:23,172 - OES configurations are not updated , will wait for 10 seconds and try to connect 
INFO : [pool-2-thread-1]: com.opentext.oesConnector.connector.util.OESAuthUtil.getAuthToken - 15 Jun 2026 11:33:33,173 - OES User password is not updated , will wait for 10 seconds and try to connect 
INFO : [pool-2-thread-1]: com.opentext.oesConnector.connector.util.OESAuthUtil.getAuthToken - 15 Jun 2026 11:33:43,173 - OES configurations are not updated , will wait for 10 seconds and try to connect 
INFO : [pool-2-thread-1]: com.opentext.oesConnector.connector.util.OESAuthUtil.getAuthToken - 15 Jun 2026 11:33:53,174 - OES User password is not updated , will wait for 10 seconds and try to connect 
INFO : [pool-2-thread-1]: com.opentext.oesConnector.connector.util.OESAuthUtil.getAuthToken - 15 Jun 2026 11:34:03,175 - OES configurations are not updated , will wait for 10 seconds and try to connect 
INFO : [pool-2-thread-1]: com.opentext.oesConnector.connector.util.OESAuthUtil.getAuthToken - 15 Jun 2026 11:34:13,177 - OES User password is not updated , will wait for 10 seconds and try to connect 
INFO : [pool-2-thread-1]: com.opentext.oesConnector.connector.util.OESAuthUtil.getAuthToken - 15 Jun 2026 11:34:23,177 - OES configurations are not updated , will wait for 10 seconds and try to connect 
INFO : [pool-2-thread-1]: com.opentext.oesConnector.connector.util.OESAuthUtil.getAuthToken - 15 Jun 2026 11:34:33,178 - OES User password is not updated , will wait for 10 seconds and try to connect 
INFO : [pool-2-thread-1]: com.opentext.oesConnector.connector.util.OESAuthUtil.getAuthToken - 15 Jun 2026 11:34:43,179 - OES configurations are not updated , will wait for 10 seconds and try to connect 
INFO : [pool-2-thread-1]: com.opentext.oesConnector.connector.util.OESAuthUtil.getAuthToken - 15 Jun 2026 11:34:53,179 - OES User password is not updated , will wait for 10 seconds and try to connect 
INFO : [pool-2-thread-1]: com.opentext.oesConnector.connector.util.OESAuthUtil.getAuthToken - 15 Jun 2026 11:35:03,180 - OES configurations are not updated , will wait for 10 seconds and try to connect 
INFO : [pool-2-thread-1]: com.opentext.oesConnector.connector.util.OESAuthUtil.getAuthToken - 15 Jun 2026 11:35:13,182 - OES User password is not updated , will wait for 10 seconds and try to connect 
INFO : [pool-2-thread-1]: com.opentext.oesConnector.connector.util.OESAuthUtil.getAuthToken - 15 Jun 2026 11:35:23,183 - OES configurations are not updated , will wait for 10 seconds and try to connect 
INFO : [pool-2-thread-1]: com.opentext.oesConnector.connector.util.OESAuthUtil.getAuthToken - 15 Jun 2026 11:35:33,184 - OES User password is not updated , will wait for 10 seconds and try to connect 
INFO : [pool-2-thread-1]: com.opentext.oesConnector.connector.util.OESAuthUtil.getAuthToken - 15 Jun 2026 11:35:43,184 - OES configurations are not updated , will wait for 10 seconds and try to connect 
INFO : [pool-2-thread-1]: com.opentext.oesConnector.connector.util.OESAuthUtil.getAuthToken - 15 Jun 2026 11:35:53,185 - OES User password is not updated , will wait for 10 seconds and try to connect 
INFO : [pool-2-thread-1]: com.opentext.oesConnector.connector.util.OESAuthUtil.getAuthToken - 15 Jun 2026 11:36:03,185 - OES configurations are not updated , will wait for 10 seconds and try to connect 
INFO : [pool-2-thread-1]: com.opentext.oesConnector.connector.util.OESAuthUtil.getAuthToken - 15 Jun 2026 11:36:13,188 - OES User password is not updated , will wait for 10 seconds and try to connect 
INFO : [pool-2-thread-1]: com.opentext.oesConnector.connector.util.OESAuthUtil.getAuthToken - 15 Jun 2026 11:36:23,188 - OES configurations are not updated , will wait for 10 seconds and try to connect 
INFO : [pool-2-thread-1]: com.opentext.oesConnector.connector.util.OESAuthUtil.getAuthToken - 15 Jun 2026 11:36:33,189 - OES User password is not updated , will wait for 10 seconds and try to connect 
INFO : [pool-2-thread-1]: com.opentext.oesConnector.connector.util.OESAuthUtil.getAuthToken - 15 Jun 2026 11:36:43,189 - OES configurations are not updated , will wait for 10 seconds and try to connect 
INFO : [pool-2-thread-1]: com.opentext.oesConnector.connector.util.OESAuthUtil.getAuthToken - 15 Jun 2026 11:36:53,190 - OES User password is not updated , will wait for 10 seconds and try to connect 
INFO : [pool-2-thread-1]: com.opentext.oesConnector.connector.util.OESAuthUtil.getAuthToken - 15 Jun 2026 11:37:03,190 - OES configurations are not updated , will wait for 10 seconds and try to connect 
INFO : [pool-2-thread-1]: com.opentext.oesConnector.connector.util.OESAuthUtil.getAuthToken - 15 Jun 2026 11:37:13,192 - OES User password is not updated , will wait for 10 seconds and try to connect 
INFO : [pool-2-thread-1]: com.opentext.oesConnector.connector.util.OESAuthUtil.getAuthToken - 15 Jun 2026 11:37:23,192 - OES configurations are not updated , will wait for 10 seconds and try to connect 
INFO : [pool-2-thread-1]: com.opentext.oesConnector.connector.util.OESAuthUtil.getAuthToken - 15 Jun 2026 11:37:33,194 - OES User password is not updated , will wait for 10 seconds and try to connect 
INFO : [pool-2-thread-1]: com.opentext.oesConnector.connector.util.OESAuthUtil.getAuthToken - 15 Jun 2026 11:37:43,194 - OES configurations are not updated , will wait for 10 seconds and try to connect 
INFO : [pool-2-thread-1]: com.opentext.oesConnector.connector.util.OESAuthUtil.getAuthToken - 15 Jun 2026 11:37:53,195 - OES User password is not updated , will wait for 10 seconds and try to connect 
INFO : [pool-2-thread-1]: com.opentext.oesConnector.connector.util.OESAuthUtil.getAuthToken - 15 Jun 2026 11:38:03,195 - OES configurations are not updated , will wait for 10 seconds and try to connect 
INFO : [pool-2-thread-1]: com.opentext.oesConnector.connector.util.OESAuthUtil.getAuthToken - 15 Jun 2026 11:38:13,197 - OES User password is not updated , will wait for 10 seconds and try to connect 
INFO : [pool-2-thread-1]: com.opentext.oesConnector.connector.util.OESAuthUtil.getAuthToken - 15 Jun 2026 11:38:23,197 - OES configurations are not updated , will wait for 10 seconds and try to connect 
INFO : [pool-2-thread-1]: com.opentext.oesConnector.connector.util.OESAuthUtil.getAuthToken - 15 Jun 2026 11:38:33,199 - OES User password is not updated , will wait for 10 seconds and try to connect 
INFO : [pool-2-thread-1]: com.opentext.oesConnector.connector.util.OESAuthUtil.getAuthToken - 15 Jun 2026 11:38:43,199 - OES configurations are not updated , will wait for 10 seconds and try to connect 
INFO : [pool-2-thread-1]: com.opentext.oesConnector.connector.util.OESAuthUtil.getAuthToken - 15 Jun 2026 11:38:53,202 - OES User password is not updated , will wait for 10 seconds and try to connect 
INFO : [pool-2-thread-1]: com.opentext.oesConnector.connector.util.OESAuthUtil.getAuthToken - 15 Jun 2026 11:39:03,202 - OES configurations are not updated , will wait for 10 seconds and try to connect 
INFO : [pool-2-thread-1]: com.opentext.oesConnector.connector.util.OESAuthUtil.getAuthToken - 15 Jun 2026 11:39:13,203 - OES User password is not updated , will wait for 10 seconds and try to connect 
INFO : [pool-2-thread-1]: com.opentext.oesConnector.connector.util.OESAuthUtil.getAuthToken - 15 Jun 2026 11:39:23,204 - OES configurations are not updated , will wait for 10 seconds and try to connect 
INFO : [pool-2-thread-1]: com.opentext.oesConnector.connector.util.OESAuthUtil.getAuthToken - 15 Jun 2026 11:39:33,204 - OES User password is not updated , will wait for 10 seconds and try to connect 
INFO : [pool-2-thread-1]: com.opentext.oesConnector.connector.util.OESAuthUtil.getAuthToken - 15 Jun 2026 11:39:43,205 - OES configurations are not updated , will wait for 10 seconds and try to connect 
INFO : [pool-2-thread-1]: com.opentext.oesConnector.connector.util.OESAuthUtil.getAuthToken - 15 Jun 2026 11:39:53,207 - OES User password is not updated , will wait for 10 seconds and try to connect 
INFO : [pool-2-thread-1]: com.opentext.oesConnector.connector.util.OESAuthUtil.getAuthToken - 15 Jun 2026 11:40:03,207 - OES configurations are not updated , will wait for 10 seconds and try to connect 
INFO : [pool-2-thread-1]: com.opentext.oesConnector.connector.util.OESAuthUtil.getAuthToken - 15 Jun 2026 11:40:13,208 - OES User password is not updated , will wait for 10 seconds and try to connect 
INFO : [pool-2-thread-1]: com.opentext.oesConnector.connector.util.OESAuthUtil.getAuthToken - 15 Jun 2026 11:40:23,208 - OES configurations are not updated , will wait for 10 seconds and try to connect 
INFO : [pool-2-thread-1]: com.opentext.oesConnector.connector.util.OESAuthUtil.getAuthToken - 15 Jun 2026 11:40:33,209 - OES User password is not updated , will wait for 10 seconds and try to connect 
INFO : [pool-2-thread-1]: com.opentext.oesConnector.connector.util.OESAuthUtil.getAuthToken - 15 Jun 2026 11:40:43,210 - OES configurations are not updated , will wait for 10 seconds and try to connect 
INFO : [pool-2-thread-1]: com.opentext.oesConnector.connector.util.OESAuthUtil.getAuthToken - 15 Jun 2026 11:40:53,212 - OES User password is not updated , will wait for 10 seconds and try to connect 
INFO : [pool-2-thread-1]: com.opentext.oesConnector.connector.util.OESAuthUtil.getAuthToken - 15 Jun 2026 11:41:03,212 - OES configurations are not updated , will wait for 10 seconds and try to connect 
INFO : [pool-2-thread-1]: com.opentext.oesConnector.connector.util.OESAuthUtil.getAuthToken - 15 Jun 2026 11:41:13,213 - OES User password is not updated , will wait for 10 seconds and try to connect 
INFO : [pool-2-thread-1]: com.opentext.oesConnector.connector.util.OESAuthUtil.getAuthToken - 15 Jun 2026 11:41:23,213 - OES configurations are not updated , will wait for 10 seconds and try to connect 
INFO : [pool-2-thread-1]: com.opentext.oesConnector.connector.util.OESAuthUtil.getAuthToken - 15 Jun 2026 11:41:33,214 - OES User password is not updated , will wait for 10 seconds and try to connect 
INFO : [pool-2-thread-1]: com.opentext.oesConnector.connector.util.OESAuthUtil.getAuthToken - 15 Jun 2026 11:41:43,214 - OES configurations are not updated , will wait for 10 seconds and try to connect 
INFO : [pool-2-thread-1]: com.opentext.oesConnector.connector.util.OESAuthUtil.getAuthToken - 15 Jun 2026 11:41:53,216 - OES User password is not updated , will wait for 10 seconds and try to connect 
INFO : [pool-2-thread-1]: com.opentext.oesConnector.connector.util.OESAuthUtil.getAuthToken - 15 Jun 2026 11:42:03,217 - OES configurations are not updated , will wait for 10 seconds and try to connect 
INFO : [pool-2-thread-1]: com.opentext.oesConnector.connector.util.OESAuthUtil.getAuthToken - 15 Jun 2026 11:42:13,218 - OES User password is not updated , will wait for 10 seconds and try to connect 
INFO : [pool-2-thread-1]: com.opentext.oesConnector.connector.util.OESAuthUtil.getAuthToken - 15 Jun 2026 11:42:23,218 - OES configurations are not updated , will wait for 10 seconds and try to connect 
INFO : [pool-2-thread-1]: com.opentext.oesConnector.connector.util.OESAuthUtil.getAuthToken - 15 Jun 2026 11:42:33,219 - OES User password is not updated , will wait for 10 seconds and try to connect 
INFO : [pool-2-thread-1]: com.opentext.oesConnector.connector.util.OESAuthUtil.getAuthToken - 15 Jun 2026 11:42:43,219 - OES configurations are not updated , will wait for 10 seconds and try to connect 
INFO : [pool-2-thread-1]: com.opentext.oesConnector.connector.util.OESAuthUtil.getAuthToken - 15 Jun 2026 11:42:53,221 - OES User password is not updated , will wait for 10 seconds and try to connect 
INFO : [pool-2-thread-1]: com.opentext.oesConnector.connector.util.OESAuthUtil.getAuthToken - 15 Jun 2026 11:43:03,221 - OES configurations are not updated , will wait for 10 seconds and try to connect 
INFO : [pool-2-thread-1]: com.opentext.oesConnector.connector.util.OESAuthUtil.getAuthToken - 15 Jun 2026 11:43:13,222 - OES User password is not updated , will wait for 10 seconds and try to connect 
INFO : [pool-2-thread-1]: com.opentext.oesConnector.connector.util.OESAuthUtil.getAuthToken - 15 Jun 2026 11:43:23,222 - OES configurations are not updated , will wait for 10 seconds and try to connect 
INFO : [pool-2-thread-1]: com.opentext.oesConnector.connector.util.OESAuthUtil.getAuthToken - 15 Jun 2026 11:43:33,223 - OES User password is not updated , will wait for 10 seconds and try to connect 
INFO : [pool-2-thread-1]: com.opentext.oesConnector.connector.util.OESAuthUtil.getAuthToken - 15 Jun 2026 11:43:43,223 - OES configurations are not updated , will wait for 10 seconds and try to connect 
INFO : [pool-2-thread-1]: com.opentext.oesConnector.connector.util.OESAuthUtil.getAuthToken - 15 Jun 2026 11:43:53,225 - OES User password is not updated , will wait for 10 seconds and try to connect 
INFO : [pool-2-thread-1]: com.opentext.oesConnector.connector.util.OESAuthUtil.getAuthToken - 15 Jun 2026 11:44:03,226 - OES configurations are not updated , will wait for 10 seconds and try to connect 
INFO : [pool-2-thread-1]: com.opentext.oesConnector.connector.util.OESAuthUtil.getAuthToken - 15 Jun 2026 11:44:13,227 - OES User password is not updated , will wait for 10 seconds and try to connect 
INFO : [pool-2-thread-1]: com.opentext.oesConnector.connector.util.OESAuthUtil.getAuthToken - 15 Jun 2026 11:44:23,227 - OES configurations are not updated , will wait for 10 seconds and try to connect 
INFO : [pool-2-thread-1]: com.opentext.oesConnector.connector.util.OESAuthUtil.getAuthToken - 15 Jun 2026 11:44:33,228 - OES User password is not updated , will wait for 10 seconds and try to connect 
INFO : [pool-2-thread-1]: com.opentext.oesConnector.connector.util.OESAuthUtil.getAuthToken - 15 Jun 2026 11:44:43,228 - OES configurations are not updated , will wait for 10 seconds and try to connect 
INFO : [pool-2-thread-1]: com.opentext.oesConnector.connector.util.OESAuthUtil.getAuthToken - 15 Jun 2026 11:44:53,230 - OES User password is not updated , will wait for 10 seconds and try to connect 
INFO : [pool-2-thread-1]: com.opentext.oesConnector.connector.util.OESAuthUtil.getAuthToken - 15 Jun 2026 11:45:03,230 - OES configurations are not updated , will wait for 10 seconds and try to connect 
INFO : [pool-2-thread-1]: com.opentext.oesConnector.connector.util.OESAuthUtil.getAuthToken - 15 Jun 2026 11:45:13,231 - OES User password is not updated , will wait for 10 seconds and try to connect 
INFO : [pool-2-thread-1]: com.opentext.oesConnector.connector.util.OESAuthUtil.getAuthToken - 15 Jun 2026 11:45:23,231 - OES configurations are not updated , will wait for 10 seconds and try to connect 
INFO : [pool-2-thread-1]: com.opentext.oesConnector.connector.util.OESAuthUtil.getAuthToken - 15 Jun 2026 11:45:33,232 - OES User password is not updated , will wait for 10 seconds and try to connect 
INFO : [pool-2-thread-1]: com.opentext.oesConnector.connector.util.OESAuthUtil.getAuthToken - 15 Jun 2026 11:45:43,232 - OES configurations are not updated , will wait for 10 seconds and try to connect 
INFO : [pool-2-thread-1]: com.opentext.oesConnector.connector.util.OESAuthUtil.getAuthToken - 15 Jun 2026 11:45:53,234 - OES User password is not updated , will wait for 10 seconds and try to connect 
INFO : [pool-2-thread-1]: com.opentext.oesConnector.connector.util.OESAuthUtil.getAuthToken - 15 Jun 2026 11:46:03,235 - OES configurations are not updated , will wait for 10 seconds and try to connect 
INFO : [pool-2-thread-1]: com.opentext.oesConnector.connector.util.OESAuthUtil.getAuthToken - 15 Jun 2026 11:46:13,235 - OES User password is not updated , will wait for 10 seconds and try to connect 
INFO : [pool-2-thread-1]: com.opentext.oesConnector.connector.util.OESAuthUtil.getAuthToken - 15 Jun 2026 11:46:23,236 - OES configurations are not updated , will wait for 10 seconds and try to connect 
INFO : [pool-2-thread-1]: com.opentext.oesConnector.connector.util.OESAuthUtil.getAuthToken - 15 Jun 2026 11:46:33,236 - OES User password is not updated , will wait for 10 seconds and try to connect 
INFO : [pool-2-thread-1]: com.opentext.oesConnector.connector.util.OESAuthUtil.getAuthToken - 15 Jun 2026 11:46:43,237 - OES configurations are not updated , will wait for 10 seconds and try to connect 
INFO : [pool-2-thread-1]: com.opentext.oesConnector.connector.util.OESAuthUtil.getAuthToken - 15 Jun 2026 11:46:53,238 - OES User password is not updated , will wait for 10 seconds and try to connect 
INFO : [pool-2-thread-1]: com.opentext.oesConnector.connector.util.OESAuthUtil.getAuthToken - 15 Jun 2026 11:47:03,238 - OES configurations are not updated , will wait for 10 seconds and try to connect 
INFO : [pool-2-thread-1]: com.opentext.oesConnector.connector.util.OESAuthUtil.getAuthToken - 15 Jun 2026 11:47:13,239 - OES User password is not updated , will wait for 10 seconds and try to connect 
INFO : [pool-2-thread-1]: com.opentext.oesConnector.connector.util.OESAuthUtil.getAuthToken - 15 Jun 2026 11:47:23,240 - OES configurations are not updated , will wait for 10 seconds and try to connect 
INFO : [pool-2-thread-1]: com.opentext.oesConnector.connector.util.OESAuthUtil.getAuthToken - 15 Jun 2026 11:47:33,242 - OES User password is not updated , will wait for 10 seconds and try to connect 
INFO : [pool-2-thread-1]: com.opentext.oesConnector.connector.util.OESAuthUtil.getAuthToken - 15 Jun 2026 11:47:43,242 - OES configurations are not updated , will wait for 10 seconds and try to connect 
INFO : [pool-2-thread-1]: com.opentext.oesConnector.connector.util.OESAuthUtil.getAuthToken - 15 Jun 2026 11:47:53,244 - OES User password is not updated , will wait for 10 seconds and try to connect 
INFO : [pool-2-thread-1]: com.opentext.oesConnector.connector.util.OESAuthUtil.getAuthToken - 15 Jun 2026 11:48:03,244 - OES configurations are not updated , will wait for 10 seconds and try to connect 
INFO : [pool-2-thread-1]: com.opentext.oesConnector.connector.util.OESAuthUtil.getAuthToken - 15 Jun 2026 11:48:13,245 - OES User password is not updated , will wait for 10 seconds and try to connect 
INFO : [pool-2-thread-1]: com.opentext.oesConnector.connector.util.OESAuthUtil.getAuthToken - 15 Jun 2026 11:48:23,245 - OES configurations are not updated , will wait for 10 seconds and try to connect 
INFO : [pool-2-thread-1]: com.opentext.oesConnector.connector.util.OESAuthUtil.getAuthToken - 15 Jun 2026 11:48:33,246 - OES User password is not updated , will wait for 10 seconds and try to connect 
INFO : [pool-2-thread-1]: com.opentext.oesConnector.connector.util.OESAuthUtil.getAuthToken - 15 Jun 2026 11:48:43,246 - OES configurations are not updated , will wait for 10 seconds and try to connect 
INFO : [pool-2-thread-1]: com.opentext.oesConnector.connector.util.OESAuthUtil.getAuthToken - 15 Jun 2026 11:48:53,248 - OES User password is not updated , will wait for 10 seconds and try to connect 
INFO : [pool-2-thread-1]: com.opentext.oesConnector.connector.util.OESAuthUtil.getAuthToken - 15 Jun 2026 11:49:03,248 - OES configurations are not updated , will wait for 10 seconds and try to connect 
INFO : [pool-2-thread-1]: com.opentext.oesConnector.connector.util.OESAuthUtil.getAuthToken - 15 Jun 2026 11:49:13,249 - OES User password is not updated , will wait for 10 seconds and try to connect 
INFO : [pool-2-thread-1]: com.opentext.oesConnector.connector.util.OESAuthUtil.getAuthToken - 15 Jun 2026 11:49:23,249 - OES configurations are not updated , will wait for 10 seconds and try to connect 
INFO : [pool-2-thread-1]: com.opentext.oesConnector.connector.util.OESAuthUtil.getAuthToken - 15 Jun 2026 11:49:33,251 - OES User password is not updated , will wait for 10 seconds and try to connect 
INFO : [pool-2-thread-1]: com.opentext.oesConnector.connector.util.OESAuthUtil.getAuthToken - 15 Jun 2026 11:49:43,252 - OES configurations are not updated , will wait for 10 seconds and try to connect 
INFO : [pool-2-thread-1]: com.opentext.oesConnector.connector.util.OESAuthUtil.getAuthToken - 15 Jun 2026 11:49:53,252 - OES User password is not updated , will wait for 10 seconds and try to connect 
INFO : [pool-2-thread-1]: com.opentext.oesConnector.connector.util.OESAuthUtil.getAuthToken - 15 Jun 2026 11:50:03,253 - OES configurations are not updated , will wait for 10 seconds and try to connect 
INFO : [pool-2-thread-1]: com.opentext.oesConnector.connector.util.OESAuthUtil.getAuthToken - 15 Jun 2026 11:50:13,254 - OES User password is not updated , will wait for 10 seconds and try to connect 
INFO : [pool-2-thread-1]: com.opentext.oesConnector.connector.util.OESAuthUtil.getAuthToken - 15 Jun 2026 11:50:23,254 - OES configurations are not updated , will wait for 10 seconds and try to connect 
INFO : [pool-2-thread-1]: com.opentext.oesConnector.connector.util.OESAuthUtil.getAuthToken - 15 Jun 2026 11:50:33,256 - OES User password is not updated , will wait for 10 seconds and try to connect 
INFO : [pool-2-thread-1]: com.opentext.oesConnector.connector.util.OESAuthUtil.getAuthToken - 15 Jun 2026 11:50:43,256 - OES configurations are not updated , will wait for 10 seconds and try to connect 
INFO : [pool-2-thread-1]: com.opentext.oesConnector.connector.util.OESAuthUtil.getAuthToken - 15 Jun 2026 11:50:53,257 - OES User password is not updated , will wait for 10 seconds and try to connect 
INFO : [pool-2-thread-1]: com.opentext.oesConnector.connector.util.OESAuthUtil.getAuthToken - 15 Jun 2026 11:51:03,257 - OES configurations are not updated , will wait for 10 seconds and try to connect 
INFO : [pool-2-thread-1]: com.opentext.oesConnector.connector.util.OESAuthUtil.getAuthToken - 15 Jun 2026 11:51:13,258 - OES User password is not updated , will wait for 10 seconds and try to connect 
INFO : [pool-2-thread-1]: com.opentext.oesConnector.connector.util.OESAuthUtil.getAuthToken - 15 Jun 2026 11:51:23,258 - OES configurations are not updated , will wait for 10 seconds and try to connect 
INFO : [pool-2-thread-1]: com.opentext.oesConnector.connector.util.OESAuthUtil.getAuthToken - 15 Jun 2026 11:51:33,260 - OES User password is not updated , will wait for 10 seconds and try to connect 
INFO : [pool-2-thread-1]: com.opentext.oesConnector.connector.util.OESAuthUtil.getAuthToken - 15 Jun 2026 11:51:43,260 - OES configurations are not updated , will wait for 10 seconds and try to connect 
INFO : [pool-2-thread-1]: com.opentext.oesConnector.connector.util.OESAuthUtil.getAuthToken - 15 Jun 2026 11:51:53,261 - OES User password is not updated , will wait for 10 seconds and try to connect 
INFO : [pool-2-thread-1]: com.opentext.oesConnector.connector.util.OESAuthUtil.getAuthToken - 15 Jun 2026 11:52:03,261 - OES configurations are not updated , will wait for 10 seconds and try to connect 
INFO : [pool-2-thread-1]: com.opentext.oesConnector.connector.util.OESAuthUtil.getAuthToken - 15 Jun 2026 11:52:13,262 - OES User password is not updated , will wait for 10 seconds and try to connect 
INFO : [pool-2-thread-1]: com.opentext.oesConnector.connector.util.OESAuthUtil.getAuthToken - 15 Jun 2026 11:52:23,262 - OES configurations are not updated , will wait for 10 seconds and try to connect 
INFO : [pool-2-thread-1]: com.opentext.oesConnector.connector.util.OESAuthUtil.getAuthToken - 15 Jun 2026 11:52:33,264 - OES User password is not updated , will wait for 10 seconds and try to connect 
INFO : [pool-2-thread-1]: com.opentext.oesConnector.connector.util.OESAuthUtil.getAuthToken - 15 Jun 2026 11:52:43,264 - OES configurations are not updated , will wait for 10 seconds and try to connect 
INFO : [pool-2-thread-1]: com.opentext.oesConnector.connector.util.OESAuthUtil.getAuthToken - 15 Jun 2026 11:52:53,266 - OES User password is not updated , will wait for 10 seconds and try to connect 
INFO : [pool-2-thread-1]: com.opentext.oesConnector.connector.util.OESAuthUtil.getAuthToken - 15 Jun 2026 11:53:03,266 - OES configurations are not updated , will wait for 10 seconds and try to connect 
INFO : [pool-2-thread-1]: com.opentext.oesConnector.connector.util.OESAuthUtil.getAuthToken - 15 Jun 2026 11:53:13,269 - OES User password is not updated , will wait for 10 seconds and try to connect 
INFO : [pool-2-thread-1]: com.opentext.oesConnector.connector.util.OESAuthUtil.getAuthToken - 15 Jun 2026 11:53:23,269 - OES configurations are not updated , will wait for 10 seconds and try to connect 
INFO : [pool-2-thread-1]: com.opentext.oesConnector.connector.util.OESAuthUtil.getAuthToken - 15 Jun 2026 11:53:33,270 - OES User password is not updated , will wait for 10 seconds and try to connect 
INFO : [pool-2-thread-1]: com.opentext.oesConnector.connector.util.OESAuthUtil.getAuthToken - 15 Jun 2026 11:53:43,270 - OES configurations are not updated , will wait for 10 seconds and try to connect 
INFO : [pool-2-thread-1]: com.opentext.oesConnector.connector.util.OESAuthUtil.getAuthToken - 15 Jun 2026 11:53:53,272 - OES User password is not updated , will wait for 10 seconds and try to connect 
INFO : [pool-2-thread-1]: com.opentext.oesConnector.connector.util.OESAuthUtil.getAuthToken - 15 Jun 2026 11:54:03,272 - OES configurations are not updated , will wait for 10 seconds and try to connect 
INFO : [pool-2-thread-1]: com.opentext.oesConnector.connector.util.OESAuthUtil.getAuthToken - 15 Jun 2026 11:54:13,273 - OES User password is not updated , will wait for 10 seconds and try to connect 
INFO : [pool-2-thread-1]: com.opentext.oesConnector.connector.util.OESAuthUtil.getAuthToken - 15 Jun 2026 11:54:23,273 - OES configurations are not updated , will wait for 10 seconds and try to connect 
INFO : [pool-2-thread-1]: com.opentext.oesConnector.connector.util.OESAuthUtil.getAuthToken - 15 Jun 2026 11:54:33,274 - OES User password is not updated , will wait for 10 seconds and try to connect 
INFO : [pool-2-thread-1]: com.opentext.oesConnector.connector.util.OESAuthUtil.getAuthToken - 15 Jun 2026 11:54:43,274 - OES configurations are not updated , will wait for 10 seconds and try to connect 
INFO : [pool-2-thread-1]: com.opentext.oesConnector.connector.util.OESAuthUtil.getAuthToken - 15 Jun 2026 11:54:53,276 - OES User password is not updated , will wait for 10 seconds and try to connect 
INFO : [pool-2-thread-1]: com.opentext.oesConnector.connector.util.OESAuthUtil.getAuthToken - 15 Jun 2026 11:55:03,276 - OES configurations are not updated , will wait for 10 seconds and try to connect 
INFO : [pool-2-thread-1]: com.opentext.oesConnector.connector.util.OESAuthUtil.getAuthToken - 15 Jun 2026 11:55:13,279 - OES User password is not updated , will wait for 10 seconds and try to connect 
INFO : [pool-2-thread-1]: com.opentext.oesConnector.connector.util.OESAuthUtil.getAuthToken - 15 Jun 2026 11:55:23,279 - OES configurations are not updated , will wait for 10 seconds and try to connect 
INFO : [pool-2-thread-1]: com.opentext.oesConnector.connector.util.OESAuthUtil.getAuthToken - 15 Jun 2026 11:55:33,280 - OES User password is not updated , will wait for 10 seconds and try to connect 
INFO : [pool-2-thread-1]: com.opentext.oesConnector.connector.util.OESAuthUtil.getAuthToken - 15 Jun 2026 11:55:43,280 - OES configurations are not updated , will wait for 10 seconds and try to connect 
INFO : [pool-2-thread-1]: com.opentext.oesConnector.connector.util.OESAuthUtil.getAuthToken - 15 Jun 2026 11:55:53,281 - OES User password is not updated , will wait for 10 seconds and try to connect 
INFO : [pool-2-thread-1]: com.opentext.oesConnector.connector.util.OESAuthUtil.getAuthToken - 15 Jun 2026 11:56:03,281 - OES configurations are not updated , will wait for 10 seconds and try to connect 
INFO : [pool-2-thread-1]: com.opentext.oesConnector.connector.util.OESAuthUtil.getAuthToken - 15 Jun 2026 11:56:13,282 - OES User password is not updated , will wait for 10 seconds and try to connect 
INFO : [pool-2-thread-1]: com.opentext.oesConnector.connector.util.OESAuthUtil.getAuthToken - 15 Jun 2026 11:56:23,283 - OES configurations are not updated , will wait for 10 seconds and try to connect 
INFO : [pool-2-thread-1]: com.opentext.oesConnector.connector.util.OESAuthUtil.getAuthToken - 15 Jun 2026 11:56:33,285 - OES User password is not updated , will wait for 10 seconds and try to connect 
INFO : [pool-2-thread-1]: com.opentext.oesConnector.connector.util.OESAuthUtil.getAuthToken - 15 Jun 2026 11:56:43,285 - OES configurations are not updated , will wait for 10 seconds and try to connect 
INFO : [pool-2-thread-1]: com.opentext.oesConnector.connector.util.OESAuthUtil.getAuthToken - 15 Jun 2026 11:56:53,286 - OES User password is not updated , will wait for 10 seconds and try to connect 
INFO : [pool-2-thread-1]: com.opentext.oesConnector.connector.util.OESAuthUtil.getAuthToken - 15 Jun 2026 11:57:03,286 - OES configurations are not updated , will wait for 10 seconds and try to connect 
INFO : [pool-2-thread-1]: com.opentext.oesConnector.connector.util.OESAuthUtil.getAuthToken - 15 Jun 2026 11:57:13,289 - OES User password is not updated , will wait for 10 seconds and try to connect 
INFO : [pool-2-thread-1]: com.opentext.oesConnector.connector.util.OESAuthUtil.getAuthToken - 15 Jun 2026 11:57:23,289 - OES configurations are not updated , will wait for 10 seconds and try to connect 
INFO : [pool-2-thread-1]: com.opentext.oesConnector.connector.util.OESAuthUtil.getAuthToken - 15 Jun 2026 11:57:33,290 - OES User password is not updated , will wait for 10 seconds and try to connect 
INFO : [pool-2-thread-1]: com.opentext.oesConnector.connector.util.OESAuthUtil.getAuthToken - 15 Jun 2026 11:57:43,290 - OES configurations are not updated , will wait for 10 seconds and try to connect 
INFO : [pool-2-thread-1]: com.opentext.oesConnector.connector.util.OESAuthUtil.getAuthToken - 15 Jun 2026 11:57:53,291 - OES User password is not updated , will wait for 10 seconds and try to connect 
INFO : [pool-2-thread-1]: com.opentext.oesConnector.connector.util.OESAuthUtil.getAuthToken - 15 Jun 2026 11:58:03,291 - OES configurations are not updated , will wait for 10 seconds and try to connect 
INFO : [pool-2-thread-1]: com.opentext.oesConnector.connector.util.OESAuthUtil.getAuthToken - 15 Jun 2026 11:58:13,293 - OES User password is not updated , will wait for 10 seconds and try to connect 
INFO : [pool-2-thread-1]: com.opentext.oesConnector.connector.util.OESAuthUtil.getAuthToken - 15 Jun 2026 11:58:23,294 - OES configurations are not updated , will wait for 10 seconds and try to connect 
INFO : [pool-2-thread-1]: com.opentext.oesConnector.connector.util.OESAuthUtil.getAuthToken - 15 Jun 2026 11:58:33,294 - OES User password is not updated , will wait for 10 seconds and try to connect 
INFO : [pool-2-thread-1]: com.opentext.oesConnector.connector.util.OESAuthUtil.getAuthToken - 15 Jun 2026 11:58:43,295 - OES configurations are not updated , will wait for 10 seconds and try to connect 
INFO : [pool-2-thread-1]: com.opentext.oesConnector.connector.util.OESAuthUtil.getAuthToken - 15 Jun 2026 11:58:53,295 - OES User password is not updated , will wait for 10 seconds and try to connect 
INFO : [pool-2-thread-1]: com.opentext.oesConnector.connector.util.OESAuthUtil.getAuthToken - 15 Jun 2026 11:59:03,296 - OES configurations are not updated , will wait for 10 seconds and try to connect 
INFO : [pool-2-thread-1]: com.opentext.oesConnector.connector.util.OESAuthUtil.getAuthToken - 15 Jun 2026 11:59:13,297 - OES User password is not updated , will wait for 10 seconds and try to connect 
INFO : [pool-2-thread-1]: com.opentext.oesConnector.connector.util.OESAuthUtil.getAuthToken - 15 Jun 2026 11:59:23,297 - OES configurations are not updated , will wait for 10 seconds and try to connect 
INFO : [pool-2-thread-1]: com.opentext.oesConnector.connector.util.OESAuthUtil.getAuthToken - 15 Jun 2026 11:59:33,298 - OES User password is not updated , will wait for 10 seconds and try to connect 
INFO : [pool-2-thread-1]: com.opentext.oesConnector.connector.util.OESAuthUtil.getAuthToken - 15 Jun 2026 11:59:43,298 - OES configurations are not updated , will wait for 10 seconds and try to connect 
INFO : [pool-2-thread-1]: com.opentext.oesConnector.connector.util.OESAuthUtil.getAuthToken - 15 Jun 2026 11:59:53,299 - OES User password is not updated , will wait for 10 seconds and try to connect 
INFO : [pool-2-thread-1]: com.opentext.oesConnector.connector.util.OESAuthUtil.getAuthToken - 15 Jun 2026 12:00:03,300 - OES configurations are not updated , will wait for 10 seconds and try to connect 
INFO : [pool-2-thread-1]: com.opentext.oesConnector.connector.util.OESAuthUtil.getAuthToken - 15 Jun 2026 12:00:13,301 - OES User password is not updated , will wait for 10 seconds and try to connect 
INFO : [pool-2-thread-1]: com.opentext.oesConnector.connector.util.OESAuthUtil.getAuthToken - 15 Jun 2026 12:00:23,301 - OES configurations are not updated , will wait for 10 seconds and try to connect 
INFO : [pool-2-thread-1]: com.opentext.oesConnector.connector.util.OESAuthUtil.getAuthToken - 15 Jun 2026 12:00:33,302 - OES User password is not updated , will wait for 10 seconds and try to connect 
INFO : [pool-2-thread-1]: com.opentext.oesConnector.connector.util.OESAuthUtil.getAuthToken - 15 Jun 2026 12:00:43,302 - OES configurations are not updated , will wait for 10 seconds and try to connect 
INFO : [pool-2-thread-1]: com.opentext.oesConnector.connector.util.OESAuthUtil.getAuthToken - 15 Jun 2026 12:00:53,303 - OES User password is not updated , will wait for 10 seconds and try to connect 
INFO : [pool-2-thread-1]: com.opentext.oesConnector.connector.util.OESAuthUtil.getAuthToken - 15 Jun 2026 12:01:03,303 - OES configurations are not updated , will wait for 10 seconds and try to connect 
INFO : [pool-2-thread-1]: com.opentext.oesConnector.connector.util.OESAuthUtil.getAuthToken - 15 Jun 2026 12:01:13,305 - OES User password is not updated , will wait for 10 seconds and try to connect 
INFO : [pool-2-thread-1]: com.opentext.oesConnector.connector.util.OESAuthUtil.getAuthToken - 15 Jun 2026 12:01:23,306 - OES configurations are not updated , will wait for 10 seconds and try to connect 
INFO : [pool-2-thread-1]: com.opentext.oesConnector.connector.util.OESAuthUtil.getAuthToken - 15 Jun 2026 12:01:33,307 - OES User password is not updated , will wait for 10 seconds and try to connect 
INFO : [pool-2-thread-1]: com.opentext.oesConnector.connector.util.OESAuthUtil.getAuthToken - 15 Jun 2026 12:01:43,307 - OES configurations are not updated , will wait for 10 seconds and try to connect 
INFO : [pool-2-thread-1]: com.opentext.oesConnector.connector.util.OESAuthUtil.getAuthToken - 15 Jun 2026 12:01:53,308 - OES User password is not updated , will wait for 10 seconds and try to connect 
INFO : [pool-2-thread-1]: com.opentext.oesConnector.connector.util.OESAuthUtil.getAuthToken - 15 Jun 2026 12:02:03,308 - OES configurations are not updated , will wait for 10 seconds and try to connect 
INFO : [pool-2-thread-1]: com.opentext.oesConnector.connector.util.OESAuthUtil.getAuthToken - 15 Jun 2026 12:02:13,309 - OES User password is not updated , will wait for 10 seconds and try to connect 
INFO : [pool-2-thread-1]: com.opentext.oesConnector.connector.util.OESAuthUtil.getAuthToken - 15 Jun 2026 12:02:23,310 - OES configurations are not updated , will wait for 10 seconds and try to connect 
INFO : [pool-2-thread-1]: com.opentext.oesConnector.connector.util.OESAuthUtil.getAuthToken - 15 Jun 2026 12:02:33,311 - OES User password is not updated , will wait for 10 seconds and try to connect 
INFO : [pool-2-thread-1]: com.opentext.oesConnector.connector.util.OESAuthUtil.getAuthToken - 15 Jun 2026 12:02:43,312 - OES configurations are not updated , will wait for 10 seconds and try to connect 
INFO : [pool-2-thread-1]: com.opentext.oesConnector.connector.util.OESAuthUtil.getAuthToken - 15 Jun 2026 12:02:53,312 - OES User password is not updated , will wait for 10 seconds and try to connect 
INFO : [pool-2-thread-1]: com.opentext.oesConnector.connector.util.OESAuthUtil.getAuthToken - 15 Jun 2026 12:03:03,312 - OES configurations are not updated , will wait for 10 seconds and try to connect 
INFO : [pool-2-thread-1]: com.opentext.oesConnector.connector.util.OESAuthUtil.getAuthToken - 15 Jun 2026 12:03:13,314 - OES User password is not updated , will wait for 10 seconds and try to connect 
INFO : [pool-2-thread-1]: com.opentext.oesConnector.connector.util.OESAuthUtil.getAuthToken - 15 Jun 2026 12:03:23,314 - OES configurations are not updated , will wait for 10 seconds and try to connect 
INFO : [pool-2-thread-1]: com.opentext.oesConnector.connector.util.OESAuthUtil.getAuthToken - 15 Jun 2026 12:03:33,315 - OES User password is not updated , will wait for 10 seconds and try to connect 
INFO : [pool-2-thread-1]: com.opentext.oesConnector.connector.util.OESAuthUtil.getAuthToken - 15 Jun 2026 12:03:43,315 - OES configurations are not updated , will wait for 10 seconds and try to connect 
INFO : [pool-2-thread-1]: com.opentext.oesConnector.connector.util.OESAuthUtil.getAuthToken - 15 Jun 2026 12:03:53,316 - OES User password is not updated , will wait for 10 seconds and try to connect 
INFO : [pool-2-thread-1]: com.opentext.oesConnector.connector.util.OESAuthUtil.getAuthToken - 15 Jun 2026 12:04:03,317 - OES configurations are not updated , will wait for 10 seconds and try to connect 
INFO : [pool-2-thread-1]: com.opentext.oesConnector.connector.util.OESAuthUtil.getAuthToken - 15 Jun 2026 12:04:13,318 - OES User password is not updated , will wait for 10 seconds and try to connect 
INFO : [pool-2-thread-1]: com.opentext.oesConnector.connector.util.OESAuthUtil.getAuthToken - 15 Jun 2026 12:04:23,318 - OES configurations are not updated , will wait for 10 seconds and try to connect 
INFO : [pool-2-thread-1]: com.opentext.oesConnector.connector.util.OESAuthUtil.getAuthToken - 15 Jun 2026 12:04:33,319 - OES User password is not updated , will wait for 10 seconds and try to connect 
INFO : [pool-2-thread-1]: com.opentext.oesConnector.connector.util.OESAuthUtil.getAuthToken - 15 Jun 2026 12:04:43,320 - OES configurations are not updated , will wait for 10 seconds and try to connect 
INFO : [pool-2-thread-1]: com.opentext.oesConnector.connector.util.OESAuthUtil.getAuthToken - 15 Jun 2026 12:04:53,321 - OES User password is not updated , will wait for 10 seconds and try to connect 
INFO : [pool-2-thread-1]: com.opentext.oesConnector.connector.util.OESAuthUtil.getAuthToken - 15 Jun 2026 12:05:03,321 - OES configurations are not updated , will wait for 10 seconds and try to connect 
INFO : [pool-2-thread-1]: com.opentext.oesConnector.connector.util.OESAuthUtil.getAuthToken - 15 Jun 2026 12:05:13,323 - OES User password is not updated , will wait for 10 seconds and try to connect 
INFO : [pool-2-thread-1]: com.opentext.oesConnector.connector.util.OESAuthUtil.getAuthToken - 15 Jun 2026 12:05:23,323 - OES configurations are not updated , will wait for 10 seconds and try to connect 
INFO : [pool-2-thread-1]: com.opentext.oesConnector.connector.util.OESAuthUtil.getAuthToken - 15 Jun 2026 12:05:33,324 - OES User password is not updated , will wait for 10 seconds and try to connect 
INFO : [pool-2-thread-1]: com.opentext.oesConnector.connector.util.OESAuthUtil.getAuthToken - 15 Jun 2026 12:05:43,324 - OES configurations are not updated , will wait for 10 seconds and try to connect 
INFO : [pool-2-thread-1]: com.opentext.oesConnector.connector.util.OESAuthUtil.getAuthToken - 15 Jun 2026 12:05:53,325 - OES User password is not updated , will wait for 10 seconds and try to connect 
INFO : [pool-2-thread-1]: com.opentext.oesConnector.connector.util.OESAuthUtil.getAuthToken - 15 Jun 2026 12:06:03,325 - OES configurations are not updated , will wait for 10 seconds and try to connect 
INFO : [pool-2-thread-1]: com.opentext.oesConnector.connector.util.OESAuthUtil.getAuthToken - 15 Jun 2026 12:06:13,327 - OES User password is not updated , will wait for 10 seconds and try to connect 
INFO : [pool-2-thread-1]: com.opentext.oesConnector.connector.util.OESAuthUtil.getAuthToken - 15 Jun 2026 12:06:23,327 - OES configurations are not updated , will wait for 10 seconds and try to connect 
INFO : [pool-2-thread-1]: com.opentext.oesConnector.connector.util.OESAuthUtil.getAuthToken - 15 Jun 2026 12:06:33,328 - OES User password is not updated , will wait for 10 seconds and try to connect 
INFO : [pool-2-thread-1]: com.opentext.oesConnector.connector.util.OESAuthUtil.getAuthToken - 15 Jun 2026 12:06:43,328 - OES configurations are not updated , will wait for 10 seconds and try to connect 
INFO : [pool-2-thread-1]: com.opentext.oesConnector.connector.util.OESAuthUtil.getAuthToken - 15 Jun 2026 12:06:53,329 - OES User password is not updated , will wait for 10 seconds and try to connect 
INFO : [pool-2-thread-1]: com.opentext.oesConnector.connector.util.OESAuthUtil.getAuthToken - 15 Jun 2026 12:07:03,329 - OES configurations are not updated , will wait for 10 seconds and try to connect 
INFO : [pool-2-thread-1]: com.opentext.oesConnector.connector.util.OESAuthUtil.getAuthToken - 15 Jun 2026 12:07:13,331 - OES User password is not updated , will wait for 10 seconds and try to connect 
INFO : [pool-2-thread-1]: com.opentext.oesConnector.connector.util.OESAuthUtil.getAuthToken - 15 Jun 2026 12:07:23,331 - OES configurations are not updated , will wait for 10 seconds and try to connect 
INFO : [pool-2-thread-1]: com.opentext.oesConnector.connector.util.OESAuthUtil.getAuthToken - 15 Jun 2026 12:07:33,332 - OES User password is not updated , will wait for 10 seconds and try to connect 
INFO : [pool-2-thread-1]: com.opentext.oesConnector.connector.util.OESAuthUtil.getAuthToken - 15 Jun 2026 12:07:43,332 - OES configurations are not updated , will wait for 10 seconds and try to connect 
INFO : [pool-2-thread-1]: com.opentext.oesConnector.connector.util.OESAuthUtil.getAuthToken - 15 Jun 2026 12:07:53,333 - OES User password is not updated , will wait for 10 seconds and try to connect 
INFO : [pool-2-thread-1]: com.opentext.oesConnector.connector.util.OESAuthUtil.getAuthToken - 15 Jun 2026 12:08:03,333 - OES configurations are not updated , will wait for 10 seconds and try to connect 
INFO : [pool-2-thread-1]: com.opentext.oesConnector.connector.util.OESAuthUtil.getAuthToken - 15 Jun 2026 12:08:13,335 - OES User password is not updated , will wait for 10 seconds and try to connect 
INFO : [pool-2-thread-1]: com.opentext.oesConnector.connector.util.OESAuthUtil.getAuthToken - 15 Jun 2026 12:08:23,335 - OES configurations are not updated , will wait for 10 seconds and try to connect 
INFO : [pool-2-thread-1]: com.opentext.oesConnector.connector.util.OESAuthUtil.getAuthToken - 15 Jun 2026 12:08:33,336 - OES User password is not updated , will wait for 10 seconds and try to connect 
INFO : [pool-2-thread-1]: com.opentext.oesConnector.connector.util.OESAuthUtil.getAuthToken - 15 Jun 2026 12:08:43,336 - OES configurations are not updated , will wait for 10 seconds and try to connect 
INFO : [pool-2-thread-1]: com.opentext.oesConnector.connector.util.OESAuthUtil.getAuthToken - 15 Jun 2026 12:08:53,337 - OES User password is not updated , will wait for 10 seconds and try to connect 
INFO : [pool-2-thread-1]: com.opentext.oesConnector.connector.util.OESAuthUtil.getAuthToken - 15 Jun 2026 12:09:03,337 - OES configurations are not updated , will wait for 10 seconds and try to connect 
INFO : [pool-2-thread-1]: com.opentext.oesConnector.connector.util.OESAuthUtil.getAuthToken - 15 Jun 2026 12:09:13,339 - OES User password is not updated , will wait for 10 seconds and try to connect 
INFO : [pool-2-thread-1]: com.opentext.oesConnector.connector.util.OESAuthUtil.getAuthToken - 15 Jun 2026 12:09:23,339 - OES configurations are not updated , will wait for 10 seconds and try to connect 
INFO : [pool-2-thread-1]: com.opentext.oesConnector.connector.util.OESAuthUtil.getAuthToken - 15 Jun 2026 12:09:33,340 - OES User password is not updated , will wait for 10 seconds and try to connect 
INFO : [pool-2-thread-1]: com.opentext.oesConnector.connector.util.OESAuthUtil.getAuthToken - 15 Jun 2026 12:09:43,341 - OES configurations are not updated , will wait for 10 seconds and try to connect 
INFO : [pool-2-thread-1]: com.opentext.oesConnector.connector.util.OESAuthUtil.getAuthToken - 15 Jun 2026 12:09:53,341 - OES User password is not updated , will wait for 10 seconds and try to connect 
INFO : [pool-2-thread-1]: com.opentext.oesConnector.connector.util.OESAuthUtil.getAuthToken - 15 Jun 2026 12:10:03,341 - OES configurations are not updated , will wait for 10 seconds and try to connect 
INFO : [pool-2-thread-1]: com.opentext.oesConnector.connector.util.OESAuthUtil.getAuthToken - 15 Jun 2026 12:10:13,343 - OES User password is not updated , will wait for 10 seconds and try to connect 
INFO : [pool-2-thread-1]: com.opentext.oesConnector.connector.util.OESAuthUtil.getAuthToken - 15 Jun 2026 12:10:23,343 - OES configurations are not updated , will wait for 10 seconds and try to connect 
INFO : [pool-2-thread-1]: com.opentext.oesConnector.connector.util.OESAuthUtil.getAuthToken - 15 Jun 2026 12:10:33,344 - OES User password is not updated , will wait for 10 seconds and try to connect 
INFO : [pool-2-thread-1]: com.opentext.oesConnector.connector.util.OESAuthUtil.getAuthToken - 15 Jun 2026 12:10:43,344 - OES configurations are not updated , will wait for 10 seconds and try to connect 
INFO : [pool-2-thread-1]: com.opentext.oesConnector.connector.util.OESAuthUtil.getAuthToken - 15 Jun 2026 12:10:53,344 - OES User password is not updated , will wait for 10 seconds and try to connect 
INFO : [pool-2-thread-1]: com.opentext.oesConnector.connector.util.OESAuthUtil.getAuthToken - 15 Jun 2026 12:11:03,345 - OES configurations are not updated , will wait for 10 seconds and try to connect 
INFO : [pool-2-thread-1]: com.opentext.oesConnector.connector.util.OESAuthUtil.getAuthToken - 15 Jun 2026 12:11:13,347 - OES User password is not updated , will wait for 10 seconds and try to connect 
INFO : [pool-2-thread-1]: com.opentext.oesConnector.connector.util.OESAuthUtil.getAuthToken - 15 Jun 2026 12:11:23,347 - OES configurations are not updated , will wait for 10 seconds and try to connect 
INFO : [pool-2-thread-1]: com.opentext.oesConnector.connector.util.OESAuthUtil.getAuthToken - 15 Jun 2026 12:11:33,348 - OES User password is not updated , will wait for 10 seconds and try to connect 
INFO : [pool-2-thread-1]: com.opentext.oesConnector.connector.util.OESAuthUtil.getAuthToken - 15 Jun 2026 12:11:43,348 - OES configurations are not updated , will wait for 10 seconds and try to connect 
INFO : [pool-2-thread-1]: com.opentext.oesConnector.connector.util.OESAuthUtil.getAuthToken - 15 Jun 2026 12:11:53,349 - OES User password is not updated , will wait for 10 seconds and try to connect 
INFO : [pool-2-thread-1]: com.opentext.oesConnector.connector.util.OESAuthUtil.getAuthToken - 15 Jun 2026 12:12:03,349 - OES configurations are not updated , will wait for 10 seconds and try to connect 
INFO : [pool-2-thread-1]: com.opentext.oesConnector.connector.util.OESAuthUtil.getAuthToken - 15 Jun 2026 12:12:13,350 - OES User password is not updated , will wait for 10 seconds and try to connect 
INFO : [pool-2-thread-1]: com.opentext.oesConnector.connector.util.OESAuthUtil.getAuthToken - 15 Jun 2026 12:12:23,351 - OES configurations are not updated , will wait for 10 seconds and try to connect 
INFO : [pool-2-thread-1]: com.opentext.oesConnector.connector.util.OESAuthUtil.getAuthToken - 15 Jun 2026 12:12:33,351 - OES User password is not updated , will wait for 10 seconds and try to connect 
INFO : [pool-2-thread-1]: com.opentext.oesConnector.connector.util.OESAuthUtil.getAuthToken - 15 Jun 2026 12:12:43,352 - OES configurations are not updated , will wait for 10 seconds and try to connect 
INFO : [pool-2-thread-1]: com.opentext.oesConnector.connector.util.OESAuthUtil.getAuthToken - 15 Jun 2026 12:12:53,352 - OES User password is not updated , will wait for 10 seconds and try to connect 
INFO : [pool-2-thread-1]: com.opentext.oesConnector.connector.util.OESAuthUtil.getAuthToken - 15 Jun 2026 12:13:03,353 - OES configurations are not updated , will wait for 10 seconds and try to connect 
INFO : [pool-2-thread-1]: com.opentext.oesConnector.connector.util.OESAuthUtil.getAuthToken - 15 Jun 2026 12:13:13,354 - OES User password is not updated , will wait for 10 seconds and try to connect 
INFO : [pool-2-thread-1]: com.opentext.oesConnector.connector.util.OESAuthUtil.getAuthToken - 15 Jun 2026 12:13:23,354 - OES configurations are not updated , will wait for 10 seconds and try to connect 
INFO : [pool-2-thread-1]: com.opentext.oesConnector.connector.util.OESAuthUtil.getAuthToken - 15 Jun 2026 12:13:33,355 - OES User password is not updated , will wait for 10 seconds and try to connect 
INFO : [pool-2-thread-1]: com.opentext.oesConnector.connector.util.OESAuthUtil.getAuthToken - 15 Jun 2026 12:13:43,355 - OES configurations are not updated , will wait for 10 seconds and try to connect 
INFO : [pool-2-thread-1]: com.opentext.oesConnector.connector.util.OESAuthUtil.getAuthToken - 15 Jun 2026 12:13:53,356 - OES User password is not updated , will wait for 10 seconds and try to connect 
INFO : [pool-2-thread-1]: com.opentext.oesConnector.connector.util.OESAuthUtil.getAuthToken - 15 Jun 2026 12:14:03,356 - OES configurations are not updated , will wait for 10 seconds and try to connect 
INFO : [pool-2-thread-1]: com.opentext.oesConnector.connector.util.OESAuthUtil.getAuthToken - 15 Jun 2026 12:14:13,358 - OES User password is not updated , will wait for 10 seconds and try to connect 
INFO : [pool-2-thread-1]: com.opentext.oesConnector.connector.util.OESAuthUtil.getAuthToken - 15 Jun 2026 12:14:23,358 - OES configurations are not updated , will wait for 10 seconds and try to connect 
INFO : [pool-2-thread-1]: com.opentext.oesConnector.connector.util.OESAuthUtil.getAuthToken - 15 Jun 2026 12:14:33,359 - OES User password is not updated , will wait for 10 seconds and try to connect 
INFO : [pool-2-thread-1]: com.opentext.oesConnector.connector.util.OESAuthUtil.getAuthToken - 15 Jun 2026 12:14:43,359 - OES configurations are not updated , will wait for 10 seconds and try to connect 
INFO : [pool-2-thread-1]: com.opentext.oesConnector.connector.util.OESAuthUtil.getAuthToken - 15 Jun 2026 12:14:53,360 - OES User password is not updated , will wait for 10 seconds and try to connect 
INFO : [pool-2-thread-1]: com.opentext.oesConnector.connector.util.OESAuthUtil.getAuthToken - 15 Jun 2026 12:15:03,360 - OES configurations are not updated , will wait for 10 seconds and try to connect 
INFO : [pool-2-thread-1]: com.opentext.oesConnector.connector.util.OESAuthUtil.getAuthToken - 15 Jun 2026 12:15:13,362 - OES User password is not updated , will wait for 10 seconds and try to connect 
INFO : [pool-2-thread-1]: com.opentext.oesConnector.connector.util.OESAuthUtil.getAuthToken - 15 Jun 2026 12:15:23,362 - OES configurations are not updated , will wait for 10 seconds and try to connect 
INFO : [pool-2-thread-1]: com.opentext.oesConnector.connector.util.OESAuthUtil.getAuthToken - 15 Jun 2026 12:15:33,363 - OES User password is not updated , will wait for 10 seconds and try to connect 
INFO : [pool-2-thread-1]: com.opentext.oesConnector.connector.util.OESAuthUtil.getAuthToken - 15 Jun 2026 12:15:43,363 - OES configurations are not updated , will wait for 10 seconds and try to connect 
INFO : [pool-2-thread-1]: com.opentext.oesConnector.connector.util.OESAuthUtil.getAuthToken - 15 Jun 2026 12:15:53,364 - OES User password is not updated , will wait for 10 seconds and try to connect 
INFO : [pool-2-thread-1]: com.opentext.oesConnector.connector.util.OESAuthUtil.getAuthToken - 15 Jun 2026 12:16:03,364 - OES configurations are not updated , will wait for 10 seconds and try to connect 
INFO : [pool-2-thread-1]: com.opentext.oesConnector.connector.util.OESAuthUtil.getAuthToken - 15 Jun 2026 12:16:13,366 - OES User password is not updated , will wait for 10 seconds and try to connect 
INFO : [pool-2-thread-1]: com.opentext.oesConnector.connector.util.OESAuthUtil.getAuthToken - 15 Jun 2026 12:16:23,366 - OES configurations are not updated , will wait for 10 seconds and try to connect 
INFO : [pool-2-thread-1]: com.opentext.oesConnector.connector.util.OESAuthUtil.getAuthToken - 15 Jun 2026 12:16:33,366 - OES User password is not updated , will wait for 10 seconds and try to connect 
INFO : [pool-2-thread-1]: com.opentext.oesConnector.connector.util.OESAuthUtil.getAuthToken - 15 Jun 2026 12:16:43,367 - OES configurations are not updated , will wait for 10 seconds and try to connect 
INFO : [pool-2-thread-1]: com.opentext.oesConnector.connector.util.OESAuthUtil.getAuthToken - 15 Jun 2026 12:16:53,367 - OES User password is not updated , will wait for 10 seconds and try to connect 
INFO : [pool-2-thread-1]: com.opentext.oesConnector.connector.util.OESAuthUtil.getAuthToken - 15 Jun 2026 12:17:03,368 - OES configurations are not updated , will wait for 10 seconds and try to connect 
INFO : [pool-2-thread-1]: com.opentext.oesConnector.connector.util.OESAuthUtil.getAuthToken - 15 Jun 2026 12:17:13,369 - OES User password is not updated , will wait for 10 seconds and try to connect 
INFO : [pool-2-thread-1]: com.opentext.oesConnector.connector.util.OESAuthUtil.getAuthToken - 15 Jun 2026 12:17:23,370 - OES configurations are not updated , will wait for 10 seconds and try to connect 
INFO : [pool-2-thread-1]: com.opentext.oesConnector.connector.util.OESAuthUtil.getAuthToken - 15 Jun 2026 12:17:33,370 - OES User password is not updated , will wait for 10 seconds and try to connect 
INFO : [pool-2-thread-1]: com.opentext.oesConnector.connector.util.OESAuthUtil.getAuthToken - 15 Jun 2026 12:17:43,371 - OES configurations are not updated , will wait for 10 seconds and try to connect 
INFO : [pool-2-thread-1]: com.opentext.oesConnector.connector.util.OESAuthUtil.getAuthToken - 15 Jun 2026 12:17:53,371 - OES User password is not updated , will wait for 10 seconds and try to connect 
INFO : [pool-2-thread-1]: com.opentext.oesConnector.connector.util.OESAuthUtil.getAuthToken - 15 Jun 2026 12:18:03,371 - OES configurations are not updated , will wait for 10 seconds and try to connect 
INFO : [pool-2-thread-1]: com.opentext.oesConnector.connector.util.OESAuthUtil.getAuthToken - 15 Jun 2026 12:18:13,373 - OES User password is not updated , will wait for 10 seconds and try to connect 
INFO : [pool-2-thread-1]: com.opentext.oesConnector.connector.util.OESAuthUtil.getAuthToken - 15 Jun 2026 12:18:23,374 - OES configurations are not updated , will wait for 10 seconds and try to connect 
INFO : [pool-2-thread-1]: com.opentext.oesConnector.connector.util.OESAuthUtil.getAuthToken - 15 Jun 2026 12:18:33,374 - OES User password is not updated , will wait for 10 seconds and try to connect 
INFO : [pool-2-thread-1]: com.opentext.oesConnector.connector.util.OESAuthUtil.getAuthToken - 15 Jun 2026 12:18:43,375 - OES configurations are not updated , will wait for 10 seconds and try to connect 
INFO : [pool-2-thread-1]: com.opentext.oesConnector.connector.util.OESAuthUtil.getAuthToken - 15 Jun 2026 12:18:53,375 - OES User password is not updated , will wait for 10 seconds and try to connect 
INFO : [pool-2-thread-1]: com.opentext.oesConnector.connector.util.OESAuthUtil.getAuthToken - 15 Jun 2026 12:19:03,376 - OES configurations are not updated , will wait for 10 seconds and try to connect 
INFO : [pool-2-thread-1]: com.opentext.oesConnector.connector.util.OESAuthUtil.getAuthToken - 15 Jun 2026 12:19:13,377 - OES User password is not updated , will wait for 10 seconds and try to connect 
INFO : [pool-2-thread-1]: com.opentext.oesConnector.connector.util.OESAuthUtil.getAuthToken - 15 Jun 2026 12:19:23,378 - OES configurations are not updated , will wait for 10 seconds and try to connect 
INFO : [pool-2-thread-1]: com.opentext.oesConnector.connector.util.OESAuthUtil.getAuthToken - 15 Jun 2026 12:19:33,378 - OES User password is not updated , will wait for 10 seconds and try to connect 
INFO : [pool-2-thread-1]: com.opentext.oesConnector.connector.util.OESAuthUtil.getAuthToken - 15 Jun 2026 12:19:43,378 - OES configurations are not updated , will wait for 10 seconds and try to connect 
INFO : [pool-2-thread-1]: com.opentext.oesConnector.connector.util.OESAuthUtil.getAuthToken - 15 Jun 2026 12:19:53,379 - OES User password is not updated , will wait for 10 seconds and try to connect 
INFO : [pool-2-thread-1]: com.opentext.oesConnector.connector.util.OESAuthUtil.getAuthToken - 15 Jun 2026 12:20:03,379 - OES configurations are not updated , will wait for 10 seconds and try to connect 
INFO : [pool-2-thread-1]: com.opentext.oesConnector.connector.util.OESAuthUtil.getAuthToken - 15 Jun 2026 12:20:13,381 - OES User password is not updated , will wait for 10 seconds and try to connect 
INFO : [pool-2-thread-1]: com.opentext.oesConnector.connector.util.OESAuthUtil.getAuthToken - 15 Jun 2026 12:20:23,381 - OES configurations are not updated , will wait for 10 seconds and try to connect 
INFO : [pool-2-thread-1]: com.opentext.oesConnector.connector.util.OESAuthUtil.getAuthToken - 15 Jun 2026 12:20:33,382 - OES User password is not updated , will wait for 10 seconds and try to connect 
INFO : [pool-2-thread-1]: com.opentext.oesConnector.connector.util.OESAuthUtil.getAuthToken - 15 Jun 2026 12:20:43,382 - OES configurations are not updated , will wait for 10 seconds and try to connect 
INFO : [pool-2-thread-1]: com.opentext.oesConnector.connector.util.OESAuthUtil.getAuthToken - 15 Jun 2026 12:20:53,383 - OES User password is not updated , will wait for 10 seconds and try to connect 
INFO : [pool-2-thread-1]: com.opentext.oesConnector.connector.util.OESAuthUtil.getAuthToken - 15 Jun 2026 12:21:03,383 - OES configurations are not updated , will wait for 10 seconds and try to connect 
INFO : [pool-2-thread-1]: com.opentext.oesConnector.connector.util.OESAuthUtil.getAuthToken - 15 Jun 2026 12:21:13,384 - OES User password is not updated , will wait for 10 seconds and try to connect 
INFO : [pool-2-thread-1]: com.opentext.oesConnector.connector.util.OESAuthUtil.getAuthToken - 15 Jun 2026 12:21:23,385 - OES configurations are not updated , will wait for 10 seconds and try to connect 
INFO : [pool-2-thread-1]: com.opentext.oesConnector.connector.util.OESAuthUtil.getAuthToken - 15 Jun 2026 12:21:33,385 - OES User password is not updated , will wait for 10 seconds and try to connect 
INFO : [pool-2-thread-1]: com.opentext.oesConnector.connector.util.OESAuthUtil.getAuthToken - 15 Jun 2026 12:21:43,386 - OES configurations are not updated , will wait for 10 seconds and try to connect 
INFO : [pool-2-thread-1]: com.opentext.oesConnector.connector.util.OESAuthUtil.getAuthToken - 15 Jun 2026 12:21:53,386 - OES User password is not updated , will wait for 10 seconds and try to connect 
INFO : [pool-2-thread-1]: com.opentext.oesConnector.connector.util.OESAuthUtil.getAuthToken - 15 Jun 2026 12:22:03,386 - OES configurations are not updated , will wait for 10 seconds and try to connect 
INFO : [pool-2-thread-1]: com.opentext.oesConnector.connector.util.OESAuthUtil.getAuthToken - 15 Jun 2026 12:22:13,388 - OES User password is not updated , will wait for 10 seconds and try to connect 
INFO : [pool-2-thread-1]: com.opentext.oesConnector.connector.util.OESAuthUtil.getAuthToken - 15 Jun 2026 12:22:23,388 - OES configurations are not updated , will wait for 10 seconds and try to connect 
INFO : [pool-2-thread-1]: com.opentext.oesConnector.connector.util.OESAuthUtil.getAuthToken - 15 Jun 2026 12:22:33,389 - OES User password is not updated , will wait for 10 seconds and try to connect 
INFO : [pool-2-thread-1]: com.opentext.oesConnector.connector.util.OESAuthUtil.getAuthToken - 15 Jun 2026 12:22:43,389 - OES configurations are not updated , will wait for 10 seconds and try to connect 
INFO : [pool-2-thread-1]: com.opentext.oesConnector.connector.util.OESAuthUtil.getAuthToken - 15 Jun 2026 12:22:53,390 - OES User password is not updated , will wait for 10 seconds and try to connect 
INFO : [pool-2-thread-1]: com.opentext.oesConnector.connector.util.OESAuthUtil.getAuthToken - 15 Jun 2026 12:23:03,390 - OES configurations are not updated , will wait for 10 seconds and try to connect 
INFO : [pool-2-thread-1]: com.opentext.oesConnector.connector.util.OESAuthUtil.getAuthToken - 15 Jun 2026 12:23:13,391 - OES User password is not updated , will wait for 10 seconds and try to connect 
INFO : [pool-2-thread-1]: com.opentext.oesConnector.connector.util.OESAuthUtil.getAuthToken - 15 Jun 2026 12:23:23,392 - OES configurations are not updated , will wait for 10 seconds and try to connect 
INFO : [pool-2-thread-1]: com.opentext.oesConnector.connector.util.OESAuthUtil.getAuthToken - 15 Jun 2026 12:23:33,392 - OES User password is not updated , will wait for 10 seconds and try to connect 
INFO : [pool-2-thread-1]: com.opentext.oesConnector.connector.util.OESAuthUtil.getAuthToken - 15 Jun 2026 12:23:43,393 - OES configurations are not updated , will wait for 10 seconds and try to connect 
INFO : [pool-2-thread-1]: com.opentext.oesConnector.connector.util.OESAuthUtil.getAuthToken - 15 Jun 2026 12:23:53,393 - OES User password is not updated , will wait for 10 seconds and try to connect 
INFO : [pool-2-thread-1]: com.opentext.oesConnector.connector.util.OESAuthUtil.getAuthToken - 15 Jun 2026 12:24:03,393 - OES configurations are not updated , will wait for 10 seconds and try to connect 
INFO : [pool-2-thread-1]: com.opentext.oesConnector.connector.util.OESAuthUtil.getAuthToken - 15 Jun 2026 12:24:13,395 - OES User password is not updated , will wait for 10 seconds and try to connect 
INFO : [pool-2-thread-1]: com.opentext.oesConnector.connector.util.OESAuthUtil.getAuthToken - 15 Jun 2026 12:24:23,395 - OES configurations are not updated , will wait for 10 seconds and try to connect 
INFO : [pool-2-thread-1]: com.opentext.oesConnector.connector.util.OESAuthUtil.getAuthToken - 15 Jun 2026 12:24:33,396 - OES User password is not updated , will wait for 10 seconds and try to connect 
INFO : [pool-2-thread-1]: com.opentext.oesConnector.connector.util.OESAuthUtil.getAuthToken - 15 Jun 2026 12:24:43,396 - OES configurations are not updated , will wait for 10 seconds and try to connect 
INFO : [pool-2-thread-1]: com.opentext.oesConnector.connector.util.OESAuthUtil.getAuthToken - 15 Jun 2026 12:24:53,396 - OES User password is not updated , will wait for 10 seconds and try to connect 
INFO : [pool-2-thread-1]: com.opentext.oesConnector.connector.util.OESAuthUtil.getAuthToken - 15 Jun 2026 12:25:03,397 - OES configurations are not updated , will wait for 10 seconds and try to connect 
INFO : [pool-2-thread-1]: com.opentext.oesConnector.connector.util.OESAuthUtil.getAuthToken - 15 Jun 2026 12:25:13,398 - OES User password is not updated , will wait for 10 seconds and try to connect 
INFO : [pool-2-thread-1]: com.opentext.oesConnector.connector.util.OESAuthUtil.getAuthToken - 15 Jun 2026 12:25:23,399 - OES configurations are not updated , will wait for 10 seconds and try to connect 
INFO : [pool-2-thread-1]: com.opentext.oesConnector.connector.util.OESAuthUtil.getAuthToken - 15 Jun 2026 12:25:33,399 - OES User password is not updated , will wait for 10 seconds and try to connect 
INFO : [pool-2-thread-1]: com.opentext.oesConnector.connector.util.OESAuthUtil.getAuthToken - 15 Jun 2026 12:25:43,400 - OES configurations are not updated , will wait for 10 seconds and try to connect 
INFO : [pool-2-thread-1]: com.opentext.oesConnector.connector.util.OESAuthUtil.getAuthToken - 15 Jun 2026 12:25:53,400 - OES User password is not updated , will wait for 10 seconds and try to connect 
INFO : [pool-2-thread-1]: com.opentext.oesConnector.connector.util.OESAuthUtil.getAuthToken - 15 Jun 2026 12:26:03,400 - OES configurations are not updated , will wait for 10 seconds and try to connect 
INFO : [pool-2-thread-1]: com.opentext.oesConnector.connector.util.OESAuthUtil.getAuthToken - 15 Jun 2026 12:26:13,402 - OES User password is not updated , will wait for 10 seconds and try to connect 
INFO : [pool-2-thread-1]: com.opentext.oesConnector.connector.util.OESAuthUtil.getAuthToken - 15 Jun 2026 12:26:23,402 - OES configurations are not updated , will wait for 10 seconds and try to connect 
INFO : [pool-2-thread-1]: com.opentext.oesConnector.connector.util.OESAuthUtil.getAuthToken - 15 Jun 2026 12:26:33,403 - OES User password is not updated , will wait for 10 seconds and try to connect 
INFO : [pool-2-thread-1]: com.opentext.oesConnector.connector.util.OESAuthUtil.getAuthToken - 15 Jun 2026 12:26:43,403 - OES configurations are not updated , will wait for 10 seconds and try to connect 
INFO : [pool-2-thread-1]: com.opentext.oesConnector.connector.util.OESAuthUtil.getAuthToken - 15 Jun 2026 12:26:53,404 - OES User password is not updated , will wait for 10 seconds and try to connect 
INFO : [pool-2-thread-1]: com.opentext.oesConnector.connector.util.OESAuthUtil.getAuthToken - 15 Jun 2026 12:27:03,404 - OES configurations are not updated , will wait for 10 seconds and try to connect 
INFO : [pool-2-thread-1]: com.opentext.oesConnector.connector.util.OESAuthUtil.getAuthToken - 15 Jun 2026 12:27:13,405 - OES User password is not updated , will wait for 10 seconds and try to connect 
INFO : [pool-2-thread-1]: com.opentext.oesConnector.connector.util.OESAuthUtil.getAuthToken - 15 Jun 2026 12:27:23,405 - OES configurations are not updated , will wait for 10 seconds and try to connect 
INFO : [pool-2-thread-1]: com.opentext.oesConnector.connector.util.OESAuthUtil.getAuthToken - 15 Jun 2026 12:27:33,406 - OES User password is not updated , will wait for 10 seconds and try to connect 
INFO : [pool-2-thread-1]: com.opentext.oesConnector.connector.util.OESAuthUtil.getAuthToken - 15 Jun 2026 12:27:43,406 - OES configurations are not updated , will wait for 10 seconds and try to connect 
INFO : [pool-2-thread-1]: com.opentext.oesConnector.connector.util.OESAuthUtil.getAuthToken - 15 Jun 2026 12:27:53,407 - OES User password is not updated , will wait for 10 seconds and try to connect 
INFO : [pool-2-thread-1]: com.opentext.oesConnector.connector.util.OESAuthUtil.getAuthToken - 15 Jun 2026 12:28:03,407 - OES configurations are not updated , will wait for 10 seconds and try to connect 
INFO : [pool-2-thread-1]: com.opentext.oesConnector.connector.util.OESAuthUtil.getAuthToken - 15 Jun 2026 12:28:13,409 - OES User password is not updated , will wait for 10 seconds and try to connect 
INFO : [pool-2-thread-1]: com.opentext.oesConnector.connector.util.OESAuthUtil.getAuthToken - 15 Jun 2026 12:28:23,409 - OES configurations are not updated , will wait for 10 seconds and try to connect 
INFO : [pool-2-thread-1]: com.opentext.oesConnector.connector.util.OESAuthUtil.getAuthToken - 15 Jun 2026 12:28:33,409 - OES User password is not updated , will wait for 10 seconds and try to connect 
INFO : [pool-2-thread-1]: com.opentext.oesConnector.connector.util.OESAuthUtil.getAuthToken - 15 Jun 2026 12:28:43,410 - OES configurations are not updated , will wait for 10 seconds and try to connect 
INFO : [pool-2-thread-1]: com.opentext.oesConnector.connector.util.OESAuthUtil.getAuthToken - 15 Jun 2026 12:28:53,410 - OES User password is not updated , will wait for 10 seconds and try to connect 
INFO : [pool-2-thread-1]: com.opentext.oesConnector.connector.util.OESAuthUtil.getAuthToken - 15 Jun 2026 12:29:03,411 - OES configurations are not updated , will wait for 10 seconds and try to connect 
INFO : [pool-2-thread-1]: com.opentext.oesConnector.connector.util.OESAuthUtil.getAuthToken - 15 Jun 2026 12:29:13,412 - OES User password is not updated , will wait for 10 seconds and try to connect 
INFO : [pool-2-thread-1]: com.opentext.oesConnector.connector.util.OESAuthUtil.getAuthToken - 15 Jun 2026 12:29:23,413 - OES configurations are not updated , will wait for 10 seconds and try to connect 
INFO : [pool-2-thread-1]: com.opentext.oesConnector.connector.util.OESAuthUtil.getAuthToken - 15 Jun 2026 12:29:33,413 - OES User password is not updated , will wait for 10 seconds and try to connect 
INFO : [pool-2-thread-1]: com.opentext.oesConnector.connector.util.OESAuthUtil.getAuthToken - 15 Jun 2026 12:29:43,413 - OES configurations are not updated , will wait for 10 seconds and try to connect 
INFO : [pool-2-thread-1]: com.opentext.oesConnector.connector.util.OESAuthUtil.getAuthToken - 15 Jun 2026 12:29:53,414 - OES User password is not updated , will wait for 10 seconds and try to connect 
INFO : [pool-2-thread-1]: com.opentext.oesConnector.connector.util.OESAuthUtil.getAuthToken - 15 Jun 2026 12:30:03,415 - OES configurations are not updated , will wait for 10 seconds and try to connect 
INFO : [pool-2-thread-1]: com.opentext.oesConnector.connector.util.OESAuthUtil.getAuthToken - 15 Jun 2026 12:30:13,416 - OES User password is not updated , will wait for 10 seconds and try to connect 
INFO : [pool-2-thread-1]: com.opentext.oesConnector.connector.util.OESAuthUtil.getAuthToken - 15 Jun 2026 12:30:23,416 - OES configurations are not updated , will wait for 10 seconds and try to connect 
INFO : [pool-2-thread-1]: com.opentext.oesConnector.connector.util.OESAuthUtil.getAuthToken - 15 Jun 2026 12:30:33,417 - OES User password is not updated , will wait for 10 seconds and try to connect 
INFO : [pool-2-thread-1]: com.opentext.oesConnector.connector.util.OESAuthUtil.getAuthToken - 15 Jun 2026 12:30:43,417 - OES configurations are not updated , will wait for 10 seconds and try to connect 
INFO : [pool-2-thread-1]: com.opentext.oesConnector.connector.util.OESAuthUtil.getAuthToken - 15 Jun 2026 12:30:53,418 - OES User password is not updated , will wait for 10 seconds and try to connect 
INFO : [pool-2-thread-1]: com.opentext.oesConnector.connector.util.OESAuthUtil.getAuthToken - 15 Jun 2026 12:31:03,418 - OES configurations are not updated , will wait for 10 seconds and try to connect 
INFO : [pool-2-thread-1]: com.opentext.oesConnector.connector.util.OESAuthUtil.getAuthToken - 15 Jun 2026 12:31:13,420 - OES User password is not updated , will wait for 10 seconds and try to connect 
INFO : [pool-2-thread-1]: com.opentext.oesConnector.connector.util.OESAuthUtil.getAuthToken - 15 Jun 2026 12:31:23,420 - OES configurations are not updated , will wait for 10 seconds and try to connect 
INFO : [pool-2-thread-1]: com.opentext.oesConnector.connector.util.OESAuthUtil.getAuthToken - 15 Jun 2026 12:31:33,421 - OES User password is not updated , will wait for 10 seconds and try to connect 
INFO : [pool-2-thread-1]: com.opentext.oesConnector.connector.util.OESAuthUtil.getAuthToken - 15 Jun 2026 12:31:43,421 - OES configurations are not updated , will wait for 10 seconds and try to connect 
INFO : [pool-2-thread-1]: com.opentext.oesConnector.connector.util.OESAuthUtil.getAuthToken - 15 Jun 2026 12:31:53,421 - OES User password is not updated , will wait for 10 seconds and try to connect 
INFO : [pool-2-thread-1]: com.opentext.oesConnector.connector.util.OESAuthUtil.getAuthToken - 15 Jun 2026 12:32:03,422 - OES configurations are not updated , will wait for 10 seconds and try to connect 
INFO : [pool-2-thread-1]: com.opentext.oesConnector.connector.util.OESAuthUtil.getAuthToken - 15 Jun 2026 12:32:13,423 - OES User password is not updated , will wait for 10 seconds and try to connect 
INFO : [pool-2-thread-1]: com.opentext.oesConnector.connector.util.OESAuthUtil.getAuthToken - 15 Jun 2026 12:32:23,424 - OES configurations are not updated , will wait for 10 seconds and try to connect 
INFO : [pool-2-thread-1]: com.opentext.oesConnector.connector.util.OESAuthUtil.getAuthToken - 15 Jun 2026 12:32:33,424 - OES User password is not updated , will wait for 10 seconds and try to connect 
INFO : [pool-2-thread-1]: com.opentext.oesConnector.connector.util.OESAuthUtil.getAuthToken - 15 Jun 2026 12:32:43,425 - OES configurations are not updated , will wait for 10 seconds and try to connect 
INFO : [pool-2-thread-1]: com.opentext.oesConnector.connector.util.OESAuthUtil.getAuthToken - 15 Jun 2026 12:32:53,425 - OES User password is not updated , will wait for 10 seconds and try to connect 
INFO : [pool-2-thread-1]: com.opentext.oesConnector.connector.util.OESAuthUtil.getAuthToken - 15 Jun 2026 12:33:03,425 - OES configurations are not updated , will wait for 10 seconds and try to connect 
INFO : [pool-2-thread-1]: com.opentext.oesConnector.connector.util.OESAuthUtil.getAuthToken - 15 Jun 2026 12:33:13,427 - OES User password is not updated , will wait for 10 seconds and try to connect 
INFO : [pool-2-thread-1]: com.opentext.oesConnector.connector.util.OESAuthUtil.getAuthToken - 15 Jun 2026 12:33:23,427 - OES configurations are not updated , will wait for 10 seconds and try to connect 
INFO : [pool-2-thread-1]: com.opentext.oesConnector.connector.util.OESAuthUtil.getAuthToken - 15 Jun 2026 12:33:33,428 - OES User password is not updated , will wait for 10 seconds and try to connect 
INFO : [pool-2-thread-1]: com.opentext.oesConnector.connector.util.OESAuthUtil.getAuthToken - 15 Jun 2026 12:33:43,428 - OES configurations are not updated , will wait for 10 seconds and try to connect 
INFO : [pool-2-thread-1]: com.opentext.oesConnector.connector.util.OESAuthUtil.getAuthToken - 15 Jun 2026 12:33:53,428 - OES User password is not updated , will wait for 10 seconds and try to connect 
INFO : [pool-2-thread-1]: com.opentext.oesConnector.connector.util.OESAuthUtil.getAuthToken - 15 Jun 2026 12:34:03,429 - OES configurations are not updated , will wait for 10 seconds and try to connect 
INFO : [pool-2-thread-1]: com.opentext.oesConnector.connector.util.OESAuthUtil.getAuthToken - 15 Jun 2026 12:34:13,430 - OES User password is not updated , will wait for 10 seconds and try to connect 
INFO : [pool-2-thread-1]: com.opentext.oesConnector.connector.util.OESAuthUtil.getAuthToken - 15 Jun 2026 12:34:23,431 - OES configurations are not updated , will wait for 10 seconds and try to connect 
INFO : [pool-2-thread-1]: com.opentext.oesConnector.connector.util.OESAuthUtil.getAuthToken - 15 Jun 2026 12:34:33,431 - OES User password is not updated , will wait for 10 seconds and try to connect 
INFO : [pool-2-thread-1]: com.opentext.oesConnector.connector.util.OESAuthUtil.getAuthToken - 15 Jun 2026 12:34:43,431 - OES configurations are not updated , will wait for 10 seconds and try to connect 
INFO : [pool-2-thread-1]: com.opentext.oesConnector.connector.util.OESAuthUtil.getAuthToken - 15 Jun 2026 12:34:53,432 - OES User password is not updated , will wait for 10 seconds and try to connect 
INFO : [pool-2-thread-1]: com.opentext.oesConnector.connector.util.OESAuthUtil.getAuthToken - 15 Jun 2026 12:35:03,432 - OES configurations are not updated , will wait for 10 seconds and try to connect 
INFO : [pool-2-thread-1]: com.opentext.oesConnector.connector.util.OESAuthUtil.getAuthToken - 15 Jun 2026 12:35:13,434 - OES User password is not updated , will wait for 10 seconds and try to connect 
INFO : [pool-2-thread-1]: com.opentext.oesConnector.connector.util.OESAuthUtil.getAuthToken - 15 Jun 2026 12:35:23,434 - OES configurations are not updated , will wait for 10 seconds and try to connect 
INFO : [pool-2-thread-1]: com.opentext.oesConnector.connector.util.OESAuthUtil.getAuthToken - 15 Jun 2026 12:35:33,435 - OES User password is not updated , will wait for 10 seconds and try to connect 
INFO : [pool-2-thread-1]: com.opentext.oesConnector.connector.util.OESAuthUtil.getAuthToken - 15 Jun 2026 12:35:43,435 - OES configurations are not updated , will wait for 10 seconds and try to connect 
INFO : [pool-2-thread-1]: com.opentext.oesConnector.connector.util.OESAuthUtil.getAuthToken - 15 Jun 2026 12:35:53,435 - OES User password is not updated , will wait for 10 seconds and try to connect 
INFO : [pool-2-thread-1]: com.opentext.oesConnector.connector.util.OESAuthUtil.getAuthToken - 15 Jun 2026 12:36:03,436 - OES configurations are not updated , will wait for 10 seconds and try to connect 
INFO : [pool-2-thread-1]: com.opentext.oesConnector.connector.util.OESAuthUtil.getAuthToken - 15 Jun 2026 12:36:13,437 - OES User password is not updated , will wait for 10 seconds and try to connect 
INFO : [pool-2-thread-1]: com.opentext.oesConnector.connector.util.OESAuthUtil.getAuthToken - 15 Jun 2026 12:36:23,438 - OES configurations are not updated , will wait for 10 seconds and try to connect 
INFO : [pool-2-thread-1]: com.opentext.oesConnector.connector.util.OESAuthUtil.getAuthToken - 15 Jun 2026 12:36:33,438 - OES User password is not updated , will wait for 10 seconds and try to connect 
INFO : [pool-2-thread-1]: com.opentext.oesConnector.connector.util.OESAuthUtil.getAuthToken - 15 Jun 2026 12:36:43,439 - OES configurations are not updated , will wait for 10 seconds and try to connect 
INFO : [pool-2-thread-1]: com.opentext.oesConnector.connector.util.OESAuthUtil.getAuthToken - 15 Jun 2026 12:36:53,439 - OES User password is not updated , will wait for 10 seconds and try to connect 
INFO : [pool-2-thread-1]: com.opentext.oesConnector.connector.util.OESAuthUtil.getAuthToken - 15 Jun 2026 12:37:03,439 - OES configurations are not updated , will wait for 10 seconds and try to connect 
INFO : [pool-2-thread-1]: com.opentext.oesConnector.connector.util.OESAuthUtil.getAuthToken - 15 Jun 2026 12:37:13,441 - OES User password is not updated , will wait for 10 seconds and try to connect 
INFO : [pool-2-thread-1]: com.opentext.oesConnector.connector.util.OESAuthUtil.getAuthToken - 15 Jun 2026 12:37:23,441 - OES configurations are not updated , will wait for 10 seconds and try to connect 
INFO : [pool-2-thread-1]: com.opentext.oesConnector.connector.util.OESAuthUtil.getAuthToken - 15 Jun 2026 12:37:33,442 - OES User password is not updated , will wait for 10 seconds and try to connect 
INFO : [pool-2-thread-1]: com.opentext.oesConnector.connector.util.OESAuthUtil.getAuthToken - 15 Jun 2026 12:37:43,442 - OES configurations are not updated , will wait for 10 seconds and try to connect 
INFO : [pool-2-thread-1]: com.opentext.oesConnector.connector.util.OESAuthUtil.getAuthToken - 15 Jun 2026 12:37:53,442 - OES User password is not updated , will wait for 10 seconds and try to connect 
INFO : [pool-2-thread-1]: com.opentext.oesConnector.connector.util.OESAuthUtil.getAuthToken - 15 Jun 2026 12:38:03,443 - OES configurations are not updated , will wait for 10 seconds and try to connect 
INFO : [pool-2-thread-1]: com.opentext.oesConnector.connector.util.OESAuthUtil.getAuthToken - 15 Jun 2026 12:38:13,444 - OES User password is not updated , will wait for 10 seconds and try to connect 
INFO : [pool-2-thread-1]: com.opentext.oesConnector.connector.util.OESAuthUtil.getAuthToken - 15 Jun 2026 12:38:23,444 - OES configurations are not updated , will wait for 10 seconds and try to connect 
INFO : [pool-2-thread-1]: com.opentext.oesConnector.connector.util.OESAuthUtil.getAuthToken - 15 Jun 2026 12:38:33,445 - OES User password is not updated , will wait for 10 seconds and try to connect 
INFO : [pool-2-thread-1]: com.opentext.oesConnector.connector.util.OESAuthUtil.getAuthToken - 15 Jun 2026 12:38:43,445 - OES configurations are not updated , will wait for 10 seconds and try to connect 
INFO : [pool-2-thread-1]: com.opentext.oesConnector.connector.util.OESAuthUtil.getAuthToken - 15 Jun 2026 12:38:53,446 - OES User password is not updated , will wait for 10 seconds and try to connect 
INFO : [pool-2-thread-1]: com.opentext.oesConnector.connector.util.OESAuthUtil.getAuthToken - 15 Jun 2026 12:39:03,446 - OES configurations are not updated , will wait for 10 seconds and try to connect 
INFO : [pool-2-thread-1]: com.opentext.oesConnector.connector.util.OESAuthUtil.getAuthToken - 15 Jun 2026 12:39:13,448 - OES User password is not updated , will wait for 10 seconds and try to connect 
INFO : [pool-2-thread-1]: com.opentext.oesConnector.connector.util.OESAuthUtil.getAuthToken - 15 Jun 2026 12:39:23,448 - OES configurations are not updated , will wait for 10 seconds and try to connect 
INFO : [pool-2-thread-1]: com.opentext.oesConnector.connector.util.OESAuthUtil.getAuthToken - 15 Jun 2026 12:39:33,449 - OES User password is not updated , will wait for 10 seconds and try to connect 
INFO : [pool-2-thread-1]: com.opentext.oesConnector.connector.util.OESAuthUtil.getAuthToken - 15 Jun 2026 12:39:43,449 - OES configurations are not updated , will wait for 10 seconds and try to connect 
INFO : [pool-2-thread-1]: com.opentext.oesConnector.connector.util.OESAuthUtil.getAuthToken - 15 Jun 2026 12:39:53,450 - OES User password is not updated , will wait for 10 seconds and try to connect 
INFO : [pool-2-thread-1]: com.opentext.oesConnector.connector.util.OESAuthUtil.getAuthToken - 15 Jun 2026 12:40:03,450 - OES configurations are not updated , will wait for 10 seconds and try to connect 
INFO : [pool-2-thread-1]: com.opentext.oesConnector.connector.util.OESAuthUtil.getAuthToken - 15 Jun 2026 12:40:13,451 - OES User password is not updated , will wait for 10 seconds and try to connect 
INFO : [pool-2-thread-1]: com.opentext.oesConnector.connector.util.OESAuthUtil.getAuthToken - 15 Jun 2026 12:40:23,452 - OES configurations are not updated , will wait for 10 seconds and try to connect 
INFO : [pool-2-thread-1]: com.opentext.oesConnector.connector.util.OESAuthUtil.getAuthToken - 15 Jun 2026 12:40:33,452 - OES User password is not updated , will wait for 10 seconds and try to connect 
INFO : [pool-2-thread-1]: com.opentext.oesConnector.connector.util.OESAuthUtil.getAuthToken - 15 Jun 2026 12:40:43,452 - OES configurations are not updated , will wait for 10 seconds and try to connect 
INFO : [pool-2-thread-1]: com.opentext.oesConnector.connector.util.OESAuthUtil.getAuthToken - 15 Jun 2026 12:40:53,453 - OES User password is not updated , will wait for 10 seconds and try to connect 
INFO : [pool-2-thread-1]: com.opentext.oesConnector.connector.util.OESAuthUtil.getAuthToken - 15 Jun 2026 12:41:03,453 - OES configurations are not updated , will wait for 10 seconds and try to connect 
INFO : [pool-2-thread-1]: com.opentext.oesConnector.connector.util.OESAuthUtil.getAuthToken - 15 Jun 2026 12:41:13,455 - OES User password is not updated , will wait for 10 seconds and try to connect 
INFO : [pool-2-thread-1]: com.opentext.oesConnector.connector.util.OESAuthUtil.getAuthToken - 15 Jun 2026 12:41:23,455 - OES configurations are not updated , will wait for 10 seconds and try to connect 
INFO : [pool-2-thread-1]: com.opentext.oesConnector.connector.util.OESAuthUtil.getAuthToken - 15 Jun 2026 12:41:33,456 - OES User password is not updated , will wait for 10 seconds and try to connect 
INFO : [pool-2-thread-1]: com.opentext.oesConnector.connector.util.OESAuthUtil.getAuthToken - 15 Jun 2026 12:41:43,456 - OES configurations are not updated , will wait for 10 seconds and try to connect 
INFO : [pool-2-thread-1]: com.opentext.oesConnector.connector.util.OESAuthUtil.getAuthToken - 15 Jun 2026 12:41:53,456 - OES User password is not updated , will wait for 10 seconds and try to connect 
INFO : [pool-2-thread-1]: com.opentext.oesConnector.connector.util.OESAuthUtil.getAuthToken - 15 Jun 2026 12:42:03,457 - OES configurations are not updated , will wait for 10 seconds and try to connect 
INFO : [pool-2-thread-1]: com.opentext.oesConnector.connector.util.OESAuthUtil.getAuthToken - 15 Jun 2026 12:42:13,458 - OES User password is not updated , will wait for 10 seconds and try to connect 
INFO : [pool-2-thread-1]: com.opentext.oesConnector.connector.util.OESAuthUtil.getAuthToken - 15 Jun 2026 12:42:23,458 - OES configurations are not updated , will wait for 10 seconds and try to connect 
INFO : [pool-2-thread-1]: com.opentext.oesConnector.connector.util.OESAuthUtil.getAuthToken - 15 Jun 2026 12:42:33,459 - OES User password is not updated , will wait for 10 seconds and try to connect 
INFO : [pool-2-thread-1]: com.opentext.oesConnector.connector.util.OESAuthUtil.getAuthToken - 15 Jun 2026 12:42:43,459 - OES configurations are not updated , will wait for 10 seconds and try to connect 
INFO : [pool-2-thread-1]: com.opentext.oesConnector.connector.util.OESAuthUtil.getAuthToken - 15 Jun 2026 12:42:53,460 - OES User password is not updated , will wait for 10 seconds and try to connect 
INFO : [pool-2-thread-1]: com.opentext.oesConnector.connector.util.OESAuthUtil.getAuthToken - 15 Jun 2026 12:43:03,460 - OES configurations are not updated , will wait for 10 seconds and try to connect 
INFO : [pool-2-thread-1]: com.opentext.oesConnector.connector.util.OESAuthUtil.getAuthToken - 15 Jun 2026 12:43:13,462 - OES User password is not updated , will wait for 10 seconds and try to connect 
INFO : [pool-2-thread-1]: com.opentext.oesConnector.connector.util.OESAuthUtil.getAuthToken - 15 Jun 2026 12:43:23,462 - OES configurations are not updated , will wait for 10 seconds and try to connect 
INFO : [pool-2-thread-1]: com.opentext.oesConnector.connector.util.OESAuthUtil.getAuthToken - 15 Jun 2026 12:43:33,462 - OES User password is not updated , will wait for 10 seconds and try to connect 
INFO : [pool-2-thread-1]: com.opentext.oesConnector.connector.util.OESAuthUtil.getAuthToken - 15 Jun 2026 12:43:43,463 - OES configurations are not updated , will wait for 10 seconds and try to connect 
INFO : [pool-2-thread-1]: com.opentext.oesConnector.connector.util.OESAuthUtil.getAuthToken - 15 Jun 2026 12:43:53,463 - OES User password is not updated , will wait for 10 seconds and try to connect 
INFO : [pool-2-thread-1]: com.opentext.oesConnector.connector.util.OESAuthUtil.getAuthToken - 15 Jun 2026 12:44:03,464 - OES configurations are not updated , will wait for 10 seconds and try to connect 
INFO : [pool-2-thread-1]: com.opentext.oesConnector.connector.util.OESAuthUtil.getAuthToken - 15 Jun 2026 12:44:13,465 - OES User password is not updated , will wait for 10 seconds and try to connect 
INFO : [pool-2-thread-1]: com.opentext.oesConnector.connector.util.OESAuthUtil.getAuthToken - 15 Jun 2026 12:44:23,465 - OES configurations are not updated , will wait for 10 seconds and try to connect 
INFO : [pool-2-thread-1]: com.opentext.oesConnector.connector.util.OESAuthUtil.getAuthToken - 15 Jun 2026 12:44:33,466 - OES User password is not updated , will wait for 10 seconds and try to connect 
INFO : [pool-2-thread-1]: com.opentext.oesConnector.connector.util.OESAuthUtil.getAuthToken - 15 Jun 2026 12:44:43,466 - OES configurations are not updated , will wait for 10 seconds and try to connect 
INFO : [pool-2-thread-1]: com.opentext.oesConnector.connector.util.OESAuthUtil.getAuthToken - 15 Jun 2026 12:44:53,467 - OES User password is not updated , will wait for 10 seconds and try to connect 
INFO : [pool-2-thread-1]: com.opentext.oesConnector.connector.util.OESAuthUtil.getAuthToken - 15 Jun 2026 12:45:03,467 - OES configurations are not updated , will wait for 10 seconds and try to connect 
INFO : [pool-2-thread-1]: com.opentext.oesConnector.connector.util.OESAuthUtil.getAuthToken - 15 Jun 2026 12:45:13,468 - OES User password is not updated , will wait for 10 seconds and try to connect 
INFO : [pool-2-thread-1]: com.opentext.oesConnector.connector.util.OESAuthUtil.getAuthToken - 15 Jun 2026 12:45:23,469 - OES configurations are not updated , will wait for 10 seconds and try to connect 
INFO : [pool-2-thread-1]: com.opentext.oesConnector.connector.util.OESAuthUtil.getAuthToken - 15 Jun 2026 12:45:33,469 - OES User password is not updated , will wait for 10 seconds and try to connect 
INFO : [pool-2-thread-1]: com.opentext.oesConnector.connector.util.OESAuthUtil.getAuthToken - 15 Jun 2026 12:45:43,470 - OES configurations are not updated , will wait for 10 seconds and try to connect 
INFO : [pool-2-thread-1]: com.opentext.oesConnector.connector.util.OESAuthUtil.getAuthToken - 15 Jun 2026 12:45:53,470 - OES User password is not updated , will wait for 10 seconds and try to connect 
INFO : [pool-2-thread-1]: com.opentext.oesConnector.connector.util.OESAuthUtil.getAuthToken - 15 Jun 2026 12:46:03,470 - OES configurations are not updated , will wait for 10 seconds and try to connect 
INFO : [pool-2-thread-1]: com.opentext.oesConnector.connector.util.OESAuthUtil.getAuthToken - 15 Jun 2026 12:46:13,472 - OES User password is not updated , will wait for 10 seconds and try to connect 
INFO : [pool-2-thread-1]: com.opentext.oesConnector.connector.util.OESAuthUtil.getAuthToken - 15 Jun 2026 12:46:23,472 - OES configurations are not updated , will wait for 10 seconds and try to connect 
INFO : [pool-2-thread-1]: com.opentext.oesConnector.connector.util.OESAuthUtil.getAuthToken - 15 Jun 2026 12:46:33,473 - OES User password is not updated , will wait for 10 seconds and try to connect 
INFO : [pool-2-thread-1]: com.opentext.oesConnector.connector.util.OESAuthUtil.getAuthToken - 15 Jun 2026 12:46:43,473 - OES configurations are not updated , will wait for 10 seconds and try to connect 
INFO : [pool-2-thread-1]: com.opentext.oesConnector.connector.util.OESAuthUtil.getAuthToken - 15 Jun 2026 12:46:53,473 - OES User password is not updated , will wait for 10 seconds and try to connect 
INFO : [pool-2-thread-1]: com.opentext.oesConnector.connector.util.OESAuthUtil.getAuthToken - 15 Jun 2026 12:47:03,474 - OES configurations are not updated , will wait for 10 seconds and try to connect 
INFO : [pool-2-thread-1]: com.opentext.oesConnector.connector.util.OESAuthUtil.getAuthToken - 15 Jun 2026 12:47:13,475 - OES User password is not updated , will wait for 10 seconds and try to connect 
INFO : [pool-2-thread-1]: com.opentext.oesConnector.connector.util.OESAuthUtil.getAuthToken - 15 Jun 2026 12:47:23,475 - OES configurations are not updated , will wait for 10 seconds and try to connect 
INFO : [pool-2-thread-1]: com.opentext.oesConnector.connector.util.OESAuthUtil.getAuthToken - 15 Jun 2026 12:47:33,476 - OES User password is not updated , will wait for 10 seconds and try to connect 
INFO : [pool-2-thread-1]: com.opentext.oesConnector.connector.util.OESAuthUtil.getAuthToken - 15 Jun 2026 12:47:43,476 - OES configurations are not updated , will wait for 10 seconds and try to connect 
INFO : [pool-2-thread-1]: com.opentext.oesConnector.connector.util.OESAuthUtil.getAuthToken - 15 Jun 2026 12:47:53,477 - OES User password is not updated , will wait for 10 seconds and try to connect 
INFO : [pool-2-thread-1]: com.opentext.oesConnector.connector.util.OESAuthUtil.getAuthToken - 15 Jun 2026 12:48:03,477 - OES configurations are not updated , will wait for 10 seconds and try to connect 
INFO : [pool-2-thread-1]: com.opentext.oesConnector.connector.util.OESAuthUtil.getAuthToken - 15 Jun 2026 12:48:13,479 - OES User password is not updated , will wait for 10 seconds and try to connect 
INFO : [pool-2-thread-1]: com.opentext.oesConnector.connector.util.OESAuthUtil.getAuthToken - 15 Jun 2026 12:48:23,479 - OES configurations are not updated , will wait for 10 seconds and try to connect 
INFO : [pool-2-thread-1]: com.opentext.oesConnector.connector.util.OESAuthUtil.getAuthToken - 15 Jun 2026 12:48:33,479 - OES User password is not updated , will wait for 10 seconds and try to connect 
INFO : [pool-2-thread-1]: com.opentext.oesConnector.connector.util.OESAuthUtil.getAuthToken - 15 Jun 2026 12:48:43,480 - OES configurations are not updated , will wait for 10 seconds and try to connect 
INFO : [pool-2-thread-1]: com.opentext.oesConnector.connector.util.OESAuthUtil.getAuthToken - 15 Jun 2026 12:48:53,480 - OES User password is not updated , will wait for 10 seconds and try to connect 
INFO : [pool-2-thread-1]: com.opentext.oesConnector.connector.util.OESAuthUtil.getAuthToken - 15 Jun 2026 12:49:03,480 - OES configurations are not updated , will wait for 10 seconds and try to connect 
INFO : [pool-2-thread-1]: com.opentext.oesConnector.connector.util.OESAuthUtil.getAuthToken - 15 Jun 2026 12:49:13,482 - OES User password is not updated , will wait for 10 seconds and try to connect 
INFO : [pool-2-thread-1]: com.opentext.oesConnector.connector.util.OESAuthUtil.getAuthToken - 15 Jun 2026 12:49:23,482 - OES configurations are not updated , will wait for 10 seconds and try to connect 
INFO : [pool-2-thread-1]: com.opentext.oesConnector.connector.util.OESAuthUtil.getAuthToken - 15 Jun 2026 12:49:33,483 - OES User password is not updated , will wait for 10 seconds and try to connect 
INFO : [pool-2-thread-1]: com.opentext.oesConnector.connector.util.OESAuthUtil.getAuthToken - 15 Jun 2026 12:49:43,483 - OES configurations are not updated , will wait for 10 seconds and try to connect 
INFO : [pool-2-thread-1]: com.opentext.oesConnector.connector.util.OESAuthUtil.getAuthToken - 15 Jun 2026 12:49:53,484 - OES User password is not updated , will wait for 10 seconds and try to connect 
INFO : [pool-2-thread-1]: com.opentext.oesConnector.connector.util.OESAuthUtil.getAuthToken - 15 Jun 2026 12:50:03,484 - OES configurations are not updated , will wait for 10 seconds and try to connect 
INFO : [pool-2-thread-1]: com.opentext.oesConnector.connector.util.OESAuthUtil.getAuthToken - 15 Jun 2026 12:50:13,485 - OES User password is not updated , will wait for 10 seconds and try to connect 
INFO : [pool-2-thread-1]: com.opentext.oesConnector.connector.util.OESAuthUtil.getAuthToken - 15 Jun 2026 12:50:23,486 - OES configurations are not updated , will wait for 10 seconds and try to connect 
INFO : [pool-2-thread-1]: com.opentext.oesConnector.connector.util.OESAuthUtil.getAuthToken - 15 Jun 2026 12:50:33,486 - OES User password is not updated , will wait for 10 seconds and try to connect 
INFO : [pool-2-thread-1]: com.opentext.oesConnector.connector.util.OESAuthUtil.getAuthToken - 15 Jun 2026 12:50:43,486 - OES configurations are not updated , will wait for 10 seconds and try to connect 
INFO : [pool-2-thread-1]: com.opentext.oesConnector.connector.util.OESAuthUtil.getAuthToken - 15 Jun 2026 12:50:53,487 - OES User password is not updated , will wait for 10 seconds and try to connect 
INFO : [pool-2-thread-1]: com.opentext.oesConnector.connector.util.OESAuthUtil.getAuthToken - 15 Jun 2026 12:51:03,487 - OES configurations are not updated , will wait for 10 seconds and try to connect 
INFO : [pool-2-thread-1]: com.opentext.oesConnector.connector.util.OESAuthUtil.getAuthToken - 15 Jun 2026 12:51:13,489 - OES User password is not updated , will wait for 10 seconds and try to connect 
INFO : [pool-2-thread-1]: com.opentext.oesConnector.connector.util.OESAuthUtil.getAuthToken - 15 Jun 2026 12:51:23,489 - OES configurations are not updated , will wait for 10 seconds and try to connect 
INFO : [pool-2-thread-1]: com.opentext.oesConnector.connector.util.OESAuthUtil.getAuthToken - 15 Jun 2026 12:51:33,490 - OES User password is not updated , will wait for 10 seconds and try to connect 
INFO : [pool-2-thread-1]: com.opentext.oesConnector.connector.util.OESAuthUtil.getAuthToken - 15 Jun 2026 12:51:43,490 - OES configurations are not updated , will wait for 10 seconds and try to connect 
INFO : [pool-2-thread-1]: com.opentext.oesConnector.connector.util.OESAuthUtil.getAuthToken - 15 Jun 2026 12:51:53,491 - OES User password is not updated , will wait for 10 seconds and try to connect 
INFO : [pool-2-thread-1]: com.opentext.oesConnector.connector.util.OESAuthUtil.getAuthToken - 15 Jun 2026 12:52:03,491 - OES configurations are not updated , will wait for 10 seconds and try to connect 
INFO : [pool-2-thread-1]: com.opentext.oesConnector.connector.util.OESAuthUtil.getAuthToken - 15 Jun 2026 12:52:13,492 - OES User password is not updated , will wait for 10 seconds and try to connect 
INFO : [pool-2-thread-1]: com.opentext.oesConnector.connector.util.OESAuthUtil.getAuthToken - 15 Jun 2026 12:52:23,493 - OES configurations are not updated , will wait for 10 seconds and try to connect 
INFO : [pool-2-thread-1]: com.opentext.oesConnector.connector.util.OESAuthUtil.getAuthToken - 15 Jun 2026 12:52:33,493 - OES User password is not updated , will wait for 10 seconds and try to connect 
INFO : [pool-2-thread-1]: com.opentext.oesConnector.connector.util.OESAuthUtil.getAuthToken - 15 Jun 2026 12:52:43,494 - OES configurations are not updated , will wait for 10 seconds and try to connect 
INFO : [pool-2-thread-1]: com.opentext.oesConnector.connector.util.OESAuthUtil.getAuthToken - 15 Jun 2026 12:52:53,494 - OES User password is not updated , will wait for 10 seconds and try to connect 
INFO : [pool-2-thread-1]: com.opentext.oesConnector.connector.util.OESAuthUtil.getAuthToken - 15 Jun 2026 12:53:03,494 - OES configurations are not updated , will wait for 10 seconds and try to connect 
INFO : [pool-2-thread-1]: com.opentext.oesConnector.connector.util.OESAuthUtil.getAuthToken - 15 Jun 2026 12:53:13,496 - OES User password is not updated , will wait for 10 seconds and try to connect 
INFO : [pool-2-thread-1]: com.opentext.oesConnector.connector.util.OESAuthUtil.getAuthToken - 15 Jun 2026 12:53:23,496 - OES configurations are not updated , will wait for 10 seconds and try to connect 
INFO : [pool-2-thread-1]: com.opentext.oesConnector.connector.util.OESAuthUtil.getAuthToken - 15 Jun 2026 12:53:33,497 - OES User password is not updated , will wait for 10 seconds and try to connect 
INFO : [pool-2-thread-1]: com.opentext.oesConnector.connector.util.OESAuthUtil.getAuthToken - 15 Jun 2026 12:53:43,497 - OES configurations are not updated , will wait for 10 seconds and try to connect 
INFO : [pool-2-thread-1]: com.opentext.oesConnector.connector.util.OESAuthUtil.getAuthToken - 15 Jun 2026 12:53:53,498 - OES User password is not updated , will wait for 10 seconds and try to connect 
INFO : [pool-2-thread-1]: com.opentext.oesConnector.connector.util.OESAuthUtil.getAuthToken - 15 Jun 2026 12:54:03,498 - OES configurations are not updated , will wait for 10 seconds and try to connect 
INFO : [pool-2-thread-1]: com.opentext.oesConnector.connector.util.OESAuthUtil.getAuthToken - 15 Jun 2026 12:54:13,500 - OES User password is not updated , will wait for 10 seconds and try to connect 
INFO : [pool-2-thread-1]: com.opentext.oesConnector.connector.util.OESAuthUtil.getAuthToken - 15 Jun 2026 12:54:23,500 - OES configurations are not updated , will wait for 10 seconds and try to connect 
INFO : [pool-2-thread-1]: com.opentext.oesConnector.connector.util.OESAuthUtil.getAuthToken - 15 Jun 2026 12:54:33,500 - OES User password is not updated , will wait for 10 seconds and try to connect 
INFO : [pool-2-thread-1]: com.opentext.oesConnector.connector.util.OESAuthUtil.getAuthToken - 15 Jun 2026 12:54:43,501 - OES configurations are not updated , will wait for 10 seconds and try to connect 
INFO : [pool-2-thread-1]: com.opentext.oesConnector.connector.util.OESAuthUtil.getAuthToken - 15 Jun 2026 12:54:53,501 - OES User password is not updated , will wait for 10 seconds and try to connect 
INFO : [pool-2-thread-1]: com.opentext.oesConnector.connector.util.OESAuthUtil.getAuthToken - 15 Jun 2026 12:55:03,502 - OES configurations are not updated , will wait for 10 seconds and try to connect 
INFO : [pool-2-thread-1]: com.opentext.oesConnector.connector.util.OESAuthUtil.getAuthToken - 15 Jun 2026 12:55:13,504 - OES User password is not updated , will wait for 10 seconds and try to connect 
INFO : [pool-2-thread-1]: com.opentext.oesConnector.connector.util.OESAuthUtil.getAuthToken - 15 Jun 2026 12:55:23,504 - OES configurations are not updated , will wait for 10 seconds and try to connect 
INFO : [pool-2-thread-1]: com.opentext.oesConnector.connector.util.OESAuthUtil.getAuthToken - 15 Jun 2026 12:55:33,505 - OES User password is not updated , will wait for 10 seconds and try to connect 
INFO : [pool-2-thread-1]: com.opentext.oesConnector.connector.util.OESAuthUtil.getAuthToken - 15 Jun 2026 12:55:43,505 - OES configurations are not updated , will wait for 10 seconds and try to connect 
INFO : [pool-2-thread-1]: com.opentext.oesConnector.connector.util.OESAuthUtil.getAuthToken - 15 Jun 2026 12:55:53,506 - OES User password is not updated , will wait for 10 seconds and try to connect 
INFO : [pool-2-thread-1]: com.opentext.oesConnector.connector.util.OESAuthUtil.getAuthToken - 15 Jun 2026 12:56:03,506 - OES configurations are not updated , will wait for 10 seconds and try to connect 
INFO : [pool-2-thread-1]: com.opentext.oesConnector.connector.util.OESAuthUtil.getAuthToken - 15 Jun 2026 12:56:13,507 - OES User password is not updated , will wait for 10 seconds and try to connect 
INFO : [pool-2-thread-1]: com.opentext.oesConnector.connector.util.OESAuthUtil.getAuthToken - 15 Jun 2026 12:56:23,508 - OES configurations are not updated , will wait for 10 seconds and try to connect 
INFO : [pool-2-thread-1]: com.opentext.oesConnector.connector.util.OESAuthUtil.getAuthToken - 15 Jun 2026 12:56:33,508 - OES User password is not updated , will wait for 10 seconds and try to connect 
INFO : [pool-2-thread-1]: com.opentext.oesConnector.connector.util.OESAuthUtil.getAuthToken - 15 Jun 2026 12:56:43,508 - OES configurations are not updated , will wait for 10 seconds and try to connect 
INFO : [pool-2-thread-1]: com.opentext.oesConnector.connector.util.OESAuthUtil.getAuthToken - 15 Jun 2026 12:56:53,509 - OES User password is not updated , will wait for 10 seconds and try to connect 
INFO : [pool-2-thread-1]: com.opentext.oesConnector.connector.util.OESAuthUtil.getAuthToken - 15 Jun 2026 12:57:03,509 - OES configurations are not updated , will wait for 10 seconds and try to connect 
INFO : [pool-2-thread-1]: com.opentext.oesConnector.connector.util.OESAuthUtil.getAuthToken - 15 Jun 2026 12:57:13,511 - OES User password is not updated , will wait for 10 seconds and try to connect 
INFO : [pool-2-thread-1]: com.opentext.oesConnector.connector.util.OESAuthUtil.getAuthToken - 15 Jun 2026 12:57:23,511 - OES configurations are not updated , will wait for 10 seconds and try to connect 
INFO : [pool-2-thread-1]: com.opentext.oesConnector.connector.util.OESAuthUtil.getAuthToken - 15 Jun 2026 12:57:33,512 - OES User password is not updated , will wait for 10 seconds and try to connect 
INFO : [pool-2-thread-1]: com.opentext.oesConnector.connector.util.OESAuthUtil.getAuthToken - 15 Jun 2026 12:57:43,512 - OES configurations are not updated , will wait for 10 seconds and try to connect 
INFO : [pool-2-thread-1]: com.opentext.oesConnector.connector.util.OESAuthUtil.getAuthToken - 15 Jun 2026 12:57:53,512 - OES User password is not updated , will wait for 10 seconds and try to connect 
INFO : [pool-2-thread-1]: com.opentext.oesConnector.connector.util.OESAuthUtil.getAuthToken - 15 Jun 2026 12:58:03,513 - OES configurations are not updated , will wait for 10 seconds and try to connect 
INFO : [pool-2-thread-1]: com.opentext.oesConnector.connector.util.OESAuthUtil.getAuthToken - 15 Jun 2026 12:58:13,514 - OES User password is not updated , will wait for 10 seconds and try to connect 
INFO : [pool-2-thread-1]: com.opentext.oesConnector.connector.util.OESAuthUtil.getAuthToken - 15 Jun 2026 12:58:23,514 - OES configurations are not updated , will wait for 10 seconds and try to connect 
INFO : [pool-2-thread-1]: com.opentext.oesConnector.connector.util.OESAuthUtil.getAuthToken - 15 Jun 2026 12:58:33,515 - OES User password is not updated , will wait for 10 seconds and try to connect 
INFO : [pool-2-thread-1]: com.opentext.oesConnector.connector.util.OESAuthUtil.getAuthToken - 15 Jun 2026 12:58:43,515 - OES configurations are not updated , will wait for 10 seconds and try to connect 
INFO : [pool-2-thread-1]: com.opentext.oesConnector.connector.util.OESAuthUtil.getAuthToken - 15 Jun 2026 12:58:53,516 - OES User password is not updated , will wait for 10 seconds and try to connect 
INFO : [pool-2-thread-1]: com.opentext.oesConnector.connector.util.OESAuthUtil.getAuthToken - 15 Jun 2026 12:59:03,516 - OES configurations are not updated , will wait for 10 seconds and try to connect 
INFO : [pool-2-thread-1]: com.opentext.oesConnector.connector.util.OESAuthUtil.getAuthToken - 15 Jun 2026 12:59:13,517 - OES User password is not updated , will wait for 10 seconds and try to connect 
INFO : [pool-2-thread-1]: com.opentext.oesConnector.connector.util.OESAuthUtil.getAuthToken - 15 Jun 2026 12:59:23,518 - OES configurations are not updated , will wait for 10 seconds and try to connect 
INFO : [pool-2-thread-1]: com.opentext.oesConnector.connector.util.OESAuthUtil.getAuthToken - 15 Jun 2026 12:59:33,518 - OES User password is not updated , will wait for 10 seconds and try to connect 
INFO : [pool-2-thread-1]: com.opentext.oesConnector.connector.util.OESAuthUtil.getAuthToken - 15 Jun 2026 12:59:43,519 - OES configurations are not updated , will wait for 10 seconds and try to connect 
INFO : [pool-2-thread-1]: com.opentext.oesConnector.connector.util.OESAuthUtil.getAuthToken - 15 Jun 2026 12:59:53,519 - OES User password is not updated , will wait for 10 seconds and try to connect 
INFO : [pool-2-thread-1]: com.opentext.oesConnector.connector.util.OESAuthUtil.getAuthToken - 15 Jun 2026 13:00:03,520 - OES configurations are not updated , will wait for 10 seconds and try to connect 
INFO : [pool-2-thread-1]: com.opentext.oesConnector.connector.util.OESAuthUtil.getAuthToken - 15 Jun 2026 13:00:13,521 - OES User password is not updated , will wait for 10 seconds and try to connect 
INFO : [pool-2-thread-1]: com.opentext.oesConnector.connector.util.OESAuthUtil.getAuthToken - 15 Jun 2026 13:00:23,521 - OES configurations are not updated , will wait for 10 seconds and try to connect 
INFO : [pool-2-thread-1]: com.opentext.oesConnector.connector.util.OESAuthUtil.getAuthToken - 15 Jun 2026 13:00:33,522 - OES User password is not updated , will wait for 10 seconds and try to connect 
INFO : [pool-2-thread-1]: com.opentext.oesConnector.connector.util.OESAuthUtil.getAuthToken - 15 Jun 2026 13:00:43,522 - OES configurations are not updated , will wait for 10 seconds and try to connect 
INFO : [pool-2-thread-1]: com.opentext.oesConnector.connector.util.OESAuthUtil.getAuthToken - 15 Jun 2026 13:00:53,523 - OES User password is not updated , will wait for 10 seconds and try to connect 
INFO : [pool-2-thread-1]: com.opentext.oesConnector.connector.util.OESAuthUtil.getAuthToken - 15 Jun 2026 13:01:03,523 - OES configurations are not updated , will wait for 10 seconds and try to connect 
INFO : [pool-2-thread-1]: com.opentext.oesConnector.connector.util.OESAuthUtil.getAuthToken - 15 Jun 2026 13:01:13,524 - OES User password is not updated , will wait for 10 seconds and try to connect 
INFO : [pool-2-thread-1]: com.opentext.oesConnector.connector.util.OESAuthUtil.getAuthToken - 15 Jun 2026 13:01:23,525 - OES configurations are not updated , will wait for 10 seconds and try to connect 
INFO : [pool-2-thread-1]: com.opentext.oesConnector.connector.util.OESAuthUtil.getAuthToken - 15 Jun 2026 13:01:33,525 - OES User password is not updated , will wait for 10 seconds and try to connect 
INFO : [pool-2-thread-1]: com.opentext.oesConnector.connector.util.OESAuthUtil.getAuthToken - 15 Jun 2026 13:01:43,526 - OES configurations are not updated , will wait for 10 seconds and try to connect 
INFO : [pool-2-thread-1]: com.opentext.oesConnector.connector.util.OESAuthUtil.getAuthToken - 15 Jun 2026 13:01:53,526 - OES User password is not updated , will wait for 10 seconds and try to connect 
INFO : [pool-2-thread-1]: com.opentext.oesConnector.connector.util.OESAuthUtil.getAuthToken - 15 Jun 2026 13:02:03,527 - OES configurations are not updated , will wait for 10 seconds and try to connect 
INFO : [pool-2-thread-1]: com.opentext.oesConnector.connector.util.OESAuthUtil.getAuthToken - 15 Jun 2026 13:02:13,528 - OES User password is not updated , will wait for 10 seconds and try to connect 
INFO : [pool-2-thread-1]: com.opentext.oesConnector.connector.util.OESAuthUtil.getAuthToken - 15 Jun 2026 13:02:23,528 - OES configurations are not updated , will wait for 10 seconds and try to connect 
INFO : [pool-2-thread-1]: com.opentext.oesConnector.connector.util.OESAuthUtil.getAuthToken - 15 Jun 2026 13:02:33,529 - OES User password is not updated , will wait for 10 seconds and try to connect 
INFO : [pool-2-thread-1]: com.opentext.oesConnector.connector.util.OESAuthUtil.getAuthToken - 15 Jun 2026 13:02:43,529 - OES configurations are not updated , will wait for 10 seconds and try to connect 
INFO : [pool-2-thread-1]: com.opentext.oesConnector.connector.util.OESAuthUtil.getAuthToken - 15 Jun 2026 13:02:53,530 - OES User password is not updated , will wait for 10 seconds and try to connect 
INFO : [pool-2-thread-1]: com.opentext.oesConnector.connector.util.OESAuthUtil.getAuthToken - 15 Jun 2026 13:03:03,530 - OES configurations are not updated , will wait for 10 seconds and try to connect 
INFO : [pool-2-thread-1]: com.opentext.oesConnector.connector.util.OESAuthUtil.getAuthToken - 15 Jun 2026 13:03:13,531 - OES User password is not updated , will wait for 10 seconds and try to connect 
INFO : [pool-2-thread-1]: com.opentext.oesConnector.connector.util.OESAuthUtil.getAuthToken - 15 Jun 2026 13:03:23,532 - OES configurations are not updated , will wait for 10 seconds and try to connect 
INFO : [pool-2-thread-1]: com.opentext.oesConnector.connector.util.OESAuthUtil.getAuthToken - 15 Jun 2026 13:03:33,532 - OES User password is not updated , will wait for 10 seconds and try to connect 
INFO : [pool-2-thread-1]: com.opentext.oesConnector.connector.util.OESAuthUtil.getAuthToken - 15 Jun 2026 13:03:43,533 - OES configurations are not updated , will wait for 10 seconds and try to connect 
INFO : [pool-2-thread-1]: com.opentext.oesConnector.connector.util.OESAuthUtil.getAuthToken - 15 Jun 2026 13:03:53,533 - OES User password is not updated , will wait for 10 seconds and try to connect 
INFO : [pool-2-thread-1]: com.opentext.oesConnector.connector.util.OESAuthUtil.getAuthToken - 15 Jun 2026 13:04:03,533 - OES configurations are not updated , will wait for 10 seconds and try to connect 
INFO : [pool-2-thread-1]: com.opentext.oesConnector.connector.util.OESAuthUtil.getAuthToken - 15 Jun 2026 13:04:13,535 - OES User password is not updated , will wait for 10 seconds and try to connect 
INFO : [pool-2-thread-1]: com.opentext.oesConnector.connector.util.OESAuthUtil.getAuthToken - 15 Jun 2026 13:04:23,535 - OES configurations are not updated , will wait for 10 seconds and try to connect 
INFO : [pool-2-thread-1]: com.opentext.oesConnector.connector.util.OESAuthUtil.getAuthToken - 15 Jun 2026 13:04:33,536 - OES User password is not updated , will wait for 10 seconds and try to connect 
INFO : [pool-2-thread-1]: com.opentext.oesConnector.connector.util.OESAuthUtil.getAuthToken - 15 Jun 2026 13:04:43,536 - OES configurations are not updated , will wait for 10 seconds and try to connect 
INFO : [pool-2-thread-1]: com.opentext.oesConnector.connector.util.OESAuthUtil.getAuthToken - 15 Jun 2026 13:04:53,537 - OES User password is not updated , will wait for 10 seconds and try to connect 
INFO : [pool-2-thread-1]: com.opentext.oesConnector.connector.util.OESAuthUtil.getAuthToken - 15 Jun 2026 13:05:03,537 - OES configurations are not updated , will wait for 10 seconds and try to connect 
INFO : [pool-2-thread-1]: com.opentext.oesConnector.connector.util.OESAuthUtil.getAuthToken - 15 Jun 2026 13:05:13,538 - OES User password is not updated , will wait for 10 seconds and try to connect 
INFO : [pool-2-thread-1]: com.opentext.oesConnector.connector.util.OESAuthUtil.getAuthToken - 15 Jun 2026 13:05:23,538 - OES configurations are not updated , will wait for 10 seconds and try to connect 
INFO : [pool-2-thread-1]: com.opentext.oesConnector.connector.util.OESAuthUtil.getAuthToken - 15 Jun 2026 13:05:33,539 - OES User password is not updated , will wait for 10 seconds and try to connect 
INFO : [pool-2-thread-1]: com.opentext.oesConnector.connector.util.OESAuthUtil.getAuthToken - 15 Jun 2026 13:05:43,539 - OES configurations are not updated , will wait for 10 seconds and try to connect 
INFO : [pool-2-thread-1]: com.opentext.oesConnector.connector.util.OESAuthUtil.getAuthToken - 15 Jun 2026 13:05:53,540 - OES User password is not updated , will wait for 10 seconds and try to connect 
INFO : [pool-2-thread-1]: com.opentext.oesConnector.connector.util.OESAuthUtil.getAuthToken - 15 Jun 2026 13:06:03,540 - OES configurations are not updated , will wait for 10 seconds and try to connect 
INFO : [pool-2-thread-1]: com.opentext.oesConnector.connector.util.OESAuthUtil.getAuthToken - 15 Jun 2026 13:06:13,542 - OES User password is not updated , will wait for 10 seconds and try to connect 
INFO : [pool-2-thread-1]: com.opentext.oesConnector.connector.util.OESAuthUtil.getAuthToken - 15 Jun 2026 13:06:23,542 - OES configurations are not updated , will wait for 10 seconds and try to connect 
INFO : [pool-2-thread-1]: com.opentext.oesConnector.connector.util.OESAuthUtil.getAuthToken - 15 Jun 2026 13:06:33,543 - OES User password is not updated , will wait for 10 seconds and try to connect 
INFO : [pool-2-thread-1]: com.opentext.oesConnector.connector.util.OESAuthUtil.getAuthToken - 15 Jun 2026 13:06:43,543 - OES configurations are not updated , will wait for 10 seconds and try to connect 
INFO : [pool-2-thread-1]: com.opentext.oesConnector.connector.util.OESAuthUtil.getAuthToken - 15 Jun 2026 13:06:53,543 - OES User password is not updated , will wait for 10 seconds and try to connect 
INFO : [pool-2-thread-1]: com.opentext.oesConnector.connector.util.OESAuthUtil.getAuthToken - 15 Jun 2026 13:07:03,544 - OES configurations are not updated , will wait for 10 seconds and try to connect 
INFO : [pool-2-thread-1]: com.opentext.oesConnector.connector.util.OESAuthUtil.getAuthToken - 15 Jun 2026 13:07:13,545 - OES User password is not updated , will wait for 10 seconds and try to connect 
INFO : [pool-2-thread-1]: com.opentext.oesConnector.connector.util.OESAuthUtil.getAuthToken - 15 Jun 2026 13:07:23,546 - OES configurations are not updated , will wait for 10 seconds and try to connect 
INFO : [pool-2-thread-1]: com.opentext.oesConnector.connector.util.OESAuthUtil.getAuthToken - 15 Jun 2026 13:07:33,546 - OES User password is not updated , will wait for 10 seconds and try to connect 
INFO : [pool-2-thread-1]: com.opentext.oesConnector.connector.util.OESAuthUtil.getAuthToken - 15 Jun 2026 13:07:43,547 - OES configurations are not updated , will wait for 10 seconds and try to connect 
INFO : [pool-2-thread-1]: com.opentext.oesConnector.connector.util.OESAuthUtil.getAuthToken - 15 Jun 2026 13:07:53,547 - OES User password is not updated , will wait for 10 seconds and try to connect 
INFO : [pool-2-thread-1]: com.opentext.oesConnector.connector.util.OESAuthUtil.getAuthToken - 15 Jun 2026 13:08:03,547 - OES configurations are not updated , will wait for 10 seconds and try to connect 
INFO : [pool-2-thread-1]: com.opentext.oesConnector.connector.util.OESAuthUtil.getAuthToken - 15 Jun 2026 13:08:13,549 - OES User password is not updated , will wait for 10 seconds and try to connect 
INFO : [pool-2-thread-1]: com.opentext.oesConnector.connector.util.OESAuthUtil.getAuthToken - 15 Jun 2026 13:08:23,549 - OES configurations are not updated , will wait for 10 seconds and try to connect 
INFO : [pool-2-thread-1]: com.opentext.oesConnector.connector.util.OESAuthUtil.getAuthToken - 15 Jun 2026 13:08:33,550 - OES User password is not updated , will wait for 10 seconds and try to connect 
INFO : [pool-2-thread-1]: com.opentext.oesConnector.connector.util.OESAuthUtil.getAuthToken - 15 Jun 2026 13:08:43,550 - OES configurations are not updated , will wait for 10 seconds and try to connect 
INFO : [pool-2-thread-1]: com.opentext.oesConnector.connector.util.OESAuthUtil.getAuthToken - 15 Jun 2026 13:08:53,550 - OES User password is not updated , will wait for 10 seconds and try to connect 
INFO : [pool-2-thread-1]: com.opentext.oesConnector.connector.util.OESAuthUtil.getAuthToken - 15 Jun 2026 13:09:03,551 - OES configurations are not updated , will wait for 10 seconds and try to connect 
INFO : [pool-2-thread-1]: com.opentext.oesConnector.connector.util.OESAuthUtil.getAuthToken - 15 Jun 2026 13:09:13,552 - OES User password is not updated , will wait for 10 seconds and try to connect 
INFO : [pool-2-thread-1]: com.opentext.oesConnector.connector.util.OESAuthUtil.getAuthToken - 15 Jun 2026 13:09:23,552 - OES configurations are not updated , will wait for 10 seconds and try to connect 
INFO : [pool-2-thread-1]: com.opentext.oesConnector.connector.util.OESAuthUtil.getAuthToken - 15 Jun 2026 13:09:33,553 - OES User password is not updated , will wait for 10 seconds and try to connect 
INFO : [pool-2-thread-1]: com.opentext.oesConnector.connector.util.OESAuthUtil.getAuthToken - 15 Jun 2026 13:09:43,553 - OES configurations are not updated , will wait for 10 seconds and try to connect 
INFO : [pool-2-thread-1]: com.opentext.oesConnector.connector.util.OESAuthUtil.getAuthToken - 15 Jun 2026 13:09:53,554 - OES User password is not updated , will wait for 10 seconds and try to connect 
INFO : [pool-2-thread-1]: com.opentext.oesConnector.connector.util.OESAuthUtil.getAuthToken - 15 Jun 2026 13:10:03,554 - OES configurations are not updated , will wait for 10 seconds and try to connect 
INFO : [pool-2-thread-1]: com.opentext.oesConnector.connector.util.OESAuthUtil.getAuthToken - 15 Jun 2026 13:10:13,556 - OES User password is not updated , will wait for 10 seconds and try to connect 
INFO : [pool-2-thread-1]: com.opentext.oesConnector.connector.util.OESAuthUtil.getAuthToken - 15 Jun 2026 13:10:23,556 - OES configurations are not updated , will wait for 10 seconds and try to connect 
INFO : [pool-2-thread-1]: com.opentext.oesConnector.connector.util.OESAuthUtil.getAuthToken - 15 Jun 2026 13:10:33,556 - OES User password is not updated , will wait for 10 seconds and try to connect 
INFO : [pool-2-thread-1]: com.opentext.oesConnector.connector.util.OESAuthUtil.getAuthToken - 15 Jun 2026 13:10:43,557 - OES configurations are not updated , will wait for 10 seconds and try to connect 
INFO : [pool-2-thread-1]: com.opentext.oesConnector.connector.util.OESAuthUtil.getAuthToken - 15 Jun 2026 13:10:53,557 - OES User password is not updated , will wait for 10 seconds and try to connect 
INFO : [pool-2-thread-1]: com.opentext.oesConnector.connector.util.OESAuthUtil.getAuthToken - 15 Jun 2026 13:11:03,558 - OES configurations are not updated , will wait for 10 seconds and try to connect 
INFO : [pool-2-thread-1]: com.opentext.oesConnector.connector.util.OESAuthUtil.getAuthToken - 15 Jun 2026 13:11:13,559 - OES User password is not updated , will wait for 10 seconds and try to connect 
INFO : [pool-2-thread-1]: com.opentext.oesConnector.connector.util.OESAuthUtil.getAuthToken - 15 Jun 2026 13:11:23,559 - OES configurations are not updated , will wait for 10 seconds and try to connect 
INFO : [pool-2-thread-1]: com.opentext.oesConnector.connector.util.OESAuthUtil.getAuthToken - 15 Jun 2026 13:11:33,560 - OES User password is not updated , will wait for 10 seconds and try to connect 
INFO : [pool-2-thread-1]: com.opentext.oesConnector.connector.util.OESAuthUtil.getAuthToken - 15 Jun 2026 13:11:43,560 - OES configurations are not updated , will wait for 10 seconds and try to connect 
INFO : [pool-2-thread-1]: com.opentext.oesConnector.connector.util.OESAuthUtil.getAuthToken - 15 Jun 2026 13:11:53,561 - OES User password is not updated , will wait for 10 seconds and try to connect 
INFO : [pool-2-thread-1]: com.opentext.oesConnector.connector.util.OESAuthUtil.getAuthToken - 15 Jun 2026 13:12:03,561 - OES configurations are not updated , will wait for 10 seconds and try to connect 
INFO : [pool-2-thread-1]: com.opentext.oesConnector.connector.util.OESAuthUtil.getAuthToken - 15 Jun 2026 13:12:13,563 - OES User password is not updated , will wait for 10 seconds and try to connect 
INFO : [pool-2-thread-1]: com.opentext.oesConnector.connector.util.OESAuthUtil.getAuthToken - 15 Jun 2026 13:12:23,563 - OES configurations are not updated , will wait for 10 seconds and try to connect 
INFO : [pool-2-thread-1]: com.opentext.oesConnector.connector.util.OESAuthUtil.getAuthToken - 15 Jun 2026 13:12:33,564 - OES User password is not updated , will wait for 10 seconds and try to connect 
INFO : [pool-2-thread-1]: com.opentext.oesConnector.connector.util.OESAuthUtil.getAuthToken - 15 Jun 2026 13:12:43,564 - OES configurations are not updated , will wait for 10 seconds and try to connect 
INFO : [pool-2-thread-1]: com.opentext.oesConnector.connector.util.OESAuthUtil.getAuthToken - 15 Jun 2026 13:12:53,565 - OES User password is not updated , will wait for 10 seconds and try to connect 
INFO : [pool-2-thread-1]: com.opentext.oesConnector.connector.util.OESAuthUtil.getAuthToken - 15 Jun 2026 13:13:03,565 - OES configurations are not updated , will wait for 10 seconds and try to connect 
INFO : [pool-2-thread-1]: com.opentext.oesConnector.connector.util.OESAuthUtil.getAuthToken - 15 Jun 2026 13:13:13,566 - OES User password is not updated , will wait for 10 seconds and try to connect 
INFO : [pool-2-thread-1]: com.opentext.oesConnector.connector.util.OESAuthUtil.getAuthToken - 15 Jun 2026 13:13:23,566 - OES configurations are not updated , will wait for 10 seconds and try to connect 
INFO : [pool-2-thread-1]: com.opentext.oesConnector.connector.util.OESAuthUtil.getAuthToken - 15 Jun 2026 13:13:33,567 - OES User password is not updated , will wait for 10 seconds and try to connect 
INFO : [pool-2-thread-1]: com.opentext.oesConnector.connector.util.OESAuthUtil.getAuthToken - 15 Jun 2026 13:13:43,567 - OES configurations are not updated , will wait for 10 seconds and try to connect 
INFO : [pool-2-thread-1]: com.opentext.oesConnector.connector.util.OESAuthUtil.getAuthToken - 15 Jun 2026 13:13:53,568 - OES User password is not updated , will wait for 10 seconds and try to connect 
INFO : [pool-2-thread-1]: com.opentext.oesConnector.connector.util.OESAuthUtil.getAuthToken - 15 Jun 2026 13:14:03,568 - OES configurations are not updated , will wait for 10 seconds and try to connect 
INFO : [pool-2-thread-1]: com.opentext.oesConnector.connector.util.OESAuthUtil.getAuthToken - 15 Jun 2026 13:14:13,569 - OES User password is not updated , will wait for 10 seconds and try to connect 
INFO : [pool-2-thread-1]: com.opentext.oesConnector.connector.util.OESAuthUtil.getAuthToken - 15 Jun 2026 13:14:23,570 - OES configurations are not updated , will wait for 10 seconds and try to connect 
INFO : [pool-2-thread-1]: com.opentext.oesConnector.connector.util.OESAuthUtil.getAuthToken - 15 Jun 2026 13:14:33,570 - OES User password is not updated , will wait for 10 seconds and try to connect 
INFO : [pool-2-thread-1]: com.opentext.oesConnector.connector.util.OESAuthUtil.getAuthToken - 15 Jun 2026 13:14:43,571 - OES configurations are not updated , will wait for 10 seconds and try to connect 
INFO : [pool-2-thread-1]: com.opentext.oesConnector.connector.util.OESAuthUtil.getAuthToken - 15 Jun 2026 13:14:53,571 - OES User password is not updated , will wait for 10 seconds and try to connect 
INFO : [pool-2-thread-1]: com.opentext.oesConnector.connector.util.OESAuthUtil.getAuthToken - 15 Jun 2026 13:15:03,571 - OES configurations are not updated , will wait for 10 seconds and try to connect 
INFO : [pool-2-thread-1]: com.opentext.oesConnector.connector.util.OESAuthUtil.getAuthToken - 15 Jun 2026 13:15:13,573 - OES User password is not updated , will wait for 10 seconds and try to connect 
INFO : [pool-2-thread-1]: com.opentext.oesConnector.connector.util.OESAuthUtil.getAuthToken - 15 Jun 2026 13:15:23,573 - OES configurations are not updated , will wait for 10 seconds and try to connect 
INFO : [pool-2-thread-1]: com.opentext.oesConnector.connector.util.OESAuthUtil.getAuthToken - 15 Jun 2026 13:15:33,574 - OES User password is not updated , will wait for 10 seconds and try to connect 
INFO : [pool-2-thread-1]: com.opentext.oesConnector.connector.util.OESAuthUtil.getAuthToken - 15 Jun 2026 13:15:43,574 - OES configurations are not updated , will wait for 10 seconds and try to connect 
INFO : [pool-2-thread-1]: com.opentext.oesConnector.connector.util.OESAuthUtil.getAuthToken - 15 Jun 2026 13:15:53,575 - OES User password is not updated , will wait for 10 seconds and try to connect 
INFO : [pool-2-thread-1]: com.opentext.oesConnector.connector.util.OESAuthUtil.getAuthToken - 15 Jun 2026 13:16:03,575 - OES configurations are not updated , will wait for 10 seconds and try to connect 
INFO : [pool-2-thread-1]: com.opentext.oesConnector.connector.util.OESAuthUtil.getAuthToken - 15 Jun 2026 13:16:13,576 - OES User password is not updated , will wait for 10 seconds and try to connect 
INFO : [pool-2-thread-1]: com.opentext.oesConnector.connector.util.OESAuthUtil.getAuthToken - 15 Jun 2026 13:16:23,576 - OES configurations are not updated , will wait for 10 seconds and try to connect 
INFO : [pool-2-thread-1]: com.opentext.oesConnector.connector.util.OESAuthUtil.getAuthToken - 15 Jun 2026 13:16:33,577 - OES User password is not updated , will wait for 10 seconds and try to connect 
INFO : [pool-2-thread-1]: com.opentext.oesConnector.connector.util.OESAuthUtil.getAuthToken - 15 Jun 2026 13:16:43,577 - OES configurations are not updated , will wait for 10 seconds and try to connect 
INFO : [pool-2-thread-1]: com.opentext.oesConnector.connector.util.OESAuthUtil.getAuthToken - 15 Jun 2026 13:16:53,578 - OES User password is not updated , will wait for 10 seconds and try to connect 
INFO : [pool-2-thread-1]: com.opentext.oesConnector.connector.util.OESAuthUtil.getAuthToken - 15 Jun 2026 13:17:03,578 - OES configurations are not updated , will wait for 10 seconds and try to connect 
INFO : [pool-2-thread-1]: com.opentext.oesConnector.connector.util.OESAuthUtil.getAuthToken - 15 Jun 2026 13:17:13,579 - OES User password is not updated , will wait for 10 seconds and try to connect 
INFO : [pool-2-thread-1]: com.opentext.oesConnector.connector.util.OESAuthUtil.getAuthToken - 15 Jun 2026 13:17:23,580 - OES configurations are not updated , will wait for 10 seconds and try to connect 
INFO : [pool-2-thread-1]: com.opentext.oesConnector.connector.util.OESAuthUtil.getAuthToken - 15 Jun 2026 13:17:33,580 - OES User password is not updated , will wait for 10 seconds and try to connect 
INFO : [pool-2-thread-1]: com.opentext.oesConnector.connector.util.OESAuthUtil.getAuthToken - 15 Jun 2026 13:17:43,580 - OES configurations are not updated , will wait for 10 seconds and try to connect 
INFO : [pool-2-thread-1]: com.opentext.oesConnector.connector.util.OESAuthUtil.getAuthToken - 15 Jun 2026 13:17:53,581 - OES User password is not updated , will wait for 10 seconds and try to connect 
INFO : [pool-2-thread-1]: com.opentext.oesConnector.connector.util.OESAuthUtil.getAuthToken - 15 Jun 2026 13:18:03,581 - OES configurations are not updated , will wait for 10 seconds and try to connect 
INFO : [pool-2-thread-1]: com.opentext.oesConnector.connector.util.OESAuthUtil.getAuthToken - 15 Jun 2026 13:18:13,582 - OES User password is not updated , will wait for 10 seconds and try to connect 
INFO : [pool-2-thread-1]: com.opentext.oesConnector.connector.util.OESAuthUtil.getAuthToken - 15 Jun 2026 13:18:23,583 - OES configurations are not updated , will wait for 10 seconds and try to connect 
INFO : [pool-2-thread-1]: com.opentext.oesConnector.connector.util.OESAuthUtil.getAuthToken - 15 Jun 2026 13:18:33,583 - OES User password is not updated , will wait for 10 seconds and try to connect 
INFO : [pool-2-thread-1]: com.opentext.oesConnector.connector.util.OESAuthUtil.getAuthToken - 15 Jun 2026 13:18:43,584 - OES configurations are not updated , will wait for 10 seconds and try to connect 
INFO : [pool-2-thread-1]: com.opentext.oesConnector.connector.util.OESAuthUtil.getAuthToken - 15 Jun 2026 13:18:53,584 - OES User password is not updated , will wait for 10 seconds and try to connect 
INFO : [pool-2-thread-1]: com.opentext.oesConnector.connector.util.OESAuthUtil.getAuthToken - 15 Jun 2026 13:19:03,585 - OES configurations are not updated , will wait for 10 seconds and try to connect 
INFO : [pool-2-thread-1]: com.opentext.oesConnector.connector.util.OESAuthUtil.getAuthToken - 15 Jun 2026 13:19:13,586 - OES User password is not updated , will wait for 10 seconds and try to connect 
INFO : [pool-2-thread-1]: com.opentext.oesConnector.connector.util.OESAuthUtil.getAuthToken - 15 Jun 2026 13:19:23,586 - OES configurations are not updated , will wait for 10 seconds and try to connect 
INFO : [pool-2-thread-1]: com.opentext.oesConnector.connector.util.OESAuthUtil.getAuthToken - 15 Jun 2026 13:19:33,587 - OES User password is not updated , will wait for 10 seconds and try to connect 
INFO : [pool-2-thread-1]: com.opentext.oesConnector.connector.util.OESAuthUtil.getAuthToken - 15 Jun 2026 13:19:43,587 - OES configurations are not updated , will wait for 10 seconds and try to connect 
INFO : [pool-2-thread-1]: com.opentext.oesConnector.connector.util.OESAuthUtil.getAuthToken - 15 Jun 2026 13:19:53,587 - OES User password is not updated , will wait for 10 seconds and try to connect 
INFO : [pool-2-thread-1]: com.opentext.oesConnector.connector.util.OESAuthUtil.getAuthToken - 15 Jun 2026 13:20:03,588 - OES configurations are not updated , will wait for 10 seconds and try to connect 
INFO : [pool-2-thread-1]: com.opentext.oesConnector.connector.util.OESAuthUtil.getAuthToken - 15 Jun 2026 13:20:13,589 - OES User password is not updated , will wait for 10 seconds and try to connect 
INFO : [pool-2-thread-1]: com.opentext.oesConnector.connector.util.OESAuthUtil.getAuthToken - 15 Jun 2026 13:20:23,589 - OES configurations are not updated , will wait for 10 seconds and try to connect 
INFO : [pool-2-thread-1]: com.opentext.oesConnector.connector.util.OESAuthUtil.getAuthToken - 15 Jun 2026 13:20:33,590 - OES User password is not updated , will wait for 10 seconds and try to connect 
INFO : [pool-2-thread-1]: com.opentext.oesConnector.connector.util.OESAuthUtil.getAuthToken - 15 Jun 2026 13:20:43,590 - OES configurations are not updated , will wait for 10 seconds and try to connect 
INFO : [pool-2-thread-1]: com.opentext.oesConnector.connector.util.OESAuthUtil.getAuthToken - 15 Jun 2026 13:20:53,591 - OES User password is not updated , will wait for 10 seconds and try to connect 
INFO : [pool-2-thread-1]: com.opentext.oesConnector.connector.util.OESAuthUtil.getAuthToken - 15 Jun 2026 13:21:03,591 - OES configurations are not updated , will wait for 10 seconds and try to connect 
INFO : [pool-2-thread-1]: com.opentext.oesConnector.connector.util.OESAuthUtil.getAuthToken - 15 Jun 2026 13:21:13,592 - OES User password is not updated , will wait for 10 seconds and try to connect 
INFO : [pool-2-thread-1]: com.opentext.oesConnector.connector.util.OESAuthUtil.getAuthToken - 15 Jun 2026 13:21:23,593 - OES configurations are not updated , will wait for 10 seconds and try to connect 
INFO : [pool-2-thread-1]: com.opentext.oesConnector.connector.util.OESAuthUtil.getAuthToken - 15 Jun 2026 13:21:33,593 - OES User password is not updated , will wait for 10 seconds and try to connect 
INFO : [pool-2-thread-1]: com.opentext.oesConnector.connector.util.OESAuthUtil.getAuthToken - 15 Jun 2026 13:21:43,594 - OES configurations are not updated , will wait for 10 seconds and try to connect 
INFO : [pool-2-thread-1]: com.opentext.oesConnector.connector.util.OESAuthUtil.getAuthToken - 15 Jun 2026 13:21:53,594 - OES User password is not updated , will wait for 10 seconds and try to connect 
INFO : [pool-2-thread-1]: com.opentext.oesConnector.connector.util.OESAuthUtil.getAuthToken - 15 Jun 2026 13:22:03,594 - OES configurations are not updated , will wait for 10 seconds and try to connect 
INFO : [pool-2-thread-1]: com.opentext.oesConnector.connector.util.OESAuthUtil.getAuthToken - 15 Jun 2026 13:22:13,596 - OES User password is not updated , will wait for 10 seconds and try to connect 
INFO : [pool-2-thread-1]: com.opentext.oesConnector.connector.util.OESAuthUtil.getAuthToken - 15 Jun 2026 13:22:23,596 - OES configurations are not updated , will wait for 10 seconds and try to connect 
INFO : [pool-2-thread-1]: com.opentext.oesConnector.connector.util.OESAuthUtil.getAuthToken - 15 Jun 2026 13:22:33,596 - OES User password is not updated , will wait for 10 seconds and try to connect 
INFO : [pool-2-thread-1]: com.opentext.oesConnector.connector.util.OESAuthUtil.getAuthToken - 15 Jun 2026 13:22:43,597 - OES configurations are not updated , will wait for 10 seconds and try to connect 
INFO : [pool-2-thread-1]: com.opentext.oesConnector.connector.util.OESAuthUtil.getAuthToken - 15 Jun 2026 13:22:53,597 - OES User password is not updated , will wait for 10 seconds and try to connect 
INFO : [pool-2-thread-1]: com.opentext.oesConnector.connector.util.OESAuthUtil.getAuthToken - 15 Jun 2026 13:23:03,597 - OES configurations are not updated , will wait for 10 seconds and try to connect 
INFO : [pool-2-thread-1]: com.opentext.oesConnector.connector.util.OESAuthUtil.getAuthToken - 15 Jun 2026 13:23:13,599 - OES User password is not updated , will wait for 10 seconds and try to connect 
INFO : [pool-2-thread-1]: com.opentext.oesConnector.connector.util.OESAuthUtil.getAuthToken - 15 Jun 2026 13:23:23,599 - OES configurations are not updated , will wait for 10 seconds and try to connect 
INFO : [pool-2-thread-1]: com.opentext.oesConnector.connector.util.OESAuthUtil.getAuthToken - 15 Jun 2026 13:23:33,600 - OES User password is not updated , will wait for 10 seconds and try to connect 
INFO : [pool-2-thread-1]: com.opentext.oesConnector.connector.util.OESAuthUtil.getAuthToken - 15 Jun 2026 13:23:43,600 - OES configurations are not updated , will wait for 10 seconds and try to connect 
INFO : [pool-2-thread-1]: com.opentext.oesConnector.connector.util.OESAuthUtil.getAuthToken - 15 Jun 2026 13:23:53,601 - OES User password is not updated , will wait for 10 seconds and try to connect 
INFO : [pool-2-thread-1]: com.opentext.oesConnector.connector.util.OESAuthUtil.getAuthToken - 15 Jun 2026 13:24:03,601 - OES configurations are not updated , will wait for 10 seconds and try to connect 
INFO : [pool-2-thread-1]: com.opentext.oesConnector.connector.util.OESAuthUtil.getAuthToken - 15 Jun 2026 13:24:13,602 - OES User password is not updated , will wait for 10 seconds and try to connect 
INFO : [pool-2-thread-1]: com.opentext.oesConnector.connector.util.OESAuthUtil.getAuthToken - 15 Jun 2026 13:24:23,603 - OES configurations are not updated , will wait for 10 seconds and try to connect 
INFO : [pool-2-thread-1]: com.opentext.oesConnector.connector.util.OESAuthUtil.getAuthToken - 15 Jun 2026 13:24:33,603 - OES User password is not updated , will wait for 10 seconds and try to connect 
INFO : [pool-2-thread-1]: com.opentext.oesConnector.connector.util.OESAuthUtil.getAuthToken - 15 Jun 2026 13:24:43,604 - OES configurations are not updated , will wait for 10 seconds and try to connect 
INFO : [pool-2-thread-1]: com.opentext.oesConnector.connector.util.OESAuthUtil.getAuthToken - 15 Jun 2026 13:24:53,604 - OES User password is not updated , will wait for 10 seconds and try to connect 
INFO : [pool-2-thread-1]: com.opentext.oesConnector.connector.util.OESAuthUtil.getAuthToken - 15 Jun 2026 13:25:03,604 - OES configurations are not updated , will wait for 10 seconds and try to connect 
INFO : [pool-2-thread-1]: com.opentext.oesConnector.connector.util.OESAuthUtil.getAuthToken - 15 Jun 2026 13:25:13,606 - OES User password is not updated , will wait for 10 seconds and try to connect 
INFO : [pool-2-thread-1]: com.opentext.oesConnector.connector.util.OESAuthUtil.getAuthToken - 15 Jun 2026 13:25:23,606 - OES configurations are not updated , will wait for 10 seconds and try to connect 
INFO : [pool-2-thread-1]: com.opentext.oesConnector.connector.util.OESAuthUtil.getAuthToken - 15 Jun 2026 13:25:33,607 - OES User password is not updated , will wait for 10 seconds and try to connect 
INFO : [pool-2-thread-1]: com.opentext.oesConnector.connector.util.OESAuthUtil.getAuthToken - 15 Jun 2026 13:25:43,607 - OES configurations are not updated , will wait for 10 seconds and try to connect 
INFO : [pool-2-thread-1]: com.opentext.oesConnector.connector.util.OESAuthUtil.getAuthToken - 15 Jun 2026 13:25:53,607 - OES User password is not updated , will wait for 10 seconds and try to connect 
INFO : [pool-2-thread-1]: com.opentext.oesConnector.connector.util.OESAuthUtil.getAuthToken - 15 Jun 2026 13:26:03,608 - OES configurations are not updated , will wait for 10 seconds and try to connect 
INFO : [pool-2-thread-1]: com.opentext.oesConnector.connector.util.OESAuthUtil.getAuthToken - 15 Jun 2026 13:26:13,609 - OES User password is not updated , will wait for 10 seconds and try to connect 
INFO : [pool-2-thread-1]: com.opentext.oesConnector.connector.util.OESAuthUtil.getAuthToken - 15 Jun 2026 13:26:23,609 - OES configurations are not updated , will wait for 10 seconds and try to connect 
INFO : [pool-2-thread-1]: com.opentext.oesConnector.connector.util.OESAuthUtil.getAuthToken - 15 Jun 2026 13:26:33,610 - OES User password is not updated , will wait for 10 seconds and try to connect 
INFO : [pool-2-thread-1]: com.opentext.oesConnector.connector.util.OESAuthUtil.getAuthToken - 15 Jun 2026 13:26:43,610 - OES configurations are not updated , will wait for 10 seconds and try to connect 
INFO : [pool-2-thread-1]: com.opentext.oesConnector.connector.util.OESAuthUtil.getAuthToken - 15 Jun 2026 13:26:53,611 - OES User password is not updated , will wait for 10 seconds and try to connect 
INFO : [pool-2-thread-1]: com.opentext.oesConnector.connector.util.OESAuthUtil.getAuthToken - 15 Jun 2026 13:27:03,611 - OES configurations are not updated , will wait for 10 seconds and try to connect 
INFO : [pool-2-thread-1]: com.opentext.oesConnector.connector.util.OESAuthUtil.getAuthToken - 15 Jun 2026 13:27:13,612 - OES User password is not updated , will wait for 10 seconds and try to connect 
INFO : [pool-2-thread-1]: com.opentext.oesConnector.connector.util.OESAuthUtil.getAuthToken - 15 Jun 2026 13:27:23,612 - OES configurations are not updated , will wait for 10 seconds and try to connect 
INFO : [pool-2-thread-1]: com.opentext.oesConnector.connector.util.OESAuthUtil.getAuthToken - 15 Jun 2026 13:27:33,613 - OES User password is not updated , will wait for 10 seconds and try to connect 
INFO : [pool-2-thread-1]: com.opentext.oesConnector.connector.util.OESAuthUtil.getAuthToken - 15 Jun 2026 13:27:43,613 - OES configurations are not updated , will wait for 10 seconds and try to connect 
INFO : [pool-2-thread-1]: com.opentext.oesConnector.connector.util.OESAuthUtil.getAuthToken - 15 Jun 2026 13:27:53,614 - OES User password is not updated , will wait for 10 seconds and try to connect 
INFO : [pool-2-thread-1]: com.opentext.oesConnector.connector.util.OESAuthUtil.getAuthToken - 15 Jun 2026 13:28:03,614 - OES configurations are not updated , will wait for 10 seconds and try to connect 
INFO : [pool-2-thread-1]: com.opentext.oesConnector.connector.util.OESAuthUtil.getAuthToken - 15 Jun 2026 13:28:13,615 - OES User password is not updated , will wait for 10 seconds and try to connect 
INFO : [pool-2-thread-1]: com.opentext.oesConnector.connector.util.OESAuthUtil.getAuthToken - 15 Jun 2026 13:28:23,616 - OES configurations are not updated , will wait for 10 seconds and try to connect 
INFO : [pool-2-thread-1]: com.opentext.oesConnector.connector.util.OESAuthUtil.getAuthToken - 15 Jun 2026 13:28:33,616 - OES User password is not updated , will wait for 10 seconds and try to connect 
INFO : [pool-2-thread-1]: com.opentext.oesConnector.connector.util.OESAuthUtil.getAuthToken - 15 Jun 2026 13:28:43,616 - OES configurations are not updated , will wait for 10 seconds and try to connect 
INFO : [pool-2-thread-1]: com.opentext.oesConnector.connector.util.OESAuthUtil.getAuthToken - 15 Jun 2026 13:28:53,617 - OES User password is not updated , will wait for 10 seconds and try to connect 
INFO : [pool-2-thread-1]: com.opentext.oesConnector.connector.util.OESAuthUtil.getAuthToken - 15 Jun 2026 13:29:03,617 - OES configurations are not updated , will wait for 10 seconds and try to connect 
INFO : [pool-2-thread-1]: com.opentext.oesConnector.connector.util.OESAuthUtil.getAuthToken - 15 Jun 2026 13:29:13,619 - OES User password is not updated , will wait for 10 seconds and try to connect 
INFO : [pool-2-thread-1]: com.opentext.oesConnector.connector.util.OESAuthUtil.getAuthToken - 15 Jun 2026 13:29:23,619 - OES configurations are not updated , will wait for 10 seconds and try to connect 
INFO : [pool-2-thread-1]: com.opentext.oesConnector.connector.util.OESAuthUtil.getAuthToken - 15 Jun 2026 13:29:33,619 - OES User password is not updated , will wait for 10 seconds and try to connect 
INFO : [pool-2-thread-1]: com.opentext.oesConnector.connector.util.OESAuthUtil.getAuthToken - 15 Jun 2026 13:29:43,620 - OES configurations are not updated , will wait for 10 seconds and try to connect 
INFO : [pool-2-thread-1]: com.opentext.oesConnector.connector.util.OESAuthUtil.getAuthToken - 15 Jun 2026 13:29:53,620 - OES User password is not updated , will wait for 10 seconds and try to connect 
INFO : [pool-2-thread-1]: com.opentext.oesConnector.connector.util.OESAuthUtil.getAuthToken - 15 Jun 2026 13:30:03,620 - OES configurations are not updated , will wait for 10 seconds and try to connect 
INFO : [pool-2-thread-1]: com.opentext.oesConnector.connector.util.OESAuthUtil.getAuthToken - 15 Jun 2026 13:30:13,622 - OES User password is not updated , will wait for 10 seconds and try to connect 
INFO : [pool-2-thread-1]: com.opentext.oesConnector.connector.util.OESAuthUtil.getAuthToken - 15 Jun 2026 13:30:23,622 - OES configurations are not updated , will wait for 10 seconds and try to connect 
INFO : [pool-2-thread-1]: com.opentext.oesConnector.connector.util.OESAuthUtil.getAuthToken - 15 Jun 2026 13:30:33,623 - OES User password is not updated , will wait for 10 seconds and try to connect 
INFO : [pool-2-thread-1]: com.opentext.oesConnector.connector.util.OESAuthUtil.getAuthToken - 15 Jun 2026 13:30:43,623 - OES configurations are not updated , will wait for 10 seconds and try to connect 
INFO : [pool-2-thread-1]: com.opentext.oesConnector.connector.util.OESAuthUtil.getAuthToken - 15 Jun 2026 13:30:53,623 - OES User password is not updated , will wait for 10 seconds and try to connect 
INFO : [pool-2-thread-1]: com.opentext.oesConnector.connector.util.OESAuthUtil.getAuthToken - 15 Jun 2026 13:31:03,624 - OES configurations are not updated , will wait for 10 seconds and try to connect 
INFO : [pool-2-thread-1]: com.opentext.oesConnector.connector.util.OESAuthUtil.getAuthToken - 15 Jun 2026 13:31:13,625 - OES User password is not updated , will wait for 10 seconds and try to connect 
INFO : [pool-2-thread-1]: com.opentext.oesConnector.connector.util.OESAuthUtil.getAuthToken - 15 Jun 2026 13:31:23,625 - OES configurations are not updated , will wait for 10 seconds and try to connect 
INFO : [pool-2-thread-1]: com.opentext.oesConnector.connector.util.OESAuthUtil.getAuthToken - 15 Jun 2026 13:31:33,626 - OES User password is not updated , will wait for 10 seconds and try to connect 
INFO : [pool-2-thread-1]: com.opentext.oesConnector.connector.util.OESAuthUtil.getAuthToken - 15 Jun 2026 13:31:43,626 - OES configurations are not updated , will wait for 10 seconds and try to connect 
INFO : [pool-2-thread-1]: com.opentext.oesConnector.connector.util.OESAuthUtil.getAuthToken - 15 Jun 2026 13:31:53,627 - OES User password is not updated , will wait for 10 seconds and try to connect 
INFO : [pool-2-thread-1]: com.opentext.oesConnector.connector.util.OESAuthUtil.getAuthToken - 15 Jun 2026 13:32:03,627 - OES configurations are not updated , will wait for 10 seconds and try to connect 
INFO : [pool-2-thread-1]: com.opentext.oesConnector.connector.util.OESAuthUtil.getAuthToken - 15 Jun 2026 13:32:13,628 - OES User password is not updated , will wait for 10 seconds and try to connect 
INFO : [pool-2-thread-1]: com.opentext.oesConnector.connector.util.OESAuthUtil.getAuthToken - 15 Jun 2026 13:32:23,628 - OES configurations are not updated , will wait for 10 seconds and try to connect 
INFO : [pool-2-thread-1]: com.opentext.oesConnector.connector.util.OESAuthUtil.getAuthToken - 15 Jun 2026 13:32:33,629 - OES User password is not updated , will wait for 10 seconds and try to connect 
INFO : [pool-2-thread-1]: com.opentext.oesConnector.connector.util.OESAuthUtil.getAuthToken - 15 Jun 2026 13:32:43,629 - OES configurations are not updated , will wait for 10 seconds and try to connect 
INFO : [pool-2-thread-1]: com.opentext.oesConnector.connector.util.OESAuthUtil.getAuthToken - 15 Jun 2026 13:32:53,630 - OES User password is not updated , will wait for 10 seconds and try to connect 
INFO : [pool-2-thread-1]: com.opentext.oesConnector.connector.util.OESAuthUtil.getAuthToken - 15 Jun 2026 13:33:03,630 - OES configurations are not updated , will wait for 10 seconds and try to connect 
INFO : [pool-2-thread-1]: com.opentext.oesConnector.connector.util.OESAuthUtil.getAuthToken - 15 Jun 2026 13:33:13,631 - OES User password is not updated , will wait for 10 seconds and try to connect 
INFO : [pool-2-thread-1]: com.opentext.oesConnector.connector.util.OESAuthUtil.getAuthToken - 15 Jun 2026 13:33:23,632 - OES configurations are not updated , will wait for 10 seconds and try to connect 
INFO : [pool-2-thread-1]: com.opentext.oesConnector.connector.util.OESAuthUtil.getAuthToken - 15 Jun 2026 13:33:33,632 - OES User password is not updated , will wait for 10 seconds and try to connect 
INFO : [pool-2-thread-1]: com.opentext.oesConnector.connector.util.OESAuthUtil.getAuthToken - 15 Jun 2026 13:33:43,632 - OES configurations are not updated , will wait for 10 seconds and try to connect 
INFO : [pool-2-thread-1]: com.opentext.oesConnector.connector.util.OESAuthUtil.getAuthToken - 15 Jun 2026 13:33:53,633 - OES User password is not updated , will wait for 10 seconds and try to connect 
INFO : [pool-2-thread-1]: com.opentext.oesConnector.connector.util.OESAuthUtil.getAuthToken - 15 Jun 2026 13:34:03,633 - OES configurations are not updated , will wait for 10 seconds and try to connect 
INFO : [pool-2-thread-1]: com.opentext.oesConnector.connector.util.OESAuthUtil.getAuthToken - 15 Jun 2026 13:34:13,635 - OES User password is not updated , will wait for 10 seconds and try to connect 
INFO : [pool-2-thread-1]: com.opentext.oesConnector.connector.util.OESAuthUtil.getAuthToken - 15 Jun 2026 13:34:23,635 - OES configurations are not updated , will wait for 10 seconds and try to connect 
INFO : [pool-2-thread-1]: com.opentext.oesConnector.connector.util.OESAuthUtil.getAuthToken - 15 Jun 2026 13:34:33,636 - OES User password is not updated , will wait for 10 seconds and try to connect 
INFO : [pool-2-thread-1]: com.opentext.oesConnector.connector.util.OESAuthUtil.getAuthToken - 15 Jun 2026 13:34:43,636 - OES configurations are not updated , will wait for 10 seconds and try to connect 
INFO : [pool-2-thread-1]: com.opentext.oesConnector.connector.util.OESAuthUtil.getAuthToken - 15 Jun 2026 13:34:53,636 - OES User password is not updated , will wait for 10 seconds and try to connect 
INFO : [pool-2-thread-1]: com.opentext.oesConnector.connector.util.OESAuthUtil.getAuthToken - 15 Jun 2026 13:35:03,637 - OES configurations are not updated , will wait for 10 seconds and try to connect 
INFO : [pool-2-thread-1]: com.opentext.oesConnector.connector.util.OESAuthUtil.getAuthToken - 15 Jun 2026 13:35:13,638 - OES User password is not updated , will wait for 10 seconds and try to connect 
INFO : [pool-2-thread-1]: com.opentext.oesConnector.connector.util.OESAuthUtil.getAuthToken - 15 Jun 2026 13:35:23,638 - OES configurations are not updated , will wait for 10 seconds and try to connect 
INFO : [pool-2-thread-1]: com.opentext.oesConnector.connector.util.OESAuthUtil.getAuthToken - 15 Jun 2026 13:35:33,639 - OES User password is not updated , will wait for 10 seconds and try to connect 
INFO : [pool-2-thread-1]: com.opentext.oesConnector.connector.util.OESAuthUtil.getAuthToken - 15 Jun 2026 13:35:43,639 - OES configurations are not updated , will wait for 10 seconds and try to connect 
INFO : [pool-2-thread-1]: com.opentext.oesConnector.connector.util.OESAuthUtil.getAuthToken - 15 Jun 2026 13:35:53,640 - OES User password is not updated , will wait for 10 seconds and try to connect 
INFO : [pool-2-thread-1]: com.opentext.oesConnector.connector.util.OESAuthUtil.getAuthToken - 15 Jun 2026 13:36:03,640 - OES configurations are not updated , will wait for 10 seconds and try to connect 
INFO : [pool-2-thread-1]: com.opentext.oesConnector.connector.util.OESAuthUtil.getAuthToken - 15 Jun 2026 13:36:13,641 - OES User password is not updated , will wait for 10 seconds and try to connect 
INFO : [pool-2-thread-1]: com.opentext.oesConnector.connector.util.OESAuthUtil.getAuthToken - 15 Jun 2026 13:36:23,642 - OES configurations are not updated , will wait for 10 seconds and try to connect 
INFO : [pool-2-thread-1]: com.opentext.oesConnector.connector.util.OESAuthUtil.getAuthToken - 15 Jun 2026 13:36:33,642 - OES User password is not updated , will wait for 10 seconds and try to connect 
INFO : [pool-2-thread-1]: com.opentext.oesConnector.connector.util.OESAuthUtil.getAuthToken - 15 Jun 2026 13:36:43,643 - OES configurations are not updated , will wait for 10 seconds and try to connect 
INFO : [pool-2-thread-1]: com.opentext.oesConnector.connector.util.OESAuthUtil.getAuthToken - 15 Jun 2026 13:36:53,643 - OES User password is not updated , will wait for 10 seconds and try to connect 
INFO : [pool-2-thread-1]: com.opentext.oesConnector.connector.util.OESAuthUtil.getAuthToken - 15 Jun 2026 13:37:03,643 - OES configurations are not updated , will wait for 10 seconds and try to connect 
INFO : [pool-2-thread-1]: com.opentext.oesConnector.connector.util.OESAuthUtil.getAuthToken - 15 Jun 2026 13:37:13,645 - OES User password is not updated , will wait for 10 seconds and try to connect 
INFO : [pool-2-thread-1]: com.opentext.oesConnector.connector.util.OESAuthUtil.getAuthToken - 15 Jun 2026 13:37:23,645 - OES configurations are not updated , will wait for 10 seconds and try to connect 
INFO : [pool-2-thread-1]: com.opentext.oesConnector.connector.util.OESAuthUtil.getAuthToken - 15 Jun 2026 13:37:33,646 - OES User password is not updated , will wait for 10 seconds and try to connect 
INFO : [pool-2-thread-1]: com.opentext.oesConnector.connector.util.OESAuthUtil.getAuthToken - 15 Jun 2026 13:37:43,646 - OES configurations are not updated , will wait for 10 seconds and try to connect 
INFO : [pool-2-thread-1]: com.opentext.oesConnector.connector.util.OESAuthUtil.getAuthToken - 15 Jun 2026 13:37:53,646 - OES User password is not updated , will wait for 10 seconds and try to connect 
INFO : [pool-2-thread-1]: com.opentext.oesConnector.connector.util.OESAuthUtil.getAuthToken - 15 Jun 2026 13:38:03,647 - OES configurations are not updated , will wait for 10 seconds and try to connect 
INFO : [pool-2-thread-1]: com.opentext.oesConnector.connector.util.OESAuthUtil.getAuthToken - 15 Jun 2026 13:38:13,648 - OES User password is not updated , will wait for 10 seconds and try to connect 
INFO : [pool-2-thread-1]: com.opentext.oesConnector.connector.util.OESAuthUtil.getAuthToken - 15 Jun 2026 13:38:23,648 - OES configurations are not updated , will wait for 10 seconds and try to connect 
INFO : [pool-2-thread-1]: com.opentext.oesConnector.connector.util.OESAuthUtil.getAuthToken - 15 Jun 2026 13:38:33,649 - OES User password is not updated , will wait for 10 seconds and try to connect 
INFO : [pool-2-thread-1]: com.opentext.oesConnector.connector.util.OESAuthUtil.getAuthToken - 15 Jun 2026 13:38:43,649 - OES configurations are not updated , will wait for 10 seconds and try to connect 
INFO : [pool-2-thread-1]: com.opentext.oesConnector.connector.util.OESAuthUtil.getAuthToken - 15 Jun 2026 13:38:53,649 - OES User password is not updated , will wait for 10 seconds and try to connect 
INFO : [pool-2-thread-1]: com.opentext.oesConnector.connector.util.OESAuthUtil.getAuthToken - 15 Jun 2026 13:39:03,650 - OES configurations are not updated , will wait for 10 seconds and try to connect 
INFO : [pool-2-thread-1]: com.opentext.oesConnector.connector.util.OESAuthUtil.getAuthToken - 15 Jun 2026 13:39:13,651 - OES User password is not updated , will wait for 10 seconds and try to connect 
INFO : [pool-2-thread-1]: com.opentext.oesConnector.connector.util.OESAuthUtil.getAuthToken - 15 Jun 2026 13:39:23,651 - OES configurations are not updated , will wait for 10 seconds and try to connect 
INFO : [pool-2-thread-1]: com.opentext.oesConnector.connector.util.OESAuthUtil.getAuthToken - 15 Jun 2026 13:39:33,652 - OES User password is not updated , will wait for 10 seconds and try to connect 
INFO : [pool-2-thread-1]: com.opentext.oesConnector.connector.util.OESAuthUtil.getAuthToken - 15 Jun 2026 13:39:43,652 - OES configurations are not updated , will wait for 10 seconds and try to connect 
INFO : [pool-2-thread-1]: com.opentext.oesConnector.connector.util.OESAuthUtil.getAuthToken - 15 Jun 2026 13:39:53,652 - OES User password is not updated , will wait for 10 seconds and try to connect 
INFO : [pool-2-thread-1]: com.opentext.oesConnector.connector.util.OESAuthUtil.getAuthToken - 15 Jun 2026 13:40:03,653 - OES configurations are not updated , will wait for 10 seconds and try to connect 
INFO : [pool-2-thread-1]: com.opentext.oesConnector.connector.util.OESAuthUtil.getAuthToken - 15 Jun 2026 13:40:13,654 - OES User password is not updated , will wait for 10 seconds and try to connect 
INFO : [pool-2-thread-1]: com.opentext.oesConnector.connector.util.OESAuthUtil.getAuthToken - 15 Jun 2026 13:40:23,654 - OES configurations are not updated , will wait for 10 seconds and try to connect 
INFO : [pool-2-thread-1]: com.opentext.oesConnector.connector.util.OESAuthUtil.getAuthToken - 15 Jun 2026 13:40:33,655 - OES User password is not updated , will wait for 10 seconds and try to connect 
INFO : [pool-2-thread-1]: com.opentext.oesConnector.connector.util.OESAuthUtil.getAuthToken - 15 Jun 2026 13:40:43,655 - OES configurations are not updated , will wait for 10 seconds and try to connect 
INFO : [pool-2-thread-1]: com.opentext.oesConnector.connector.util.OESAuthUtil.getAuthToken - 15 Jun 2026 13:40:53,655 - OES User password is not updated , will wait for 10 seconds and try to connect 
INFO : [pool-2-thread-1]: com.opentext.oesConnector.connector.util.OESAuthUtil.getAuthToken - 15 Jun 2026 13:41:03,656 - OES configurations are not updated , will wait for 10 seconds and try to connect 
INFO : [pool-2-thread-1]: com.opentext.oesConnector.connector.util.OESAuthUtil.getAuthToken - 15 Jun 2026 13:41:13,657 - OES User password is not updated , will wait for 10 seconds and try to connect 
INFO : [pool-2-thread-1]: com.opentext.oesConnector.connector.util.OESAuthUtil.getAuthToken - 15 Jun 2026 13:41:23,657 - OES configurations are not updated , will wait for 10 seconds and try to connect 
INFO : [pool-2-thread-1]: com.opentext.oesConnector.connector.util.OESAuthUtil.getAuthToken - 15 Jun 2026 13:41:33,658 - OES User password is not updated , will wait for 10 seconds and try to connect 
INFO : [pool-2-thread-1]: com.opentext.oesConnector.connector.util.OESAuthUtil.getAuthToken - 15 Jun 2026 13:41:43,658 - OES configurations are not updated , will wait for 10 seconds and try to connect 
INFO : [pool-2-thread-1]: com.opentext.oesConnector.connector.util.OESAuthUtil.getAuthToken - 15 Jun 2026 13:41:53,659 - OES User password is not updated , will wait for 10 seconds and try to connect 
INFO : [pool-2-thread-1]: com.opentext.oesConnector.connector.util.OESAuthUtil.getAuthToken - 15 Jun 2026 13:42:03,659 - OES configurations are not updated , will wait for 10 seconds and try to connect 
INFO : [pool-2-thread-1]: com.opentext.oesConnector.connector.util.OESAuthUtil.getAuthToken - 15 Jun 2026 13:42:13,660 - OES User password is not updated , will wait for 10 seconds and try to connect 
INFO : [pool-2-thread-1]: com.opentext.oesConnector.connector.util.OESAuthUtil.getAuthToken - 15 Jun 2026 13:42:23,661 - OES configurations are not updated , will wait for 10 seconds and try to connect 
INFO : [pool-2-thread-1]: com.opentext.oesConnector.connector.util.OESAuthUtil.getAuthToken - 15 Jun 2026 13:42:33,661 - OES User password is not updated , will wait for 10 seconds and try to connect 
INFO : [pool-2-thread-1]: com.opentext.oesConnector.connector.util.OESAuthUtil.getAuthToken - 15 Jun 2026 13:42:43,661 - OES configurations are not updated , will wait for 10 seconds and try to connect 
INFO : [pool-2-thread-1]: com.opentext.oesConnector.connector.util.OESAuthUtil.getAuthToken - 15 Jun 2026 13:42:53,662 - OES User password is not updated , will wait for 10 seconds and try to connect 
INFO : [pool-2-thread-1]: com.opentext.oesConnector.connector.util.OESAuthUtil.getAuthToken - 15 Jun 2026 13:43:03,662 - OES configurations are not updated , will wait for 10 seconds and try to connect 
INFO : [pool-2-thread-1]: com.opentext.oesConnector.connector.util.OESAuthUtil.getAuthToken - 15 Jun 2026 13:43:13,663 - OES User password is not updated , will wait for 10 seconds and try to connect 
INFO : [pool-2-thread-1]: com.opentext.oesConnector.connector.util.OESAuthUtil.getAuthToken - 15 Jun 2026 13:43:23,664 - OES configurations are not updated , will wait for 10 seconds and try to connect 
INFO : [pool-2-thread-1]: com.opentext.oesConnector.connector.util.OESAuthUtil.getAuthToken - 15 Jun 2026 13:43:33,664 - OES User password is not updated , will wait for 10 seconds and try to connect 
INFO : [pool-2-thread-1]: com.opentext.oesConnector.connector.util.OESAuthUtil.getAuthToken - 15 Jun 2026 13:43:43,664 - OES configurations are not updated , will wait for 10 seconds and try to connect 
INFO : [pool-2-thread-1]: com.opentext.oesConnector.connector.util.OESAuthUtil.getAuthToken - 15 Jun 2026 13:43:53,665 - OES User password is not updated , will wait for 10 seconds and try to connect 
INFO : [pool-2-thread-1]: com.opentext.oesConnector.connector.util.OESAuthUtil.getAuthToken - 15 Jun 2026 13:44:03,665 - OES configurations are not updated , will wait for 10 seconds and try to connect 
INFO : [pool-2-thread-1]: com.opentext.oesConnector.connector.util.OESAuthUtil.getAuthToken - 15 Jun 2026 13:44:13,667 - OES User password is not updated , will wait for 10 seconds and try to connect 
INFO : [pool-2-thread-1]: com.opentext.oesConnector.connector.util.OESAuthUtil.getAuthToken - 15 Jun 2026 13:44:23,667 - OES configurations are not updated , will wait for 10 seconds and try to connect 
INFO : [pool-2-thread-1]: com.opentext.oesConnector.connector.util.OESAuthUtil.getAuthToken - 15 Jun 2026 13:44:33,667 - OES User password is not updated , will wait for 10 seconds and try to connect 
INFO : [pool-2-thread-1]: com.opentext.oesConnector.connector.util.OESAuthUtil.getAuthToken - 15 Jun 2026 13:44:43,668 - OES configurations are not updated , will wait for 10 seconds and try to connect 
INFO : [pool-2-thread-1]: com.opentext.oesConnector.connector.util.OESAuthUtil.getAuthToken - 15 Jun 2026 13:44:53,668 - OES User password is not updated , will wait for 10 seconds and try to connect 
INFO : [pool-2-thread-1]: com.opentext.oesConnector.connector.util.OESAuthUtil.getAuthToken - 15 Jun 2026 13:45:03,668 - OES configurations are not updated , will wait for 10 seconds and try to connect 
INFO : [pool-2-thread-1]: com.opentext.oesConnector.connector.util.OESAuthUtil.getAuthToken - 15 Jun 2026 13:45:13,670 - OES User password is not updated , will wait for 10 seconds and try to connect 
INFO : [pool-2-thread-1]: com.opentext.oesConnector.connector.util.OESAuthUtil.getAuthToken - 15 Jun 2026 13:45:23,670 - OES configurations are not updated , will wait for 10 seconds and try to connect 
INFO : [pool-2-thread-1]: com.opentext.oesConnector.connector.util.OESAuthUtil.getAuthToken - 15 Jun 2026 13:45:33,670 - OES User password is not updated , will wait for 10 seconds and try to connect 
INFO : [pool-2-thread-1]: com.opentext.oesConnector.connector.util.OESAuthUtil.getAuthToken - 15 Jun 2026 13:45:43,671 - OES configurations are not updated , will wait for 10 seconds and try to connect 
INFO : [pool-2-thread-1]: com.opentext.oesConnector.connector.util.OESAuthUtil.getAuthToken - 15 Jun 2026 13:45:53,671 - OES User password is not updated , will wait for 10 seconds and try to connect 
INFO : [pool-2-thread-1]: com.opentext.oesConnector.connector.util.OESAuthUtil.getAuthToken - 15 Jun 2026 13:46:03,672 - OES configurations are not updated , will wait for 10 seconds and try to connect 
INFO : [pool-2-thread-1]: com.opentext.oesConnector.connector.util.OESAuthUtil.getAuthToken - 15 Jun 2026 13:46:13,673 - OES User password is not updated , will wait for 10 seconds and try to connect 
INFO : [pool-2-thread-1]: com.opentext.oesConnector.connector.util.OESAuthUtil.getAuthToken - 15 Jun 2026 13:46:23,673 - OES configurations are not updated , will wait for 10 seconds and try to connect 
INFO : [pool-2-thread-1]: com.opentext.oesConnector.connector.util.OESAuthUtil.getAuthToken - 15 Jun 2026 13:46:33,674 - OES User password is not updated , will wait for 10 seconds and try to connect 
INFO : [pool-2-thread-1]: com.opentext.oesConnector.connector.util.OESAuthUtil.getAuthToken - 15 Jun 2026 13:46:43,674 - OES configurations are not updated , will wait for 10 seconds and try to connect 
INFO : [pool-2-thread-1]: com.opentext.oesConnector.connector.util.OESAuthUtil.getAuthToken - 15 Jun 2026 13:46:53,674 - OES User password is not updated , will wait for 10 seconds and try to connect 
INFO : [pool-2-thread-1]: com.opentext.oesConnector.connector.util.OESAuthUtil.getAuthToken - 15 Jun 2026 13:47:03,675 - OES configurations are not updated , will wait for 10 seconds and try to connect 
INFO : [pool-2-thread-1]: com.opentext.oesConnector.connector.util.OESAuthUtil.getAuthToken - 15 Jun 2026 13:47:13,676 - OES User password is not updated , will wait for 10 seconds and try to connect 
INFO : [pool-2-thread-1]: com.opentext.oesConnector.connector.util.OESAuthUtil.getAuthToken - 15 Jun 2026 13:47:23,676 - OES configurations are not updated , will wait for 10 seconds and try to connect 
INFO : [pool-2-thread-1]: com.opentext.oesConnector.connector.util.OESAuthUtil.getAuthToken - 15 Jun 2026 13:47:33,677 - OES User password is not updated , will wait for 10 seconds and try to connect 
INFO : [pool-2-thread-1]: com.opentext.oesConnector.connector.util.OESAuthUtil.getAuthToken - 15 Jun 2026 13:47:43,677 - OES configurations are not updated , will wait for 10 seconds and try to connect 
INFO : [pool-2-thread-1]: com.opentext.oesConnector.connector.util.OESAuthUtil.getAuthToken - 15 Jun 2026 13:47:53,678 - OES User password is not updated , will wait for 10 seconds and try to connect 
INFO : [pool-2-thread-1]: com.opentext.oesConnector.connector.util.OESAuthUtil.getAuthToken - 15 Jun 2026 13:48:03,678 - OES configurations are not updated , will wait for 10 seconds and try to connect 
INFO : [pool-2-thread-1]: com.opentext.oesConnector.connector.util.OESAuthUtil.getAuthToken - 15 Jun 2026 13:48:13,679 - OES User password is not updated , will wait for 10 seconds and try to connect 
INFO : [pool-2-thread-1]: com.opentext.oesConnector.connector.util.OESAuthUtil.getAuthToken - 15 Jun 2026 13:48:23,679 - OES configurations are not updated , will wait for 10 seconds and try to connect 
INFO : [pool-2-thread-1]: com.opentext.oesConnector.connector.util.OESAuthUtil.getAuthToken - 15 Jun 2026 13:48:33,680 - OES User password is not updated , will wait for 10 seconds and try to connect 
INFO : [pool-2-thread-1]: com.opentext.oesConnector.connector.util.OESAuthUtil.getAuthToken - 15 Jun 2026 13:48:43,680 - OES configurations are not updated , will wait for 10 seconds and try to connect 
INFO : [pool-2-thread-1]: com.opentext.oesConnector.connector.util.OESAuthUtil.getAuthToken - 15 Jun 2026 13:48:53,681 - OES User password is not updated , will wait for 10 seconds and try to connect 
INFO : [pool-2-thread-1]: com.opentext.oesConnector.connector.util.OESAuthUtil.getAuthToken - 15 Jun 2026 13:49:03,681 - OES configurations are not updated , will wait for 10 seconds and try to connect 
INFO : [pool-2-thread-1]: com.opentext.oesConnector.connector.util.OESAuthUtil.getAuthToken - 15 Jun 2026 13:49:13,682 - OES User password is not updated , will wait for 10 seconds and try to connect 
INFO : [pool-2-thread-1]: com.opentext.oesConnector.connector.util.OESAuthUtil.getAuthToken - 15 Jun 2026 13:49:23,682 - OES configurations are not updated , will wait for 10 seconds and try to connect 
INFO : [pool-2-thread-1]: com.opentext.oesConnector.connector.util.OESAuthUtil.getAuthToken - 15 Jun 2026 13:49:33,683 - OES User password is not updated , will wait for 10 seconds and try to connect 
INFO : [pool-2-thread-1]: com.opentext.oesConnector.connector.util.OESAuthUtil.getAuthToken - 15 Jun 2026 13:49:43,683 - OES configurations are not updated , will wait for 10 seconds and try to connect 
INFO : [pool-2-thread-1]: com.opentext.oesConnector.connector.util.OESAuthUtil.getAuthToken - 15 Jun 2026 13:49:53,684 - OES User password is not updated , will wait for 10 seconds and try to connect 
INFO : [pool-2-thread-1]: com.opentext.oesConnector.connector.util.OESAuthUtil.getAuthToken - 15 Jun 2026 13:50:03,684 - OES configurations are not updated , will wait for 10 seconds and try to connect 
INFO : [pool-2-thread-1]: com.opentext.oesConnector.connector.util.OESAuthUtil.getAuthToken - 15 Jun 2026 13:50:13,685 - OES User password is not updated , will wait for 10 seconds and try to connect 
INFO : [pool-2-thread-1]: com.opentext.oesConnector.connector.util.OESAuthUtil.getAuthToken - 15 Jun 2026 13:50:23,685 - OES configurations are not updated , will wait for 10 seconds and try to connect 
INFO : [pool-2-thread-1]: com.opentext.oesConnector.connector.util.OESAuthUtil.getAuthToken - 15 Jun 2026 13:50:33,686 - OES User password is not updated , will wait for 10 seconds and try to connect 
INFO : [pool-2-thread-1]: com.opentext.oesConnector.connector.util.OESAuthUtil.getAuthToken - 15 Jun 2026 13:50:43,686 - OES configurations are not updated , will wait for 10 seconds and try to connect 
INFO : [pool-2-thread-1]: com.opentext.oesConnector.connector.util.OESAuthUtil.getAuthToken - 15 Jun 2026 13:50:53,687 - OES User password is not updated , will wait for 10 seconds and try to connect 
INFO : [pool-2-thread-1]: com.opentext.oesConnector.connector.util.OESAuthUtil.getAuthToken - 15 Jun 2026 13:51:03,687 - OES configurations are not updated , will wait for 10 seconds and try to connect 
INFO : [pool-2-thread-1]: com.opentext.oesConnector.connector.util.OESAuthUtil.getAuthToken - 15 Jun 2026 13:51:13,688 - OES User password is not updated , will wait for 10 seconds and try to connect 
INFO : [pool-2-thread-1]: com.opentext.oesConnector.connector.util.OESAuthUtil.getAuthToken - 15 Jun 2026 13:51:23,689 - OES configurations are not updated , will wait for 10 seconds and try to connect 
INFO : [pool-2-thread-1]: com.opentext.oesConnector.connector.util.OESAuthUtil.getAuthToken - 15 Jun 2026 13:51:33,689 - OES User password is not updated , will wait for 10 seconds and try to connect 
INFO : [pool-2-thread-1]: com.opentext.oesConnector.connector.util.OESAuthUtil.getAuthToken - 15 Jun 2026 13:51:43,689 - OES configurations are not updated , will wait for 10 seconds and try to connect 
INFO : [pool-2-thread-1]: com.opentext.oesConnector.connector.util.OESAuthUtil.getAuthToken - 15 Jun 2026 13:51:53,690 - OES User password is not updated , will wait for 10 seconds and try to connect 
INFO : [pool-2-thread-1]: com.opentext.oesConnector.connector.util.OESAuthUtil.getAuthToken - 15 Jun 2026 13:52:03,690 - OES configurations are not updated , will wait for 10 seconds and try to connect 
INFO : [pool-2-thread-1]: com.opentext.oesConnector.connector.util.OESAuthUtil.getAuthToken - 15 Jun 2026 13:52:13,691 - OES User password is not updated , will wait for 10 seconds and try to connect 
INFO : [pool-2-thread-1]: com.opentext.oesConnector.connector.util.OESAuthUtil.getAuthToken - 15 Jun 2026 13:52:23,692 - OES configurations are not updated , will wait for 10 seconds and try to connect 
INFO : [pool-2-thread-1]: com.opentext.oesConnector.connector.util.OESAuthUtil.getAuthToken - 15 Jun 2026 13:52:33,692 - OES User password is not updated , will wait for 10 seconds and try to connect 
INFO : [pool-2-thread-1]: com.opentext.oesConnector.connector.util.OESAuthUtil.getAuthToken - 15 Jun 2026 13:52:43,693 - OES configurations are not updated , will wait for 10 seconds and try to connect 
INFO : [pool-2-thread-1]: com.opentext.oesConnector.connector.util.OESAuthUtil.getAuthToken - 15 Jun 2026 13:52:53,693 - OES User password is not updated , will wait for 10 seconds and try to connect 
INFO : [pool-2-thread-1]: com.opentext.oesConnector.connector.util.OESAuthUtil.getAuthToken - 15 Jun 2026 13:53:03,693 - OES configurations are not updated , will wait for 10 seconds and try to connect 
INFO : [pool-2-thread-1]: com.opentext.oesConnector.connector.util.OESAuthUtil.getAuthToken - 15 Jun 2026 13:53:13,695 - OES User password is not updated , will wait for 10 seconds and try to connect 
INFO : [pool-2-thread-1]: com.opentext.oesConnector.connector.util.OESAuthUtil.getAuthToken - 15 Jun 2026 13:53:23,695 - OES configurations are not updated , will wait for 10 seconds and try to connect 
INFO : [pool-2-thread-1]: com.opentext.oesConnector.connector.util.OESAuthUtil.getAuthToken - 15 Jun 2026 13:53:33,695 - OES User password is not updated , will wait for 10 seconds and try to connect 
INFO : [pool-2-thread-1]: com.opentext.oesConnector.connector.util.OESAuthUtil.getAuthToken - 15 Jun 2026 13:53:43,696 - OES configurations are not updated , will wait for 10 seconds and try to connect 
INFO : [pool-2-thread-1]: com.opentext.oesConnector.connector.util.OESAuthUtil.getAuthToken - 15 Jun 2026 13:53:53,696 - OES User password is not updated , will wait for 10 seconds and try to connect 
INFO : [pool-2-thread-1]: com.opentext.oesConnector.connector.util.OESAuthUtil.getAuthToken - 15 Jun 2026 13:54:03,696 - OES configurations are not updated , will wait for 10 seconds and try to connect 
INFO : [pool-2-thread-1]: com.opentext.oesConnector.connector.util.OESAuthUtil.getAuthToken - 15 Jun 2026 13:54:13,698 - OES User password is not updated , will wait for 10 seconds and try to connect 
INFO : [pool-2-thread-1]: com.opentext.oesConnector.connector.util.OESAuthUtil.getAuthToken - 15 Jun 2026 13:54:23,698 - OES configurations are not updated , will wait for 10 seconds and try to connect 
INFO : [pool-2-thread-1]: com.opentext.oesConnector.connector.util.OESAuthUtil.getAuthToken - 15 Jun 2026 13:54:33,699 - OES User password is not updated , will wait for 10 seconds and try to connect 
INFO : [pool-2-thread-1]: com.opentext.oesConnector.connector.util.OESAuthUtil.getAuthToken - 15 Jun 2026 13:54:43,699 - OES configurations are not updated , will wait for 10 seconds and try to connect 
INFO : [pool-2-thread-1]: com.opentext.oesConnector.connector.util.OESAuthUtil.getAuthToken - 15 Jun 2026 13:54:53,699 - OES User password is not updated , will wait for 10 seconds and try to connect 
INFO : [pool-2-thread-1]: com.opentext.oesConnector.connector.util.OESAuthUtil.getAuthToken - 15 Jun 2026 13:55:03,700 - OES configurations are not updated , will wait for 10 seconds and try to connect 
INFO : [pool-2-thread-1]: com.opentext.oesConnector.connector.util.OESAuthUtil.getAuthToken - 15 Jun 2026 13:55:13,701 - OES User password is not updated , will wait for 10 seconds and try to connect 
INFO : [pool-2-thread-1]: com.opentext.oesConnector.connector.util.OESAuthUtil.getAuthToken - 15 Jun 2026 13:55:23,701 - OES configurations are not updated , will wait for 10 seconds and try to connect 
INFO : [pool-2-thread-1]: com.opentext.oesConnector.connector.util.OESAuthUtil.getAuthToken - 15 Jun 2026 13:55:33,703 - OES User password is not updated , will wait for 10 seconds and try to connect 
INFO : [pool-2-thread-1]: com.opentext.oesConnector.connector.util.OESAuthUtil.getAuthToken - 15 Jun 2026 13:55:43,703 - OES configurations are not updated , will wait for 10 seconds and try to connect 
INFO : [pool-2-thread-1]: com.opentext.oesConnector.connector.util.OESAuthUtil.getAuthToken - 15 Jun 2026 13:55:53,704 - OES User password is not updated , will wait for 10 seconds and try to connect 
INFO : [pool-2-thread-1]: com.opentext.oesConnector.connector.util.OESAuthUtil.getAuthToken - 15 Jun 2026 13:56:03,704 - OES configurations are not updated , will wait for 10 seconds and try to connect 
INFO : [pool-2-thread-1]: com.opentext.oesConnector.connector.util.OESAuthUtil.getAuthToken - 15 Jun 2026 13:56:13,705 - OES User password is not updated , will wait for 10 seconds and try to connect 
INFO : [pool-2-thread-1]: com.opentext.oesConnector.connector.util.OESAuthUtil.getAuthToken - 15 Jun 2026 13:56:23,706 - OES configurations are not updated , will wait for 10 seconds and try to connect 
INFO : [pool-2-thread-1]: com.opentext.oesConnector.connector.util.OESAuthUtil.getAuthToken - 15 Jun 2026 13:56:33,706 - OES User password is not updated , will wait for 10 seconds and try to connect 
INFO : [pool-2-thread-1]: com.opentext.oesConnector.connector.util.OESAuthUtil.getAuthToken - 15 Jun 2026 13:56:43,706 - OES configurations are not updated , will wait for 10 seconds and try to connect 
INFO : [pool-2-thread-1]: com.opentext.oesConnector.connector.util.OESAuthUtil.getAuthToken - 15 Jun 2026 13:56:53,707 - OES User password is not updated , will wait for 10 seconds and try to connect 
INFO : [pool-2-thread-1]: com.opentext.oesConnector.connector.util.OESAuthUtil.getAuthToken - 15 Jun 2026 13:57:03,707 - OES configurations are not updated , will wait for 10 seconds and try to connect 
INFO : [pool-2-thread-1]: com.opentext.oesConnector.connector.util.OESAuthUtil.getAuthToken - 15 Jun 2026 13:57:13,708 - OES User password is not updated , will wait for 10 seconds and try to connect 
INFO : [pool-2-thread-1]: com.opentext.oesConnector.connector.util.OESAuthUtil.getAuthToken - 15 Jun 2026 13:57:23,709 - OES configurations are not updated , will wait for 10 seconds and try to connect 
INFO : [pool-2-thread-1]: com.opentext.oesConnector.connector.util.OESAuthUtil.getAuthToken - 15 Jun 2026 13:57:33,709 - OES User password is not updated , will wait for 10 seconds and try to connect 
INFO : [pool-2-thread-1]: com.opentext.oesConnector.connector.util.OESAuthUtil.getAuthToken - 15 Jun 2026 13:57:43,709 - OES configurations are not updated , will wait for 10 seconds and try to connect 
INFO : [pool-2-thread-1]: com.opentext.oesConnector.connector.util.OESAuthUtil.getAuthToken - 15 Jun 2026 13:57:53,710 - OES User password is not updated , will wait for 10 seconds and try to connect 
INFO : [pool-2-thread-1]: com.opentext.oesConnector.connector.util.OESAuthUtil.getAuthToken - 15 Jun 2026 13:58:03,710 - OES configurations are not updated , will wait for 10 seconds and try to connect 
INFO : [pool-2-thread-1]: com.opentext.oesConnector.connector.util.OESAuthUtil.getAuthToken - 15 Jun 2026 13:58:13,711 - OES User password is not updated , will wait for 10 seconds and try to connect 
INFO : [pool-2-thread-1]: com.opentext.oesConnector.connector.util.OESAuthUtil.getAuthToken - 15 Jun 2026 13:58:23,711 - OES configurations are not updated , will wait for 10 seconds and try to connect 
INFO : [pool-2-thread-1]: com.opentext.oesConnector.connector.util.OESAuthUtil.getAuthToken - 15 Jun 2026 13:58:33,712 - OES User password is not updated , will wait for 10 seconds and try to connect 
INFO : [pool-2-thread-1]: com.opentext.oesConnector.connector.util.OESAuthUtil.getAuthToken - 15 Jun 2026 13:58:43,712 - OES configurations are not updated , will wait for 10 seconds and try to connect 
INFO : [pool-2-thread-1]: com.opentext.oesConnector.connector.util.OESAuthUtil.getAuthToken - 15 Jun 2026 13:58:53,713 - OES User password is not updated , will wait for 10 seconds and try to connect 
INFO : [pool-2-thread-1]: com.opentext.oesConnector.connector.util.OESAuthUtil.getAuthToken - 15 Jun 2026 13:59:03,713 - OES configurations are not updated , will wait for 10 seconds and try to connect 
INFO : [pool-2-thread-1]: com.opentext.oesConnector.connector.util.OESAuthUtil.getAuthToken - 15 Jun 2026 13:59:13,714 - OES User password is not updated , will wait for 10 seconds and try to connect 
INFO : [pool-2-thread-1]: com.opentext.oesConnector.connector.util.OESAuthUtil.getAuthToken - 15 Jun 2026 13:59:23,714 - OES configurations are not updated , will wait for 10 seconds and try to connect 
INFO : [pool-2-thread-1]: com.opentext.oesConnector.connector.util.OESAuthUtil.getAuthToken - 15 Jun 2026 13:59:33,715 - OES User password is not updated , will wait for 10 seconds and try to connect 
INFO : [pool-2-thread-1]: com.opentext.oesConnector.connector.util.OESAuthUtil.getAuthToken - 15 Jun 2026 13:59:43,715 - OES configurations are not updated , will wait for 10 seconds and try to connect 
INFO : [pool-2-thread-1]: com.opentext.oesConnector.connector.util.OESAuthUtil.getAuthToken - 15 Jun 2026 13:59:53,716 - OES User password is not updated , will wait for 10 seconds and try to connect 
INFO : [pool-2-thread-1]: com.opentext.oesConnector.connector.util.OESAuthUtil.getAuthToken - 15 Jun 2026 14:00:03,716 - OES configurations are not updated , will wait for 10 seconds and try to connect 
INFO : [pool-2-thread-1]: com.opentext.oesConnector.connector.util.OESAuthUtil.getAuthToken - 15 Jun 2026 14:00:13,717 - OES User password is not updated , will wait for 10 seconds and try to connect 
INFO : [pool-2-thread-1]: com.opentext.oesConnector.connector.util.OESAuthUtil.getAuthToken - 15 Jun 2026 14:00:23,717 - OES configurations are not updated , will wait for 10 seconds and try to connect 
INFO : [pool-2-thread-1]: com.opentext.oesConnector.connector.util.OESAuthUtil.getAuthToken - 15 Jun 2026 14:00:33,718 - OES User password is not updated , will wait for 10 seconds and try to connect 
INFO : [pool-2-thread-1]: com.opentext.oesConnector.connector.util.OESAuthUtil.getAuthToken - 15 Jun 2026 14:00:43,718 - OES configurations are not updated , will wait for 10 seconds and try to connect 
INFO : [pool-2-thread-1]: com.opentext.oesConnector.connector.util.OESAuthUtil.getAuthToken - 15 Jun 2026 14:00:53,719 - OES User password is not updated , will wait for 10 seconds and try to connect 
INFO : [pool-2-thread-1]: com.opentext.oesConnector.connector.util.OESAuthUtil.getAuthToken - 15 Jun 2026 14:01:03,719 - OES configurations are not updated , will wait for 10 seconds and try to connect 
INFO : [pool-2-thread-1]: com.opentext.oesConnector.connector.util.OESAuthUtil.getAuthToken - 15 Jun 2026 14:01:13,720 - OES User password is not updated , will wait for 10 seconds and try to connect 
INFO : [pool-2-thread-1]: com.opentext.oesConnector.connector.util.OESAuthUtil.getAuthToken - 15 Jun 2026 14:01:23,720 - OES configurations are not updated , will wait for 10 seconds and try to connect 
INFO : [pool-2-thread-1]: com.opentext.oesConnector.connector.util.OESAuthUtil.getAuthToken - 15 Jun 2026 14:01:33,721 - OES User password is not updated , will wait for 10 seconds and try to connect 
INFO : [pool-2-thread-1]: com.opentext.oesConnector.connector.util.OESAuthUtil.getAuthToken - 15 Jun 2026 14:01:43,721 - OES configurations are not updated , will wait for 10 seconds and try to connect 
INFO : [pool-2-thread-1]: com.opentext.oesConnector.connector.util.OESAuthUtil.getAuthToken - 15 Jun 2026 14:01:53,722 - OES User password is not updated , will wait for 10 seconds and try to connect 
INFO : [pool-2-thread-1]: com.opentext.oesConnector.connector.util.OESAuthUtil.getAuthToken - 15 Jun 2026 14:02:03,722 - OES configurations are not updated , will wait for 10 seconds and try to connect 
INFO : [pool-2-thread-1]: com.opentext.oesConnector.connector.util.OESAuthUtil.getAuthToken - 15 Jun 2026 14:02:13,723 - OES User password is not updated , will wait for 10 seconds and try to connect 
INFO : [pool-2-thread-1]: com.opentext.oesConnector.connector.util.OESAuthUtil.getAuthToken - 15 Jun 2026 14:02:23,723 - OES configurations are not updated , will wait for 10 seconds and try to connect 
INFO : [pool-2-thread-1]: com.opentext.oesConnector.connector.util.OESAuthUtil.getAuthToken - 15 Jun 2026 14:02:33,724 - OES User password is not updated , will wait for 10 seconds and try to connect 
INFO : [pool-2-thread-1]: com.opentext.oesConnector.connector.util.OESAuthUtil.getAuthToken - 15 Jun 2026 14:02:43,724 - OES configurations are not updated , will wait for 10 seconds and try to connect 
INFO : [pool-2-thread-1]: com.opentext.oesConnector.connector.util.OESAuthUtil.getAuthToken - 15 Jun 2026 14:02:53,725 - OES User password is not updated , will wait for 10 seconds and try to connect 
INFO : [pool-2-thread-1]: com.opentext.oesConnector.connector.util.OESAuthUtil.getAuthToken - 15 Jun 2026 14:03:03,725 - OES configurations are not updated , will wait for 10 seconds and try to connect 
INFO : [pool-2-thread-1]: com.opentext.oesConnector.connector.util.OESAuthUtil.getAuthToken - 15 Jun 2026 14:03:13,726 - OES User password is not updated , will wait for 10 seconds and try to connect 
INFO : [pool-2-thread-1]: com.opentext.oesConnector.connector.util.OESAuthUtil.getAuthToken - 15 Jun 2026 14:03:23,726 - OES configurations are not updated , will wait for 10 seconds and try to connect 
INFO : [pool-2-thread-1]: com.opentext.oesConnector.connector.util.OESAuthUtil.getAuthToken - 15 Jun 2026 14:03:33,727 - OES User password is not updated , will wait for 10 seconds and try to connect 
INFO : [pool-2-thread-1]: com.opentext.oesConnector.connector.util.OESAuthUtil.getAuthToken - 15 Jun 2026 14:03:43,727 - OES configurations are not updated , will wait for 10 seconds and try to connect 
INFO : [pool-2-thread-1]: com.opentext.oesConnector.connector.util.OESAuthUtil.getAuthToken - 15 Jun 2026 14:03:53,728 - OES User password is not updated , will wait for 10 seconds and try to connect 
INFO : [pool-2-thread-1]: com.opentext.oesConnector.connector.util.OESAuthUtil.getAuthToken - 15 Jun 2026 14:04:03,728 - OES configurations are not updated , will wait for 10 seconds and try to connect 
INFO : [pool-2-thread-1]: com.opentext.oesConnector.connector.util.OESAuthUtil.getAuthToken - 15 Jun 2026 14:04:13,729 - OES User password is not updated , will wait for 10 seconds and try to connect 
INFO : [pool-2-thread-1]: com.opentext.oesConnector.connector.util.OESAuthUtil.getAuthToken - 15 Jun 2026 14:04:23,729 - OES configurations are not updated , will wait for 10 seconds and try to connect 
INFO : [pool-2-thread-1]: com.opentext.oesConnector.connector.util.OESAuthUtil.getAuthToken - 15 Jun 2026 14:04:33,730 - OES User password is not updated , will wait for 10 seconds and try to connect 
INFO : [pool-2-thread-1]: com.opentext.oesConnector.connector.util.OESAuthUtil.getAuthToken - 15 Jun 2026 14:04:43,730 - OES configurations are not updated , will wait for 10 seconds and try to connect 
INFO : [pool-2-thread-1]: com.opentext.oesConnector.connector.util.OESAuthUtil.getAuthToken - 15 Jun 2026 14:04:53,731 - OES User password is not updated , will wait for 10 seconds and try to connect 
INFO : [pool-2-thread-1]: com.opentext.oesConnector.connector.util.OESAuthUtil.getAuthToken - 15 Jun 2026 14:05:03,731 - OES configurations are not updated , will wait for 10 seconds and try to connect 
INFO : [pool-2-thread-1]: com.opentext.oesConnector.connector.util.OESAuthUtil.getAuthToken - 15 Jun 2026 14:05:13,732 - OES User password is not updated , will wait for 10 seconds and try to connect 
INFO : [pool-2-thread-1]: com.opentext.oesConnector.connector.util.OESAuthUtil.getAuthToken - 15 Jun 2026 14:05:23,732 - OES configurations are not updated , will wait for 10 seconds and try to connect 
INFO : [pool-2-thread-1]: com.opentext.oesConnector.connector.util.OESAuthUtil.getAuthToken - 15 Jun 2026 14:05:33,733 - OES User password is not updated , will wait for 10 seconds and try to connect 
INFO : [pool-2-thread-1]: com.opentext.oesConnector.connector.util.OESAuthUtil.getAuthToken - 15 Jun 2026 14:05:43,733 - OES configurations are not updated , will wait for 10 seconds and try to connect 
INFO : [pool-2-thread-1]: com.opentext.oesConnector.connector.util.OESAuthUtil.getAuthToken - 15 Jun 2026 14:05:53,734 - OES User password is not updated , will wait for 10 seconds and try to connect 
INFO : [pool-2-thread-1]: com.opentext.oesConnector.connector.util.OESAuthUtil.getAuthToken - 15 Jun 2026 14:06:03,734 - OES configurations are not updated , will wait for 10 seconds and try to connect 
INFO : [pool-2-thread-1]: com.opentext.oesConnector.connector.util.OESAuthUtil.getAuthToken - 15 Jun 2026 14:06:13,735 - OES User password is not updated , will wait for 10 seconds and try to connect 
INFO : [pool-2-thread-1]: com.opentext.oesConnector.connector.util.OESAuthUtil.getAuthToken - 15 Jun 2026 14:06:23,735 - OES configurations are not updated , will wait for 10 seconds and try to connect 
INFO : [pool-2-thread-1]: com.opentext.oesConnector.connector.util.OESAuthUtil.getAuthToken - 15 Jun 2026 14:06:33,736 - OES User password is not updated , will wait for 10 seconds and try to connect 
INFO : [pool-2-thread-1]: com.opentext.oesConnector.connector.util.OESAuthUtil.getAuthToken - 15 Jun 2026 14:06:43,736 - OES configurations are not updated , will wait for 10 seconds and try to connect 
INFO : [pool-2-thread-1]: com.opentext.oesConnector.connector.util.OESAuthUtil.getAuthToken - 15 Jun 2026 14:06:53,736 - OES User password is not updated , will wait for 10 seconds and try to connect 
INFO : [pool-2-thread-1]: com.opentext.oesConnector.connector.util.OESAuthUtil.getAuthToken - 15 Jun 2026 14:07:03,737 - OES configurations are not updated , will wait for 10 seconds and try to connect 
INFO : [pool-2-thread-1]: com.opentext.oesConnector.connector.util.OESAuthUtil.getAuthToken - 15 Jun 2026 14:07:13,738 - OES User password is not updated , will wait for 10 seconds and try to connect 
INFO : [pool-2-thread-1]: com.opentext.oesConnector.connector.util.OESAuthUtil.getAuthToken - 15 Jun 2026 14:07:23,738 - OES configurations are not updated , will wait for 10 seconds and try to connect 
INFO : [pool-2-thread-1]: com.opentext.oesConnector.connector.util.OESAuthUtil.getAuthToken - 15 Jun 2026 14:07:33,739 - OES User password is not updated , will wait for 10 seconds and try to connect 
INFO : [pool-2-thread-1]: com.opentext.oesConnector.connector.util.OESAuthUtil.getAuthToken - 15 Jun 2026 14:07:43,739 - OES configurations are not updated , will wait for 10 seconds and try to connect 
INFO : [pool-2-thread-1]: com.opentext.oesConnector.connector.util.OESAuthUtil.getAuthToken - 15 Jun 2026 14:07:53,739 - OES User password is not updated , will wait for 10 seconds and try to connect 
INFO : [pool-2-thread-1]: com.opentext.oesConnector.connector.util.OESAuthUtil.getAuthToken - 15 Jun 2026 14:08:03,740 - OES configurations are not updated , will wait for 10 seconds and try to connect 
INFO : [pool-2-thread-1]: com.opentext.oesConnector.connector.util.OESAuthUtil.getAuthToken - 15 Jun 2026 14:08:13,741 - OES User password is not updated , will wait for 10 seconds and try to connect 
INFO : [pool-2-thread-1]: com.opentext.oesConnector.connector.util.OESAuthUtil.getAuthToken - 15 Jun 2026 14:08:23,741 - OES configurations are not updated , will wait for 10 seconds and try to connect 
INFO : [pool-2-thread-1]: com.opentext.oesConnector.connector.util.OESAuthUtil.getAuthToken - 15 Jun 2026 14:08:33,742 - OES User password is not updated , will wait for 10 seconds and try to connect 
INFO : [pool-2-thread-1]: com.opentext.oesConnector.connector.util.OESAuthUtil.getAuthToken - 15 Jun 2026 14:08:43,742 - OES configurations are not updated , will wait for 10 seconds and try to connect 
INFO : [pool-2-thread-1]: com.opentext.oesConnector.connector.util.OESAuthUtil.getAuthToken - 15 Jun 2026 14:08:53,742 - OES User password is not updated , will wait for 10 seconds and try to connect 
INFO : [pool-2-thread-1]: com.opentext.oesConnector.connector.util.OESAuthUtil.getAuthToken - 15 Jun 2026 14:09:03,743 - OES configurations are not updated , will wait for 10 seconds and try to connect 
INFO : [pool-2-thread-1]: com.opentext.oesConnector.connector.util.OESAuthUtil.getAuthToken - 15 Jun 2026 14:09:13,744 - OES User password is not updated , will wait for 10 seconds and try to connect 
INFO : [pool-2-thread-1]: com.opentext.oesConnector.connector.util.OESAuthUtil.getAuthToken - 15 Jun 2026 14:09:23,744 - OES configurations are not updated , will wait for 10 seconds and try to connect 
INFO : [pool-2-thread-1]: com.opentext.oesConnector.connector.util.OESAuthUtil.getAuthToken - 15 Jun 2026 14:09:33,745 - OES User password is not updated , will wait for 10 seconds and try to connect 
INFO : [pool-2-thread-1]: com.opentext.oesConnector.connector.util.OESAuthUtil.getAuthToken - 15 Jun 2026 14:09:43,745 - OES configurations are not updated , will wait for 10 seconds and try to connect 
INFO : [pool-2-thread-1]: com.opentext.oesConnector.connector.util.OESAuthUtil.getAuthToken - 15 Jun 2026 14:09:53,746 - OES User password is not updated , will wait for 10 seconds and try to connect 
INFO : [pool-2-thread-1]: com.opentext.oesConnector.connector.util.OESAuthUtil.getAuthToken - 15 Jun 2026 14:10:03,746 - OES configurations are not updated , will wait for 10 seconds and try to connect 
INFO : [pool-2-thread-1]: com.opentext.oesConnector.connector.util.OESAuthUtil.getAuthToken - 15 Jun 2026 14:10:13,747 - OES User password is not updated , will wait for 10 seconds and try to connect 
INFO : [pool-2-thread-1]: com.opentext.oesConnector.connector.util.OESAuthUtil.getAuthToken - 15 Jun 2026 14:10:23,747 - OES configurations are not updated , will wait for 10 seconds and try to connect 
INFO : [pool-2-thread-1]: com.opentext.oesConnector.connector.util.OESAuthUtil.getAuthToken - 15 Jun 2026 14:10:33,748 - OES User password is not updated , will wait for 10 seconds and try to connect 
INFO : [pool-2-thread-1]: com.opentext.oesConnector.connector.util.OESAuthUtil.getAuthToken - 15 Jun 2026 14:10:43,748 - OES configurations are not updated , will wait for 10 seconds and try to connect 
INFO : [pool-2-thread-1]: com.opentext.oesConnector.connector.util.OESAuthUtil.getAuthToken - 15 Jun 2026 14:10:53,749 - OES User password is not updated , will wait for 10 seconds and try to connect 
INFO : [pool-2-thread-1]: com.opentext.oesConnector.connector.util.OESAuthUtil.getAuthToken - 15 Jun 2026 14:11:03,749 - OES configurations are not updated , will wait for 10 seconds and try to connect 
INFO : [pool-2-thread-1]: com.opentext.oesConnector.connector.util.OESAuthUtil.getAuthToken - 15 Jun 2026 14:11:13,750 - OES User password is not updated , will wait for 10 seconds and try to connect 
INFO : [pool-2-thread-1]: com.opentext.oesConnector.connector.util.OESAuthUtil.getAuthToken - 15 Jun 2026 14:11:23,750 - OES configurations are not updated , will wait for 10 seconds and try to connect 
INFO : [pool-2-thread-1]: com.opentext.oesConnector.connector.util.OESAuthUtil.getAuthToken - 15 Jun 2026 14:11:33,751 - OES User password is not updated , will wait for 10 seconds and try to connect 
INFO : [pool-2-thread-1]: com.opentext.oesConnector.connector.util.OESAuthUtil.getAuthToken - 15 Jun 2026 14:11:43,751 - OES configurations are not updated , will wait for 10 seconds and try to connect 
INFO : [pool-2-thread-1]: com.opentext.oesConnector.connector.util.OESAuthUtil.getAuthToken - 15 Jun 2026 14:11:53,752 - OES User password is not updated , will wait for 10 seconds and try to connect 
INFO : [pool-2-thread-1]: com.opentext.oesConnector.connector.util.OESAuthUtil.getAuthToken - 15 Jun 2026 14:12:03,752 - OES configurations are not updated , will wait for 10 seconds and try to connect 
INFO : [pool-2-thread-1]: com.opentext.oesConnector.connector.util.OESAuthUtil.getAuthToken - 15 Jun 2026 14:12:13,753 - OES User password is not updated , will wait for 10 seconds and try to connect 
INFO : [pool-2-thread-1]: com.opentext.oesConnector.connector.util.OESAuthUtil.getAuthToken - 15 Jun 2026 14:12:23,753 - OES configurations are not updated , will wait for 10 seconds and try to connect 
INFO : [pool-2-thread-1]: com.opentext.oesConnector.connector.util.OESAuthUtil.getAuthToken - 15 Jun 2026 14:12:33,754 - OES User password is not updated , will wait for 10 seconds and try to connect 
INFO : [pool-2-thread-1]: com.opentext.oesConnector.connector.util.OESAuthUtil.getAuthToken - 15 Jun 2026 14:12:43,754 - OES configurations are not updated , will wait for 10 seconds and try to connect 
INFO : [pool-2-thread-1]: com.opentext.oesConnector.connector.util.OESAuthUtil.getAuthToken - 15 Jun 2026 14:12:53,756 - OES User password is not updated , will wait for 10 seconds and try to connect 
INFO : [pool-2-thread-1]: com.opentext.oesConnector.connector.util.OESAuthUtil.getAuthToken - 15 Jun 2026 14:13:03,756 - OES configurations are not updated , will wait for 10 seconds and try to connect 
INFO : [pool-2-thread-1]: com.opentext.oesConnector.connector.util.OESAuthUtil.getAuthToken - 15 Jun 2026 14:13:13,757 - OES User password is not updated , will wait for 10 seconds and try to connect 
INFO : [pool-2-thread-1]: com.opentext.oesConnector.connector.util.OESAuthUtil.getAuthToken - 15 Jun 2026 14:13:23,758 - OES configurations are not updated , will wait for 10 seconds and try to connect 
INFO : [pool-2-thread-1]: com.opentext.oesConnector.connector.util.OESAuthUtil.getAuthToken - 15 Jun 2026 14:13:33,758 - OES User password is not updated , will wait for 10 seconds and try to connect 
INFO : [pool-2-thread-1]: com.opentext.oesConnector.connector.util.OESAuthUtil.getAuthToken - 15 Jun 2026 14:13:43,758 - OES configurations are not updated , will wait for 10 seconds and try to connect 
INFO : [pool-2-thread-1]: com.opentext.oesConnector.connector.util.OESAuthUtil.getAuthToken - 15 Jun 2026 14:13:53,759 - OES User password is not updated , will wait for 10 seconds and try to connect 
INFO : [pool-2-thread-1]: com.opentext.oesConnector.connector.util.OESAuthUtil.getAuthToken - 15 Jun 2026 14:14:03,759 - OES configurations are not updated , will wait for 10 seconds and try to connect 
INFO : [pool-2-thread-1]: com.opentext.oesConnector.connector.util.OESAuthUtil.getAuthToken - 15 Jun 2026 14:14:13,760 - OES User password is not updated , will wait for 10 seconds and try to connect 
INFO : [pool-2-thread-1]: com.opentext.oesConnector.connector.util.OESAuthUtil.getAuthToken - 15 Jun 2026 14:14:23,761 - OES configurations are not updated , will wait for 10 seconds and try to connect 
INFO : [pool-2-thread-1]: com.opentext.oesConnector.connector.util.OESAuthUtil.getAuthToken - 15 Jun 2026 14:14:33,761 - OES User password is not updated , will wait for 10 seconds and try to connect 
INFO : [pool-2-thread-1]: com.opentext.oesConnector.connector.util.OESAuthUtil.getAuthToken - 15 Jun 2026 14:14:43,761 - OES configurations are not updated , will wait for 10 seconds and try to connect 
INFO : [pool-2-thread-1]: com.opentext.oesConnector.connector.util.OESAuthUtil.getAuthToken - 15 Jun 2026 14:14:53,762 - OES User password is not updated , will wait for 10 seconds and try to connect 
INFO : [pool-2-thread-1]: com.opentext.oesConnector.connector.util.OESAuthUtil.getAuthToken - 15 Jun 2026 14:15:03,762 - OES configurations are not updated , will wait for 10 seconds and try to connect 
INFO : [pool-2-thread-1]: com.opentext.oesConnector.connector.util.OESAuthUtil.getAuthToken - 15 Jun 2026 14:15:13,763 - OES User password is not updated , will wait for 10 seconds and try to connect 
INFO : [pool-2-thread-1]: com.opentext.oesConnector.connector.util.OESAuthUtil.getAuthToken - 15 Jun 2026 14:15:23,764 - OES configurations are not updated , will wait for 10 seconds and try to connect 
INFO : [pool-2-thread-1]: com.opentext.oesConnector.connector.util.OESAuthUtil.getAuthToken - 15 Jun 2026 14:15:33,764 - OES User password is not updated , will wait for 10 seconds and try to connect 
INFO : [pool-2-thread-1]: com.opentext.oesConnector.connector.util.OESAuthUtil.getAuthToken - 15 Jun 2026 14:15:43,764 - OES configurations are not updated , will wait for 10 seconds and try to connect 
INFO : [pool-2-thread-1]: com.opentext.oesConnector.connector.util.OESAuthUtil.getAuthToken - 15 Jun 2026 14:15:53,765 - OES User password is not updated , will wait for 10 seconds and try to connect 
INFO : [pool-2-thread-1]: com.opentext.oesConnector.connector.util.OESAuthUtil.getAuthToken - 15 Jun 2026 14:16:03,765 - OES configurations are not updated , will wait for 10 seconds and try to connect 
INFO : [pool-2-thread-1]: com.opentext.oesConnector.connector.util.OESAuthUtil.getAuthToken - 15 Jun 2026 14:16:13,766 - OES User password is not updated , will wait for 10 seconds and try to connect 
INFO : [pool-2-thread-1]: com.opentext.oesConnector.connector.util.OESAuthUtil.getAuthToken - 15 Jun 2026 14:16:23,766 - OES configurations are not updated , will wait for 10 seconds and try to connect 
INFO : [pool-2-thread-1]: com.opentext.oesConnector.connector.util.OESAuthUtil.getAuthToken - 15 Jun 2026 14:16:33,767 - OES User password is not updated , will wait for 10 seconds and try to connect 
INFO : [pool-2-thread-1]: com.opentext.oesConnector.connector.util.OESAuthUtil.getAuthToken - 15 Jun 2026 14:16:43,767 - OES configurations are not updated , will wait for 10 seconds and try to connect 
INFO : [pool-2-thread-1]: com.opentext.oesConnector.connector.util.OESAuthUtil.getAuthToken - 15 Jun 2026 14:16:53,768 - OES User password is not updated , will wait for 10 seconds and try to connect 
INFO : [pool-2-thread-1]: com.opentext.oesConnector.connector.util.OESAuthUtil.getAuthToken - 15 Jun 2026 14:17:03,768 - OES configurations are not updated , will wait for 10 seconds and try to connect 
INFO : [pool-2-thread-1]: com.opentext.oesConnector.connector.util.OESAuthUtil.getAuthToken - 15 Jun 2026 14:17:13,769 - OES User password is not updated , will wait for 10 seconds and try to connect 
INFO : [pool-2-thread-1]: com.opentext.oesConnector.connector.util.OESAuthUtil.getAuthToken - 15 Jun 2026 14:17:23,769 - OES configurations are not updated , will wait for 10 seconds and try to connect 
INFO : [pool-2-thread-1]: com.opentext.oesConnector.connector.util.OESAuthUtil.getAuthToken - 15 Jun 2026 14:17:33,770 - OES User password is not updated , will wait for 10 seconds and try to connect 
INFO : [pool-2-thread-1]: com.opentext.oesConnector.connector.util.OESAuthUtil.getAuthToken - 15 Jun 2026 14:17:43,770 - OES configurations are not updated , will wait for 10 seconds and try to connect 
INFO : [pool-2-thread-1]: com.opentext.oesConnector.connector.util.OESAuthUtil.getAuthToken - 15 Jun 2026 14:17:53,771 - OES User password is not updated , will wait for 10 seconds and try to connect 
INFO : [pool-2-thread-1]: com.opentext.oesConnector.connector.util.OESAuthUtil.getAuthToken - 15 Jun 2026 14:18:03,771 - OES configurations are not updated , will wait for 10 seconds and try to connect 
INFO : [pool-2-thread-1]: com.opentext.oesConnector.connector.util.OESAuthUtil.getAuthToken - 15 Jun 2026 14:18:13,772 - OES User password is not updated , will wait for 10 seconds and try to connect 
INFO : [pool-2-thread-1]: com.opentext.oesConnector.connector.util.OESAuthUtil.getAuthToken - 15 Jun 2026 14:18:23,772 - OES configurations are not updated , will wait for 10 seconds and try to connect 
INFO : [pool-2-thread-1]: com.opentext.oesConnector.connector.util.OESAuthUtil.getAuthToken - 15 Jun 2026 14:18:33,773 - OES User password is not updated , will wait for 10 seconds and try to connect 
INFO : [pool-2-thread-1]: com.opentext.oesConnector.connector.util.OESAuthUtil.getAuthToken - 15 Jun 2026 14:18:43,773 - OES configurations are not updated , will wait for 10 seconds and try to connect 
INFO : [pool-2-thread-1]: com.opentext.oesConnector.connector.util.OESAuthUtil.getAuthToken - 15 Jun 2026 14:18:53,774 - OES User password is not updated , will wait for 10 seconds and try to connect 
INFO : [pool-2-thread-1]: com.opentext.oesConnector.connector.util.OESAuthUtil.getAuthToken - 15 Jun 2026 14:19:03,774 - OES configurations are not updated , will wait for 10 seconds and try to connect 
INFO : [pool-2-thread-1]: com.opentext.oesConnector.connector.util.OESAuthUtil.getAuthToken - 15 Jun 2026 14:19:13,775 - OES User password is not updated , will wait for 10 seconds and try to connect 
INFO : [pool-2-thread-1]: com.opentext.oesConnector.connector.util.OESAuthUtil.getAuthToken - 15 Jun 2026 14:19:23,775 - OES configurations are not updated , will wait for 10 seconds and try to connect 
INFO : [pool-2-thread-1]: com.opentext.oesConnector.connector.util.OESAuthUtil.getAuthToken - 15 Jun 2026 14:19:33,776 - OES User password is not updated , will wait for 10 seconds and try to connect 
INFO : [pool-2-thread-1]: com.opentext.oesConnector.connector.util.OESAuthUtil.getAuthToken - 15 Jun 2026 14:19:43,776 - OES configurations are not updated , will wait for 10 seconds and try to connect 
INFO : [pool-2-thread-1]: com.opentext.oesConnector.connector.util.OESAuthUtil.getAuthToken - 15 Jun 2026 14:19:53,776 - OES User password is not updated , will wait for 10 seconds and try to connect 
INFO : [pool-2-thread-1]: com.opentext.oesConnector.connector.util.OESAuthUtil.getAuthToken - 15 Jun 2026 14:20:03,777 - OES configurations are not updated , will wait for 10 seconds and try to connect 
INFO : [pool-2-thread-1]: com.opentext.oesConnector.connector.util.OESAuthUtil.getAuthToken - 15 Jun 2026 14:20:13,778 - OES User password is not updated , will wait for 10 seconds and try to connect 
INFO : [pool-2-thread-1]: com.opentext.oesConnector.connector.util.OESAuthUtil.getAuthToken - 15 Jun 2026 14:20:23,778 - OES configurations are not updated , will wait for 10 seconds and try to connect 
INFO : [pool-2-thread-1]: com.opentext.oesConnector.connector.util.OESAuthUtil.getAuthToken - 15 Jun 2026 14:20:33,779 - OES User password is not updated , will wait for 10 seconds and try to connect 
INFO : [pool-2-thread-1]: com.opentext.oesConnector.connector.util.OESAuthUtil.getAuthToken - 15 Jun 2026 14:20:43,779 - OES configurations are not updated , will wait for 10 seconds and try to connect 
INFO : [pool-2-thread-1]: com.opentext.oesConnector.connector.util.OESAuthUtil.getAuthToken - 15 Jun 2026 14:20:53,780 - OES User password is not updated , will wait for 10 seconds and try to connect 
INFO : [pool-2-thread-1]: com.opentext.oesConnector.connector.util.OESAuthUtil.getAuthToken - 15 Jun 2026 14:21:03,780 - OES configurations are not updated , will wait for 10 seconds and try to connect 
INFO : [pool-2-thread-1]: com.opentext.oesConnector.connector.util.OESAuthUtil.getAuthToken - 15 Jun 2026 14:21:13,781 - OES User password is not updated , will wait for 10 seconds and try to connect 
INFO : [pool-2-thread-1]: com.opentext.oesConnector.connector.util.OESAuthUtil.getAuthToken - 15 Jun 2026 14:21:23,781 - OES configurations are not updated , will wait for 10 seconds and try to connect 
INFO : [pool-2-thread-1]: com.opentext.oesConnector.connector.util.OESAuthUtil.getAuthToken - 15 Jun 2026 14:21:33,782 - OES User password is not updated , will wait for 10 seconds and try to connect 
INFO : [pool-2-thread-1]: com.opentext.oesConnector.connector.util.OESAuthUtil.getAuthToken - 15 Jun 2026 14:21:43,782 - OES configurations are not updated , will wait for 10 seconds and try to connect 
INFO : [pool-2-thread-1]: com.opentext.oesConnector.connector.util.OESAuthUtil.getAuthToken - 15 Jun 2026 14:21:53,783 - OES User password is not updated , will wait for 10 seconds and try to connect 
INFO : [pool-2-thread-1]: com.opentext.oesConnector.connector.util.OESAuthUtil.getAuthToken - 15 Jun 2026 14:22:03,783 - OES configurations are not updated , will wait for 10 seconds and try to connect 
INFO : [pool-2-thread-1]: com.opentext.oesConnector.connector.util.OESAuthUtil.getAuthToken - 15 Jun 2026 14:22:13,784 - OES User password is not updated , will wait for 10 seconds and try to connect 
INFO : [pool-2-thread-1]: com.opentext.oesConnector.connector.util.OESAuthUtil.getAuthToken - 15 Jun 2026 14:22:23,784 - OES configurations are not updated , will wait for 10 seconds and try to connect 
INFO : [pool-2-thread-1]: com.opentext.oesConnector.connector.util.OESAuthUtil.getAuthToken - 15 Jun 2026 14:22:33,785 - OES User password is not updated , will wait for 10 seconds and try to connect 
INFO : [pool-2-thread-1]: com.opentext.oesConnector.connector.util.OESAuthUtil.getAuthToken - 15 Jun 2026 14:22:43,785 - OES configurations are not updated , will wait for 10 seconds and try to connect 
INFO : [pool-2-thread-1]: com.opentext.oesConnector.connector.util.OESAuthUtil.getAuthToken - 15 Jun 2026 14:22:53,786 - OES User password is not updated , will wait for 10 seconds and try to connect 
INFO : [pool-2-thread-1]: com.opentext.oesConnector.connector.util.OESAuthUtil.getAuthToken - 15 Jun 2026 14:23:03,786 - OES configurations are not updated , will wait for 10 seconds and try to connect 
INFO : [pool-2-thread-1]: com.opentext.oesConnector.connector.util.OESAuthUtil.getAuthToken - 15 Jun 2026 14:23:13,787 - OES User password is not updated , will wait for 10 seconds and try to connect 
INFO : [pool-2-thread-1]: com.opentext.oesConnector.connector.util.OESAuthUtil.getAuthToken - 15 Jun 2026 14:23:23,787 - OES configurations are not updated , will wait for 10 seconds and try to connect 
INFO : [pool-2-thread-1]: com.opentext.oesConnector.connector.util.OESAuthUtil.getAuthToken - 15 Jun 2026 14:23:33,788 - OES User password is not updated , will wait for 10 seconds and try to connect 
INFO : [pool-2-thread-1]: com.opentext.oesConnector.connector.util.OESAuthUtil.getAuthToken - 15 Jun 2026 14:23:43,788 - OES configurations are not updated , will wait for 10 seconds and try to connect 
INFO : [pool-2-thread-1]: com.opentext.oesConnector.connector.util.OESAuthUtil.getAuthToken - 15 Jun 2026 14:23:53,789 - OES User password is not updated , will wait for 10 seconds and try to connect 
INFO : [pool-2-thread-1]: com.opentext.oesConnector.connector.util.OESAuthUtil.getAuthToken - 15 Jun 2026 14:24:03,789 - OES configurations are not updated , will wait for 10 seconds and try to connect 
INFO : [pool-2-thread-1]: com.opentext.oesConnector.connector.util.OESAuthUtil.getAuthToken - 15 Jun 2026 14:24:13,791 - OES User password is not updated , will wait for 10 seconds and try to connect 
INFO : [pool-2-thread-1]: com.opentext.oesConnector.connector.util.OESAuthUtil.getAuthToken - 15 Jun 2026 14:24:23,792 - OES configurations are not updated , will wait for 10 seconds and try to connect 
INFO : [pool-2-thread-1]: com.opentext.oesConnector.connector.util.OESAuthUtil.getAuthToken - 15 Jun 2026 14:24:33,792 - OES User password is not updated , will wait for 10 seconds and try to connect 
INFO : [pool-2-thread-1]: com.opentext.oesConnector.connector.util.OESAuthUtil.getAuthToken - 15 Jun 2026 14:24:43,792 - OES configurations are not updated , will wait for 10 seconds and try to connect 
INFO : [pool-2-thread-1]: com.opentext.oesConnector.connector.util.OESAuthUtil.getAuthToken - 15 Jun 2026 14:24:53,793 - OES User password is not updated , will wait for 10 seconds and try to connect 
INFO : [pool-2-thread-1]: com.opentext.oesConnector.connector.util.OESAuthUtil.getAuthToken - 15 Jun 2026 14:25:03,793 - OES configurations are not updated , will wait for 10 seconds and try to connect 
INFO : [pool-2-thread-1]: com.opentext.oesConnector.connector.util.OESAuthUtil.getAuthToken - 15 Jun 2026 14:25:13,795 - OES User password is not updated , will wait for 10 seconds and try to connect 
INFO : [pool-2-thread-1]: com.opentext.oesConnector.connector.util.OESAuthUtil.getAuthToken - 15 Jun 2026 14:25:23,795 - OES configurations are not updated , will wait for 10 seconds and try to connect 
INFO : [pool-2-thread-1]: com.opentext.oesConnector.connector.util.OESAuthUtil.getAuthToken - 15 Jun 2026 14:25:33,795 - OES User password is not updated , will wait for 10 seconds and try to connect 
INFO : [pool-2-thread-1]: com.opentext.oesConnector.connector.util.OESAuthUtil.getAuthToken - 15 Jun 2026 14:25:43,796 - OES configurations are not updated , will wait for 10 seconds and try to connect 
INFO : [pool-2-thread-1]: com.opentext.oesConnector.connector.util.OESAuthUtil.getAuthToken - 15 Jun 2026 14:25:53,796 - OES User password is not updated , will wait for 10 seconds and try to connect 
INFO : [pool-2-thread-1]: com.opentext.oesConnector.connector.util.OESAuthUtil.getAuthToken - 15 Jun 2026 14:26:03,796 - OES configurations are not updated , will wait for 10 seconds and try to connect 
INFO : [pool-2-thread-1]: com.opentext.oesConnector.connector.util.OESAuthUtil.getAuthToken - 15 Jun 2026 14:26:13,798 - OES User password is not updated , will wait for 10 seconds and try to connect 
INFO : [pool-2-thread-1]: com.opentext.oesConnector.connector.util.OESAuthUtil.getAuthToken - 15 Jun 2026 14:26:23,798 - OES configurations are not updated , will wait for 10 seconds and try to connect 
INFO : [pool-2-thread-1]: com.opentext.oesConnector.connector.util.OESAuthUtil.getAuthToken - 15 Jun 2026 14:26:33,798 - OES User password is not updated , will wait for 10 seconds and try to connect 
INFO : [pool-2-thread-1]: com.opentext.oesConnector.connector.util.OESAuthUtil.getAuthToken - 15 Jun 2026 14:26:43,799 - OES configurations are not updated , will wait for 10 seconds and try to connect 
INFO : [pool-2-thread-1]: com.opentext.oesConnector.connector.util.OESAuthUtil.getAuthToken - 15 Jun 2026 14:26:53,799 - OES User password is not updated , will wait for 10 seconds and try to connect 
INFO : [pool-2-thread-1]: com.opentext.oesConnector.connector.util.OESAuthUtil.getAuthToken - 15 Jun 2026 14:27:03,799 - OES configurations are not updated , will wait for 10 seconds and try to connect 
INFO : [pool-2-thread-1]: com.opentext.oesConnector.connector.util.OESAuthUtil.getAuthToken - 15 Jun 2026 14:27:13,801 - OES User password is not updated , will wait for 10 seconds and try to connect 
INFO : [pool-2-thread-1]: com.opentext.oesConnector.connector.util.OESAuthUtil.getAuthToken - 15 Jun 2026 14:27:23,801 - OES configurations are not updated , will wait for 10 seconds and try to connect 
INFO : [pool-2-thread-1]: com.opentext.oesConnector.connector.util.OESAuthUtil.getAuthToken - 15 Jun 2026 14:27:33,801 - OES User password is not updated , will wait for 10 seconds and try to connect 
INFO : [pool-2-thread-1]: com.opentext.oesConnector.connector.util.OESAuthUtil.getAuthToken - 15 Jun 2026 14:27:43,802 - OES configurations are not updated , will wait for 10 seconds and try to connect 
INFO : [pool-2-thread-1]: com.opentext.oesConnector.connector.util.OESAuthUtil.getAuthToken - 15 Jun 2026 14:27:53,802 - OES User password is not updated , will wait for 10 seconds and try to connect 
INFO : [pool-2-thread-1]: com.opentext.oesConnector.connector.util.OESAuthUtil.getAuthToken - 15 Jun 2026 14:28:03,802 - OES configurations are not updated , will wait for 10 seconds and try to connect 
INFO : [pool-2-thread-1]: com.opentext.oesConnector.connector.util.OESAuthUtil.getAuthToken - 15 Jun 2026 14:28:13,804 - OES User password is not updated , will wait for 10 seconds and try to connect 
INFO : [pool-2-thread-1]: com.opentext.oesConnector.connector.util.OESAuthUtil.getAuthToken - 15 Jun 2026 14:28:23,804 - OES configurations are not updated , will wait for 10 seconds and try to connect 
INFO : [pool-2-thread-1]: com.opentext.oesConnector.connector.util.OESAuthUtil.getAuthToken - 15 Jun 2026 14:28:33,805 - OES User password is not updated , will wait for 10 seconds and try to connect 
INFO : [pool-2-thread-1]: com.opentext.oesConnector.connector.util.OESAuthUtil.getAuthToken - 15 Jun 2026 14:28:43,805 - OES configurations are not updated , will wait for 10 seconds and try to connect 
INFO : [pool-2-thread-1]: com.opentext.oesConnector.connector.util.OESAuthUtil.getAuthToken - 15 Jun 2026 14:28:53,805 - OES User password is not updated , will wait for 10 seconds and try to connect 
INFO : [pool-2-thread-1]: com.opentext.oesConnector.connector.util.OESAuthUtil.getAuthToken - 15 Jun 2026 14:29:03,805 - OES configurations are not updated , will wait for 10 seconds and try to connect 
INFO : [pool-2-thread-1]: com.opentext.oesConnector.connector.util.OESAuthUtil.getAuthToken - 15 Jun 2026 14:29:13,807 - OES User password is not updated , will wait for 10 seconds and try to connect 
INFO : [pool-2-thread-1]: com.opentext.oesConnector.connector.util.OESAuthUtil.getAuthToken - 15 Jun 2026 14:29:23,807 - OES configurations are not updated , will wait for 10 seconds and try to connect 
INFO : [pool-2-thread-1]: com.opentext.oesConnector.connector.util.OESAuthUtil.getAuthToken - 15 Jun 2026 14:29:33,808 - OES User password is not updated , will wait for 10 seconds and try to connect 
INFO : [pool-2-thread-1]: com.opentext.oesConnector.connector.util.OESAuthUtil.getAuthToken - 15 Jun 2026 14:29:43,808 - OES configurations are not updated , will wait for 10 seconds and try to connect 
INFO : [pool-2-thread-1]: com.opentext.oesConnector.connector.util.OESAuthUtil.getAuthToken - 15 Jun 2026 14:29:53,809 - OES User password is not updated , will wait for 10 seconds and try to connect 
INFO : [pool-2-thread-1]: com.opentext.oesConnector.connector.util.OESAuthUtil.getAuthToken - 15 Jun 2026 14:30:03,809 - OES configurations are not updated , will wait for 10 seconds and try to connect 
INFO : [pool-2-thread-1]: com.opentext.oesConnector.connector.util.OESAuthUtil.getAuthToken - 15 Jun 2026 14:30:13,810 - OES User password is not updated , will wait for 10 seconds and try to connect 
INFO : [pool-2-thread-1]: com.opentext.oesConnector.connector.util.OESAuthUtil.getAuthToken - 15 Jun 2026 14:30:23,810 - OES configurations are not updated , will wait for 10 seconds and try to connect 
INFO : [pool-2-thread-1]: com.opentext.oesConnector.connector.util.OESAuthUtil.getAuthToken - 15 Jun 2026 14:30:33,811 - OES User password is not updated , will wait for 10 seconds and try to connect 
INFO : [pool-2-thread-1]: com.opentext.oesConnector.connector.util.OESAuthUtil.getAuthToken - 15 Jun 2026 14:30:43,811 - OES configurations are not updated , will wait for 10 seconds and try to connect 
INFO : [pool-2-thread-1]: com.opentext.oesConnector.connector.util.OESAuthUtil.getAuthToken - 15 Jun 2026 14:30:53,812 - OES User password is not updated , will wait for 10 seconds and try to connect 
INFO : [pool-2-thread-1]: com.opentext.oesConnector.connector.util.OESAuthUtil.getAuthToken - 15 Jun 2026 14:31:03,812 - OES configurations are not updated , will wait for 10 seconds and try to connect 
INFO : [pool-2-thread-1]: com.opentext.oesConnector.connector.util.OESAuthUtil.getAuthToken - 15 Jun 2026 14:31:13,813 - OES User password is not updated , will wait for 10 seconds and try to connect 
INFO : [pool-2-thread-1]: com.opentext.oesConnector.connector.util.OESAuthUtil.getAuthToken - 15 Jun 2026 14:31:23,813 - OES configurations are not updated , will wait for 10 seconds and try to connect 
INFO : [pool-2-thread-1]: com.opentext.oesConnector.connector.util.OESAuthUtil.getAuthToken - 15 Jun 2026 14:31:33,814 - OES User password is not updated , will wait for 10 seconds and try to connect 
INFO : [pool-2-thread-1]: com.opentext.oesConnector.connector.util.OESAuthUtil.getAuthToken - 15 Jun 2026 14:31:43,814 - OES configurations are not updated , will wait for 10 seconds and try to connect 
INFO : [pool-2-thread-1]: com.opentext.oesConnector.connector.util.OESAuthUtil.getAuthToken - 15 Jun 2026 14:31:53,815 - OES User password is not updated , will wait for 10 seconds and try to connect 
INFO : [pool-2-thread-1]: com.opentext.oesConnector.connector.util.OESAuthUtil.getAuthToken - 15 Jun 2026 14:32:03,815 - OES configurations are not updated , will wait for 10 seconds and try to connect 
INFO : [pool-2-thread-1]: com.opentext.oesConnector.connector.util.OESAuthUtil.getAuthToken - 15 Jun 2026 14:32:13,816 - OES User password is not updated , will wait for 10 seconds and try to connect 
INFO : [pool-2-thread-1]: com.opentext.oesConnector.connector.util.OESAuthUtil.getAuthToken - 15 Jun 2026 14:32:23,816 - OES configurations are not updated , will wait for 10 seconds and try to connect 
INFO : [pool-2-thread-1]: com.opentext.oesConnector.connector.util.OESAuthUtil.getAuthToken - 15 Jun 2026 14:32:33,817 - OES User password is not updated , will wait for 10 seconds and try to connect 
INFO : [pool-2-thread-1]: com.opentext.oesConnector.connector.util.OESAuthUtil.getAuthToken - 15 Jun 2026 14:32:43,817 - OES configurations are not updated , will wait for 10 seconds and try to connect 
INFO : [pool-2-thread-1]: com.opentext.oesConnector.connector.util.OESAuthUtil.getAuthToken - 15 Jun 2026 14:32:53,818 - OES User password is not updated , will wait for 10 seconds and try to connect 
INFO : [pool-2-thread-1]: com.opentext.oesConnector.connector.util.OESAuthUtil.getAuthToken - 15 Jun 2026 14:33:03,818 - OES configurations are not updated , will wait for 10 seconds and try to connect 
INFO : [pool-2-thread-1]: com.opentext.oesConnector.connector.util.OESAuthUtil.getAuthToken - 15 Jun 2026 14:33:13,819 - OES User password is not updated , will wait for 10 seconds and try to connect 
INFO : [pool-2-thread-1]: com.opentext.oesConnector.connector.util.OESAuthUtil.getAuthToken - 15 Jun 2026 14:33:23,820 - OES configurations are not updated , will wait for 10 seconds and try to connect 
INFO : [pool-2-thread-1]: com.opentext.oesConnector.connector.util.OESAuthUtil.getAuthToken - 15 Jun 2026 14:33:33,820 - OES User password is not updated , will wait for 10 seconds and try to connect 
INFO : [pool-2-thread-1]: com.opentext.oesConnector.connector.util.OESAuthUtil.getAuthToken - 15 Jun 2026 14:33:43,820 - OES configurations are not updated , will wait for 10 seconds and try to connect 
INFO : [pool-2-thread-1]: com.opentext.oesConnector.connector.util.OESAuthUtil.getAuthToken - 15 Jun 2026 14:33:53,821 - OES User password is not updated , will wait for 10 seconds and try to connect 
INFO : [pool-2-thread-1]: com.opentext.oesConnector.connector.util.OESAuthUtil.getAuthToken - 15 Jun 2026 14:34:03,821 - OES configurations are not updated , will wait for 10 seconds and try to connect 
INFO : [pool-2-thread-1]: com.opentext.oesConnector.connector.util.OESAuthUtil.getAuthToken - 15 Jun 2026 14:34:13,823 - OES User password is not updated , will wait for 10 seconds and try to connect 
INFO : [pool-2-thread-1]: com.opentext.oesConnector.connector.util.OESAuthUtil.getAuthToken - 15 Jun 2026 14:34:23,823 - OES configurations are not updated , will wait for 10 seconds and try to connect 
INFO : [pool-2-thread-1]: com.opentext.oesConnector.connector.util.OESAuthUtil.getAuthToken - 15 Jun 2026 14:34:33,823 - OES User password is not updated , will wait for 10 seconds and try to connect 
INFO : [pool-2-thread-1]: com.opentext.oesConnector.connector.util.OESAuthUtil.getAuthToken - 15 Jun 2026 14:34:43,824 - OES configurations are not updated , will wait for 10 seconds and try to connect 
INFO : [pool-2-thread-1]: com.opentext.oesConnector.connector.util.OESAuthUtil.getAuthToken - 15 Jun 2026 14:34:53,824 - OES User password is not updated , will wait for 10 seconds and try to connect 
INFO : [pool-2-thread-1]: com.opentext.oesConnector.connector.util.OESAuthUtil.getAuthToken - 15 Jun 2026 14:35:03,825 - OES configurations are not updated , will wait for 10 seconds and try to connect 
INFO : [pool-2-thread-1]: com.opentext.oesConnector.connector.util.OESAuthUtil.getAuthToken - 15 Jun 2026 14:35:13,826 - OES User password is not updated , will wait for 10 seconds and try to connect 
INFO : [pool-2-thread-1]: com.opentext.oesConnector.connector.util.OESAuthUtil.getAuthToken - 15 Jun 2026 14:35:23,826 - OES configurations are not updated , will wait for 10 seconds and try to connect 
INFO : [pool-2-thread-1]: com.opentext.oesConnector.connector.util.OESAuthUtil.getAuthToken - 15 Jun 2026 14:35:33,827 - OES User password is not updated , will wait for 10 seconds and try to connect 
INFO : [pool-2-thread-1]: com.opentext.oesConnector.connector.util.OESAuthUtil.getAuthToken - 15 Jun 2026 14:35:43,827 - OES configurations are not updated , will wait for 10 seconds and try to connect 
INFO : [pool-2-thread-1]: com.opentext.oesConnector.connector.util.OESAuthUtil.getAuthToken - 15 Jun 2026 14:35:53,828 - OES User password is not updated , will wait for 10 seconds and try to connect 
INFO : [pool-2-thread-1]: com.opentext.oesConnector.connector.util.OESAuthUtil.getAuthToken - 15 Jun 2026 14:36:03,828 - OES configurations are not updated , will wait for 10 seconds and try to connect 
INFO : [pool-2-thread-1]: com.opentext.oesConnector.connector.util.OESAuthUtil.getAuthToken - 15 Jun 2026 14:36:13,829 - OES User password is not updated , will wait for 10 seconds and try to connect 
INFO : [pool-2-thread-1]: com.opentext.oesConnector.connector.util.OESAuthUtil.getAuthToken - 15 Jun 2026 14:36:23,830 - OES configurations are not updated , will wait for 10 seconds and try to connect 
INFO : [pool-2-thread-1]: com.opentext.oesConnector.connector.util.OESAuthUtil.getAuthToken - 15 Jun 2026 14:36:33,830 - OES User password is not updated , will wait for 10 seconds and try to connect 
INFO : [pool-2-thread-1]: com.opentext.oesConnector.connector.util.OESAuthUtil.getAuthToken - 15 Jun 2026 14:36:43,830 - OES configurations are not updated , will wait for 10 seconds and try to connect 
INFO : [pool-2-thread-1]: com.opentext.oesConnector.connector.util.OESAuthUtil.getAuthToken - 15 Jun 2026 14:36:53,831 - OES User password is not updated , will wait for 10 seconds and try to connect 
INFO : [pool-2-thread-1]: com.opentext.oesConnector.connector.util.OESAuthUtil.getAuthToken - 15 Jun 2026 14:37:03,831 - OES configurations are not updated , will wait for 10 seconds and try to connect 
INFO : [pool-2-thread-1]: com.opentext.oesConnector.connector.util.OESAuthUtil.getAuthToken - 15 Jun 2026 14:37:13,833 - OES User password is not updated , will wait for 10 seconds and try to connect 
INFO : [pool-2-thread-1]: com.opentext.oesConnector.connector.util.OESAuthUtil.getAuthToken - 15 Jun 2026 14:37:23,833 - OES configurations are not updated , will wait for 10 seconds and try to connect 
INFO : [pool-2-thread-1]: com.opentext.oesConnector.connector.util.OESAuthUtil.getAuthToken - 15 Jun 2026 14:37:33,834 - OES User password is not updated , will wait for 10 seconds and try to connect 
INFO : [pool-2-thread-1]: com.opentext.oesConnector.connector.util.OESAuthUtil.getAuthToken - 15 Jun 2026 14:37:43,834 - OES configurations are not updated , will wait for 10 seconds and try to connect 
INFO : [pool-2-thread-1]: com.opentext.oesConnector.connector.util.OESAuthUtil.getAuthToken - 15 Jun 2026 14:37:53,834 - OES User password is not updated , will wait for 10 seconds and try to connect 
INFO : [pool-2-thread-1]: com.opentext.oesConnector.connector.util.OESAuthUtil.getAuthToken - 15 Jun 2026 14:38:03,835 - OES configurations are not updated , will wait for 10 seconds and try to connect 
INFO : [pool-2-thread-1]: com.opentext.oesConnector.connector.util.OESAuthUtil.getAuthToken - 15 Jun 2026 14:38:13,836 - OES User password is not updated , will wait for 10 seconds and try to connect 
INFO : [pool-2-thread-1]: com.opentext.oesConnector.connector.util.OESAuthUtil.getAuthToken - 15 Jun 2026 14:38:23,836 - OES configurations are not updated , will wait for 10 seconds and try to connect 
INFO : [pool-2-thread-1]: com.opentext.oesConnector.connector.util.OESAuthUtil.getAuthToken - 15 Jun 2026 14:38:33,837 - OES User password is not updated , will wait for 10 seconds and try to connect 
INFO : [pool-2-thread-1]: com.opentext.oesConnector.connector.util.OESAuthUtil.getAuthToken - 15 Jun 2026 14:38:43,837 - OES configurations are not updated , will wait for 10 seconds and try to connect 
INFO : [pool-2-thread-1]: com.opentext.oesConnector.connector.util.OESAuthUtil.getAuthToken - 15 Jun 2026 14:38:53,838 - OES User password is not updated , will wait for 10 seconds and try to connect 
INFO : [pool-2-thread-1]: com.opentext.oesConnector.connector.util.OESAuthUtil.getAuthToken - 15 Jun 2026 14:39:03,838 - OES configurations are not updated , will wait for 10 seconds and try to connect 
INFO : [pool-2-thread-1]: com.opentext.oesConnector.connector.util.OESAuthUtil.getAuthToken - 15 Jun 2026 14:39:13,839 - OES User password is not updated , will wait for 10 seconds and try to connect 
INFO : [pool-2-thread-1]: com.opentext.oesConnector.connector.util.OESAuthUtil.getAuthToken - 15 Jun 2026 14:39:23,840 - OES configurations are not updated , will wait for 10 seconds and try to connect 
INFO : [pool-2-thread-1]: com.opentext.oesConnector.connector.util.OESAuthUtil.getAuthToken - 15 Jun 2026 14:39:33,840 - OES User password is not updated , will wait for 10 seconds and try to connect 
INFO : [pool-2-thread-1]: com.opentext.oesConnector.connector.util.OESAuthUtil.getAuthToken - 15 Jun 2026 14:39:43,840 - OES configurations are not updated , will wait for 10 seconds and try to connect 
INFO : [pool-2-thread-1]: com.opentext.oesConnector.connector.util.OESAuthUtil.getAuthToken - 15 Jun 2026 14:39:53,841 - OES User password is not updated , will wait for 10 seconds and try to connect 
INFO : [pool-2-thread-1]: com.opentext.oesConnector.connector.util.OESAuthUtil.getAuthToken - 15 Jun 2026 14:40:03,841 - OES configurations are not updated , will wait for 10 seconds and try to connect 
INFO : [pool-2-thread-1]: com.opentext.oesConnector.connector.util.OESAuthUtil.getAuthToken - 15 Jun 2026 14:40:13,843 - OES User password is not updated , will wait for 10 seconds and try to connect 
INFO : [pool-2-thread-1]: com.opentext.oesConnector.connector.util.OESAuthUtil.getAuthToken - 15 Jun 2026 14:40:23,843 - OES configurations are not updated , will wait for 10 seconds and try to connect 
INFO : [pool-2-thread-1]: com.opentext.oesConnector.connector.util.OESAuthUtil.getAuthToken - 15 Jun 2026 14:40:33,843 - OES User password is not updated , will wait for 10 seconds and try to connect 
INFO : [pool-2-thread-1]: com.opentext.oesConnector.connector.util.OESAuthUtil.getAuthToken - 15 Jun 2026 14:40:43,844 - OES configurations are not updated , will wait for 10 seconds and try to connect 
INFO : [pool-2-thread-1]: com.opentext.oesConnector.connector.util.OESAuthUtil.getAuthToken - 15 Jun 2026 14:40:53,844 - OES User password is not updated , will wait for 10 seconds and try to connect 
INFO : [pool-2-thread-1]: com.opentext.oesConnector.connector.util.OESAuthUtil.getAuthToken - 15 Jun 2026 14:41:03,844 - OES configurations are not updated , will wait for 10 seconds and try to connect 
INFO : [pool-2-thread-1]: com.opentext.oesConnector.connector.util.OESAuthUtil.getAuthToken - 15 Jun 2026 14:41:13,846 - OES User password is not updated , will wait for 10 seconds and try to connect 
INFO : [pool-2-thread-1]: com.opentext.oesConnector.connector.util.OESAuthUtil.getAuthToken - 15 Jun 2026 14:41:23,846 - OES configurations are not updated , will wait for 10 seconds and try to connect 
INFO : [pool-2-thread-1]: com.opentext.oesConnector.connector.util.OESAuthUtil.getAuthToken - 15 Jun 2026 14:41:33,846 - OES User password is not updated , will wait for 10 seconds and try to connect 
INFO : [pool-2-thread-1]: com.opentext.oesConnector.connector.util.OESAuthUtil.getAuthToken - 15 Jun 2026 14:41:43,847 - OES configurations are not updated , will wait for 10 seconds and try to connect 
INFO : [pool-2-thread-1]: com.opentext.oesConnector.connector.util.OESAuthUtil.getAuthToken - 15 Jun 2026 14:41:53,847 - OES User password is not updated , will wait for 10 seconds and try to connect 
INFO : [pool-2-thread-1]: com.opentext.oesConnector.connector.util.OESAuthUtil.getAuthToken - 15 Jun 2026 14:42:03,847 - OES configurations are not updated , will wait for 10 seconds and try to connect 
INFO : [pool-2-thread-1]: com.opentext.oesConnector.connector.util.OESAuthUtil.getAuthToken - 15 Jun 2026 14:42:13,849 - OES User password is not updated , will wait for 10 seconds and try to connect 
INFO : [pool-2-thread-1]: com.opentext.oesConnector.connector.util.OESAuthUtil.getAuthToken - 15 Jun 2026 14:42:23,849 - OES configurations are not updated , will wait for 10 seconds and try to connect 
INFO : [pool-2-thread-1]: com.opentext.oesConnector.connector.util.OESAuthUtil.getAuthToken - 15 Jun 2026 14:42:33,850 - OES User password is not updated , will wait for 10 seconds and try to connect 
INFO : [pool-2-thread-1]: com.opentext.oesConnector.connector.util.OESAuthUtil.getAuthToken - 15 Jun 2026 14:42:43,850 - OES configurations are not updated , will wait for 10 seconds and try to connect 
INFO : [pool-2-thread-1]: com.opentext.oesConnector.connector.util.OESAuthUtil.getAuthToken - 15 Jun 2026 14:42:53,850 - OES User password is not updated , will wait for 10 seconds and try to connect 
INFO : [pool-2-thread-1]: com.opentext.oesConnector.connector.util.OESAuthUtil.getAuthToken - 15 Jun 2026 14:43:03,851 - OES configurations are not updated , will wait for 10 seconds and try to connect 
INFO : [pool-2-thread-1]: com.opentext.oesConnector.connector.util.OESAuthUtil.getAuthToken - 15 Jun 2026 14:43:13,852 - OES User password is not updated , will wait for 10 seconds and try to connect 
INFO : [pool-2-thread-1]: com.opentext.oesConnector.connector.util.OESAuthUtil.getAuthToken - 15 Jun 2026 14:43:23,852 - OES configurations are not updated , will wait for 10 seconds and try to connect 
INFO : [pool-2-thread-1]: com.opentext.oesConnector.connector.util.OESAuthUtil.getAuthToken - 15 Jun 2026 14:43:33,853 - OES User password is not updated , will wait for 10 seconds and try to connect 
INFO : [pool-2-thread-1]: com.opentext.oesConnector.connector.util.OESAuthUtil.getAuthToken - 15 Jun 2026 14:43:43,853 - OES configurations are not updated , will wait for 10 seconds and try to connect 
INFO : [pool-2-thread-1]: com.opentext.oesConnector.connector.util.OESAuthUtil.getAuthToken - 15 Jun 2026 14:43:53,854 - OES User password is not updated , will wait for 10 seconds and try to connect 
INFO : [pool-2-thread-1]: com.opentext.oesConnector.connector.util.OESAuthUtil.getAuthToken - 15 Jun 2026 14:44:03,854 - OES configurations are not updated , will wait for 10 seconds and try to connect 
INFO : [pool-2-thread-1]: com.opentext.oesConnector.connector.util.OESAuthUtil.getAuthToken - 15 Jun 2026 14:44:13,855 - OES User password is not updated , will wait for 10 seconds and try to connect 
INFO : [pool-2-thread-1]: com.opentext.oesConnector.connector.util.OESAuthUtil.getAuthToken - 15 Jun 2026 14:44:23,856 - OES configurations are not updated , will wait for 10 seconds and try to connect 
INFO : [pool-2-thread-1]: com.opentext.oesConnector.connector.util.OESAuthUtil.getAuthToken - 15 Jun 2026 14:44:33,856 - OES User password is not updated , will wait for 10 seconds and try to connect 
INFO : [pool-2-thread-1]: com.opentext.oesConnector.connector.util.OESAuthUtil.getAuthToken - 15 Jun 2026 14:44:43,856 - OES configurations are not updated , will wait for 10 seconds and try to connect 
INFO : [pool-2-thread-1]: com.opentext.oesConnector.connector.util.OESAuthUtil.getAuthToken - 15 Jun 2026 14:44:53,857 - OES User password is not updated , will wait for 10 seconds and try to connect 
INFO : [pool-2-thread-1]: com.opentext.oesConnector.connector.util.OESAuthUtil.getAuthToken - 15 Jun 2026 14:45:03,857 - OES configurations are not updated , will wait for 10 seconds and try to connect 
INFO : [pool-2-thread-1]: com.opentext.oesConnector.connector.util.OESAuthUtil.getAuthToken - 15 Jun 2026 14:45:13,859 - OES User password is not updated , will wait for 10 seconds and try to connect 
INFO : [pool-2-thread-1]: com.opentext.oesConnector.connector.util.OESAuthUtil.getAuthToken - 15 Jun 2026 14:45:23,859 - OES configurations are not updated , will wait for 10 seconds and try to connect 
INFO : [pool-2-thread-1]: com.opentext.oesConnector.connector.util.OESAuthUtil.getAuthToken - 15 Jun 2026 14:45:33,859 - OES User password is not updated , will wait for 10 seconds and try to connect 
INFO : [pool-2-thread-1]: com.opentext.oesConnector.connector.util.OESAuthUtil.getAuthToken - 15 Jun 2026 14:45:43,860 - OES configurations are not updated , will wait for 10 seconds and try to connect 
INFO : [pool-2-thread-1]: com.opentext.oesConnector.connector.util.OESAuthUtil.getAuthToken - 15 Jun 2026 14:45:53,860 - OES User password is not updated , will wait for 10 seconds and try to connect 
INFO : [pool-2-thread-1]: com.opentext.oesConnector.connector.util.OESAuthUtil.getAuthToken - 15 Jun 2026 14:46:03,860 - OES configurations are not updated , will wait for 10 seconds and try to connect 
INFO : [pool-2-thread-1]: com.opentext.oesConnector.connector.util.OESAuthUtil.getAuthToken - 15 Jun 2026 14:46:13,862 - OES User password is not updated , will wait for 10 seconds and try to connect 
INFO : [pool-2-thread-1]: com.opentext.oesConnector.connector.util.OESAuthUtil.getAuthToken - 15 Jun 2026 14:46:23,862 - OES configurations are not updated , will wait for 10 seconds and try to connect 
INFO : [pool-2-thread-1]: com.opentext.oesConnector.connector.util.OESAuthUtil.getAuthToken - 15 Jun 2026 14:46:33,863 - OES User password is not updated , will wait for 10 seconds and try to connect 
INFO : [pool-2-thread-1]: com.opentext.oesConnector.connector.util.OESAuthUtil.getAuthToken - 15 Jun 2026 14:46:43,863 - OES configurations are not updated , will wait for 10 seconds and try to connect 
INFO : [pool-2-thread-1]: com.opentext.oesConnector.connector.util.OESAuthUtil.getAuthToken - 15 Jun 2026 14:46:53,864 - OES User password is not updated , will wait for 10 seconds and try to connect 
INFO : [pool-2-thread-1]: com.opentext.oesConnector.connector.util.OESAuthUtil.getAuthToken - 15 Jun 2026 14:47:03,864 - OES configurations are not updated , will wait for 10 seconds and try to connect 
INFO : [pool-2-thread-1]: com.opentext.oesConnector.connector.util.OESAuthUtil.getAuthToken - 15 Jun 2026 14:47:13,865 - OES User password is not updated , will wait for 10 seconds and try to connect 
INFO : [pool-2-thread-1]: com.opentext.oesConnector.connector.util.OESAuthUtil.getAuthToken - 15 Jun 2026 14:47:23,865 - OES configurations are not updated , will wait for 10 seconds and try to connect 
INFO : [pool-2-thread-1]: com.opentext.oesConnector.connector.util.OESAuthUtil.getAuthToken - 15 Jun 2026 14:47:33,866 - OES User password is not updated , will wait for 10 seconds and try to connect 
INFO : [pool-2-thread-1]: com.opentext.oesConnector.connector.util.OESAuthUtil.getAuthToken - 15 Jun 2026 14:47:43,866 - OES configurations are not updated , will wait for 10 seconds and try to connect 
INFO : [pool-2-thread-1]: com.opentext.oesConnector.connector.util.OESAuthUtil.getAuthToken - 15 Jun 2026 14:47:53,867 - OES User password is not updated , will wait for 10 seconds and try to connect 
INFO : [pool-2-thread-1]: com.opentext.oesConnector.connector.util.OESAuthUtil.getAuthToken - 15 Jun 2026 14:48:03,867 - OES configurations are not updated , will wait for 10 seconds and try to connect 
INFO : [pool-2-thread-1]: com.opentext.oesConnector.connector.util.OESAuthUtil.getAuthToken - 15 Jun 2026 14:48:13,869 - OES User password is not updated , will wait for 10 seconds and try to connect 
INFO : [pool-2-thread-1]: com.opentext.oesConnector.connector.util.OESAuthUtil.getAuthToken - 15 Jun 2026 14:48:23,869 - OES configurations are not updated , will wait for 10 seconds and try to connect 
INFO : [pool-2-thread-1]: com.opentext.oesConnector.connector.util.OESAuthUtil.getAuthToken - 15 Jun 2026 14:48:33,869 - OES User password is not updated , will wait for 10 seconds and try to connect 
INFO : [pool-2-thread-1]: com.opentext.oesConnector.connector.util.OESAuthUtil.getAuthToken - 15 Jun 2026 14:48:43,870 - OES configurations are not updated , will wait for 10 seconds and try to connect 
INFO : [pool-2-thread-1]: com.opentext.oesConnector.connector.util.OESAuthUtil.getAuthToken - 15 Jun 2026 14:48:53,870 - OES User password is not updated , will wait for 10 seconds and try to connect 
INFO : [pool-2-thread-1]: com.opentext.oesConnector.connector.util.OESAuthUtil.getAuthToken - 15 Jun 2026 14:49:03,871 - OES configurations are not updated , will wait for 10 seconds and try to connect 
INFO : [pool-2-thread-1]: com.opentext.oesConnector.connector.util.OESAuthUtil.getAuthToken - 15 Jun 2026 14:49:13,872 - OES User password is not updated , will wait for 10 seconds and try to connect 
INFO : [pool-2-thread-1]: com.opentext.oesConnector.connector.util.OESAuthUtil.getAuthToken - 15 Jun 2026 14:49:23,872 - OES configurations are not updated , will wait for 10 seconds and try to connect 
INFO : [pool-2-thread-1]: com.opentext.oesConnector.connector.util.OESAuthUtil.getAuthToken - 15 Jun 2026 14:49:33,873 - OES User password is not updated , will wait for 10 seconds and try to connect 
INFO : [pool-2-thread-1]: com.opentext.oesConnector.connector.util.OESAuthUtil.getAuthToken - 15 Jun 2026 14:49:43,873 - OES configurations are not updated , will wait for 10 seconds and try to connect 
INFO : [pool-2-thread-1]: com.opentext.oesConnector.connector.util.OESAuthUtil.getAuthToken - 15 Jun 2026 14:49:53,874 - OES User password is not updated , will wait for 10 seconds and try to connect 
INFO : [pool-2-thread-1]: com.opentext.oesConnector.connector.util.OESAuthUtil.getAuthToken - 15 Jun 2026 14:50:03,874 - OES configurations are not updated , will wait for 10 seconds and try to connect 
INFO : [pool-2-thread-1]: com.opentext.oesConnector.connector.util.OESAuthUtil.getAuthToken - 15 Jun 2026 14:50:13,875 - OES User password is not updated , will wait for 10 seconds and try to connect 
INFO : [pool-2-thread-1]: com.opentext.oesConnector.connector.util.OESAuthUtil.getAuthToken - 15 Jun 2026 14:50:23,876 - OES configurations are not updated , will wait for 10 seconds and try to connect 
INFO : [pool-2-thread-1]: com.opentext.oesConnector.connector.util.OESAuthUtil.getAuthToken - 15 Jun 2026 14:50:33,876 - OES User password is not updated , will wait for 10 seconds and try to connect 
INFO : [pool-2-thread-1]: com.opentext.oesConnector.connector.util.OESAuthUtil.getAuthToken - 15 Jun 2026 14:50:43,876 - OES configurations are not updated , will wait for 10 seconds and try to connect 
INFO : [pool-2-thread-1]: com.opentext.oesConnector.connector.util.OESAuthUtil.getAuthToken - 15 Jun 2026 14:50:53,877 - OES User password is not updated , will wait for 10 seconds and try to connect 
INFO : [pool-2-thread-1]: com.opentext.oesConnector.connector.util.OESAuthUtil.getAuthToken - 15 Jun 2026 14:51:03,877 - OES configurations are not updated , will wait for 10 seconds and try to connect 
INFO : [pool-2-thread-1]: com.opentext.oesConnector.connector.util.OESAuthUtil.getAuthToken - 15 Jun 2026 14:51:13,879 - OES User password is not updated , will wait for 10 seconds and try to connect 
INFO : [pool-2-thread-1]: com.opentext.oesConnector.connector.util.OESAuthUtil.getAuthToken - 15 Jun 2026 14:51:23,879 - OES configurations are not updated , will wait for 10 seconds and try to connect 
INFO : [pool-2-thread-1]: com.opentext.oesConnector.connector.util.OESAuthUtil.getAuthToken - 15 Jun 2026 14:51:33,879 - OES User password is not updated , will wait for 10 seconds and try to connect 
INFO : [pool-2-thread-1]: com.opentext.oesConnector.connector.util.OESAuthUtil.getAuthToken - 15 Jun 2026 14:51:43,880 - OES configurations are not updated , will wait for 10 seconds and try to connect 
INFO : [pool-2-thread-1]: com.opentext.oesConnector.connector.util.OESAuthUtil.getAuthToken - 15 Jun 2026 14:51:53,880 - OES User password is not updated , will wait for 10 seconds and try to connect 
INFO : [pool-2-thread-1]: com.opentext.oesConnector.connector.util.OESAuthUtil.getAuthToken - 15 Jun 2026 14:52:03,880 - OES configurations are not updated , will wait for 10 seconds and try to connect 
INFO : [pool-2-thread-1]: com.opentext.oesConnector.connector.util.OESAuthUtil.getAuthToken - 15 Jun 2026 14:52:13,882 - OES User password is not updated , will wait for 10 seconds and try to connect 
INFO : [pool-2-thread-1]: com.opentext.oesConnector.connector.util.OESAuthUtil.getAuthToken - 15 Jun 2026 14:52:23,882 - OES configurations are not updated , will wait for 10 seconds and try to connect 
INFO : [pool-2-thread-1]: com.opentext.oesConnector.connector.util.OESAuthUtil.getAuthToken - 15 Jun 2026 14:52:33,883 - OES User password is not updated , will wait for 10 seconds and try to connect 
INFO : [pool-2-thread-1]: com.opentext.oesConnector.connector.util.OESAuthUtil.getAuthToken - 15 Jun 2026 14:52:43,883 - OES configurations are not updated , will wait for 10 seconds and try to connect 
INFO : [pool-2-thread-1]: com.opentext.oesConnector.connector.util.OESAuthUtil.getAuthToken - 15 Jun 2026 14:52:53,883 - OES User password is not updated , will wait for 10 seconds and try to connect 
INFO : [pool-2-thread-1]: com.opentext.oesConnector.connector.util.OESAuthUtil.getAuthToken - 15 Jun 2026 14:53:03,884 - OES configurations are not updated , will wait for 10 seconds and try to connect 
INFO : [pool-2-thread-1]: com.opentext.oesConnector.connector.util.OESAuthUtil.getAuthToken - 15 Jun 2026 14:53:13,885 - OES User password is not updated , will wait for 10 seconds and try to connect 
INFO : [pool-2-thread-1]: com.opentext.oesConnector.connector.util.OESAuthUtil.getAuthToken - 15 Jun 2026 14:53:23,885 - OES configurations are not updated , will wait for 10 seconds and try to connect 
INFO : [pool-2-thread-1]: com.opentext.oesConnector.connector.util.OESAuthUtil.getAuthToken - 15 Jun 2026 14:53:33,886 - OES User password is not updated , will wait for 10 seconds and try to connect 
INFO : [pool-2-thread-1]: com.opentext.oesConnector.connector.util.OESAuthUtil.getAuthToken - 15 Jun 2026 14:53:43,886 - OES configurations are not updated , will wait for 10 seconds and try to connect 
INFO : [pool-2-thread-1]: com.opentext.oesConnector.connector.util.OESAuthUtil.getAuthToken - 15 Jun 2026 14:53:53,887 - OES User password is not updated , will wait for 10 seconds and try to connect 
INFO : [pool-2-thread-1]: com.opentext.oesConnector.connector.util.OESAuthUtil.getAuthToken - 15 Jun 2026 14:54:03,887 - OES configurations are not updated , will wait for 10 seconds and try to connect 
INFO : [pool-2-thread-1]: com.opentext.oesConnector.connector.util.OESAuthUtil.getAuthToken - 15 Jun 2026 14:54:13,889 - OES User password is not updated , will wait for 10 seconds and try to connect 
INFO : [pool-2-thread-1]: com.opentext.oesConnector.connector.util.OESAuthUtil.getAuthToken - 15 Jun 2026 14:54:23,889 - OES configurations are not updated , will wait for 10 seconds and try to connect 
INFO : [pool-2-thread-1]: com.opentext.oesConnector.connector.util.OESAuthUtil.getAuthToken - 15 Jun 2026 14:54:33,889 - OES User password is not updated , will wait for 10 seconds and try to connect 
INFO : [pool-2-thread-1]: com.opentext.oesConnector.connector.util.OESAuthUtil.getAuthToken - 15 Jun 2026 14:54:43,890 - OES configurations are not updated , will wait for 10 seconds and try to connect 
INFO : [pool-2-thread-1]: com.opentext.oesConnector.connector.util.OESAuthUtil.getAuthToken - 15 Jun 2026 14:54:53,890 - OES User password is not updated , will wait for 10 seconds and try to connect 
INFO : [pool-2-thread-1]: com.opentext.oesConnector.connector.util.OESAuthUtil.getAuthToken - 15 Jun 2026 14:55:03,890 - OES configurations are not updated , will wait for 10 seconds and try to connect 
INFO : [pool-2-thread-1]: com.opentext.oesConnector.connector.util.OESAuthUtil.getAuthToken - 15 Jun 2026 14:55:13,892 - OES User password is not updated , will wait for 10 seconds and try to connect 
INFO : [pool-2-thread-1]: com.opentext.oesConnector.connector.util.OESAuthUtil.getAuthToken - 15 Jun 2026 14:55:23,892 - OES configurations are not updated , will wait for 10 seconds and try to connect 
INFO : [pool-2-thread-1]: com.opentext.oesConnector.connector.util.OESAuthUtil.getAuthToken - 15 Jun 2026 14:55:33,893 - OES User password is not updated , will wait for 10 seconds and try to connect 
INFO : [pool-2-thread-1]: com.opentext.oesConnector.connector.util.OESAuthUtil.getAuthToken - 15 Jun 2026 14:55:43,893 - OES configurations are not updated , will wait for 10 seconds and try to connect 
INFO : [pool-2-thread-1]: com.opentext.oesConnector.connector.util.OESAuthUtil.getAuthToken - 15 Jun 2026 14:55:53,894 - OES User password is not updated , will wait for 10 seconds and try to connect 
INFO : [pool-2-thread-1]: com.opentext.oesConnector.connector.util.OESAuthUtil.getAuthToken - 15 Jun 2026 14:56:03,894 - OES configurations are not updated , will wait for 10 seconds and try to connect 
INFO : [pool-2-thread-1]: com.opentext.oesConnector.connector.util.OESAuthUtil.getAuthToken - 15 Jun 2026 14:56:13,895 - OES User password is not updated , will wait for 10 seconds and try to connect 
INFO : [pool-2-thread-1]: com.opentext.oesConnector.connector.util.OESAuthUtil.getAuthToken - 15 Jun 2026 14:56:23,895 - OES configurations are not updated , will wait for 10 seconds and try to connect 
INFO : [pool-2-thread-1]: com.opentext.oesConnector.connector.util.OESAuthUtil.getAuthToken - 15 Jun 2026 14:56:33,896 - OES User password is not updated , will wait for 10 seconds and try to connect 
INFO : [pool-2-thread-1]: com.opentext.oesConnector.connector.util.OESAuthUtil.getAuthToken - 15 Jun 2026 14:56:43,896 - OES configurations are not updated , will wait for 10 seconds and try to connect 
INFO : [pool-2-thread-1]: com.opentext.oesConnector.connector.util.OESAuthUtil.getAuthToken - 15 Jun 2026 14:56:53,897 - OES User password is not updated , will wait for 10 seconds and try to connect 
INFO : [pool-2-thread-1]: com.opentext.oesConnector.connector.util.OESAuthUtil.getAuthToken - 15 Jun 2026 14:57:03,897 - OES configurations are not updated , will wait for 10 seconds and try to connect 
INFO : [pool-2-thread-1]: com.opentext.oesConnector.connector.util.OESAuthUtil.getAuthToken - 15 Jun 2026 14:57:13,899 - OES User password is not updated , will wait for 10 seconds and try to connect 
INFO : [pool-2-thread-1]: com.opentext.oesConnector.connector.util.OESAuthUtil.getAuthToken - 15 Jun 2026 14:57:23,899 - OES configurations are not updated , will wait for 10 seconds and try to connect 
INFO : [pool-2-thread-1]: com.opentext.oesConnector.connector.util.OESAuthUtil.getAuthToken - 15 Jun 2026 14:57:33,899 - OES User password is not updated , will wait for 10 seconds and try to connect 
INFO : [pool-2-thread-1]: com.opentext.oesConnector.connector.util.OESAuthUtil.getAuthToken - 15 Jun 2026 14:57:43,900 - OES configurations are not updated , will wait for 10 seconds and try to connect 
INFO : [pool-2-thread-1]: com.opentext.oesConnector.connector.util.OESAuthUtil.getAuthToken - 15 Jun 2026 14:57:53,900 - OES User password is not updated , will wait for 10 seconds and try to connect 
INFO : [pool-2-thread-1]: com.opentext.oesConnector.connector.util.OESAuthUtil.getAuthToken - 15 Jun 2026 14:58:03,900 - OES configurations are not updated , will wait for 10 seconds and try to connect 
INFO : [pool-2-thread-1]: com.opentext.oesConnector.connector.util.OESAuthUtil.getAuthToken - 15 Jun 2026 14:58:13,902 - OES User password is not updated , will wait for 10 seconds and try to connect 
INFO : [pool-2-thread-1]: com.opentext.oesConnector.connector.util.OESAuthUtil.getAuthToken - 15 Jun 2026 14:58:23,902 - OES configurations are not updated , will wait for 10 seconds and try to connect 
INFO : [pool-2-thread-1]: com.opentext.oesConnector.connector.util.OESAuthUtil.getAuthToken - 15 Jun 2026 14:58:33,903 - OES User password is not updated , will wait for 10 seconds and try to connect 
INFO : [pool-2-thread-1]: com.opentext.oesConnector.connector.util.OESAuthUtil.getAuthToken - 15 Jun 2026 14:58:43,903 - OES configurations are not updated , will wait for 10 seconds and try to connect 
INFO : [pool-2-thread-1]: com.opentext.oesConnector.connector.util.OESAuthUtil.getAuthToken - 15 Jun 2026 14:58:53,903 - OES User password is not updated , will wait for 10 seconds and try to connect 
INFO : [pool-2-thread-1]: com.opentext.oesConnector.connector.util.OESAuthUtil.getAuthToken - 15 Jun 2026 14:59:03,904 - OES configurations are not updated , will wait for 10 seconds and try to connect 
INFO : [pool-2-thread-1]: com.opentext.oesConnector.connector.util.OESAuthUtil.getAuthToken - 15 Jun 2026 14:59:13,905 - OES User password is not updated , will wait for 10 seconds and try to connect 
INFO : [pool-2-thread-1]: com.opentext.oesConnector.connector.util.OESAuthUtil.getAuthToken - 15 Jun 2026 14:59:23,905 - OES configurations are not updated , will wait for 10 seconds and try to connect 
INFO : [pool-2-thread-1]: com.opentext.oesConnector.connector.util.OESAuthUtil.getAuthToken - 15 Jun 2026 14:59:33,906 - OES User password is not updated , will wait for 10 seconds and try to connect 
INFO : [pool-2-thread-1]: com.opentext.oesConnector.connector.util.OESAuthUtil.getAuthToken - 15 Jun 2026 14:59:43,906 - OES configurations are not updated , will wait for 10 seconds and try to connect 
INFO : [pool-2-thread-1]: com.opentext.oesConnector.connector.util.OESAuthUtil.getAuthToken - 15 Jun 2026 14:59:53,907 - OES User password is not updated , will wait for 10 seconds and try to connect 
INFO : [pool-2-thread-1]: com.opentext.oesConnector.connector.util.OESAuthUtil.getAuthToken - 15 Jun 2026 15:00:03,907 - OES configurations are not updated , will wait for 10 seconds and try to connect 
INFO : [pool-2-thread-1]: com.opentext.oesConnector.connector.util.OESAuthUtil.getAuthToken - 15 Jun 2026 15:00:13,909 - OES User password is not updated , will wait for 10 seconds and try to connect 
INFO : [pool-2-thread-1]: com.opentext.oesConnector.connector.util.OESAuthUtil.getAuthToken - 15 Jun 2026 15:00:23,909 - OES configurations are not updated , will wait for 10 seconds and try to connect 
INFO : [pool-2-thread-1]: com.opentext.oesConnector.connector.util.OESAuthUtil.getAuthToken - 15 Jun 2026 15:00:33,910 - OES User password is not updated , will wait for 10 seconds and try to connect 
INFO : [pool-2-thread-1]: com.opentext.oesConnector.connector.util.OESAuthUtil.getAuthToken - 15 Jun 2026 15:00:43,910 - OES configurations are not updated , will wait for 10 seconds and try to connect 
INFO : [pool-2-thread-1]: com.opentext.oesConnector.connector.util.OESAuthUtil.getAuthToken - 15 Jun 2026 15:00:53,910 - OES User password is not updated , will wait for 10 seconds and try to connect 
INFO : [pool-2-thread-1]: com.opentext.oesConnector.connector.util.OESAuthUtil.getAuthToken - 15 Jun 2026 15:01:03,911 - OES configurations are not updated , will wait for 10 seconds and try to connect 
INFO : [pool-2-thread-1]: com.opentext.oesConnector.connector.util.OESAuthUtil.getAuthToken - 15 Jun 2026 15:01:13,912 - OES User password is not updated , will wait for 10 seconds and try to connect 
INFO : [pool-2-thread-1]: com.opentext.oesConnector.connector.util.OESAuthUtil.getAuthToken - 15 Jun 2026 15:01:23,913 - OES configurations are not updated , will wait for 10 seconds and try to connect 
INFO : [pool-2-thread-1]: com.opentext.oesConnector.connector.util.OESAuthUtil.getAuthToken - 15 Jun 2026 15:01:33,913 - OES User password is not updated , will wait for 10 seconds and try to connect 
INFO : [pool-2-thread-1]: com.opentext.oesConnector.connector.util.OESAuthUtil.getAuthToken - 15 Jun 2026 15:01:43,913 - OES configurations are not updated , will wait for 10 seconds and try to connect 
INFO : [pool-2-thread-1]: com.opentext.oesConnector.connector.util.OESAuthUtil.getAuthToken - 15 Jun 2026 15:01:53,914 - OES User password is not updated , will wait for 10 seconds and try to connect 
INFO : [pool-2-thread-1]: com.opentext.oesConnector.connector.util.OESAuthUtil.getAuthToken - 15 Jun 2026 15:02:03,914 - OES configurations are not updated , will wait for 10 seconds and try to connect 
INFO : [pool-2-thread-1]: com.opentext.oesConnector.connector.util.OESAuthUtil.getAuthToken - 15 Jun 2026 15:02:13,916 - OES User password is not updated , will wait for 10 seconds and try to connect 
INFO : [pool-2-thread-1]: com.opentext.oesConnector.connector.util.OESAuthUtil.getAuthToken - 15 Jun 2026 15:02:23,916 - OES configurations are not updated , will wait for 10 seconds and try to connect 
INFO : [pool-2-thread-1]: com.opentext.oesConnector.connector.util.OESAuthUtil.getAuthToken - 15 Jun 2026 15:02:33,916 - OES User password is not updated , will wait for 10 seconds and try to connect 
INFO : [pool-2-thread-1]: com.opentext.oesConnector.connector.util.OESAuthUtil.getAuthToken - 15 Jun 2026 15:02:43,917 - OES configurations are not updated , will wait for 10 seconds and try to connect 
INFO : [pool-2-thread-1]: com.opentext.oesConnector.connector.util.OESAuthUtil.getAuthToken - 15 Jun 2026 15:02:53,917 - OES User password is not updated , will wait for 10 seconds and try to connect 
INFO : [pool-2-thread-1]: com.opentext.oesConnector.connector.util.OESAuthUtil.getAuthToken - 15 Jun 2026 15:03:03,918 - OES configurations are not updated , will wait for 10 seconds and try to connect 
INFO : [pool-2-thread-1]: com.opentext.oesConnector.connector.util.OESAuthUtil.getAuthToken - 15 Jun 2026 15:03:13,919 - OES User password is not updated , will wait for 10 seconds and try to connect 
INFO : [pool-2-thread-1]: com.opentext.oesConnector.connector.util.OESAuthUtil.getAuthToken - 15 Jun 2026 15:03:23,919 - OES configurations are not updated , will wait for 10 seconds and try to connect 
INFO : [pool-2-thread-1]: com.opentext.oesConnector.connector.util.OESAuthUtil.getAuthToken - 15 Jun 2026 15:03:33,920 - OES User password is not updated , will wait for 10 seconds and try to connect 
INFO : [pool-2-thread-1]: com.opentext.oesConnector.connector.util.OESAuthUtil.getAuthToken - 15 Jun 2026 15:03:43,920 - OES configurations are not updated , will wait for 10 seconds and try to connect 
INFO : [pool-2-thread-1]: com.opentext.oesConnector.connector.util.OESAuthUtil.getAuthToken - 15 Jun 2026 15:03:53,921 - OES User password is not updated , will wait for 10 seconds and try to connect 
INFO : [pool-2-thread-1]: com.opentext.oesConnector.connector.util.OESAuthUtil.getAuthToken - 15 Jun 2026 15:04:03,921 - OES configurations are not updated , will wait for 10 seconds and try to connect 
INFO : [pool-2-thread-1]: com.opentext.oesConnector.connector.util.OESAuthUtil.getAuthToken - 15 Jun 2026 15:04:13,923 - OES User password is not updated , will wait for 10 seconds and try to connect 
INFO : [pool-2-thread-1]: com.opentext.oesConnector.connector.util.OESAuthUtil.getAuthToken - 15 Jun 2026 15:04:23,923 - OES configurations are not updated , will wait for 10 seconds and try to connect 
INFO : [pool-2-thread-1]: com.opentext.oesConnector.connector.util.OESAuthUtil.getAuthToken - 15 Jun 2026 15:04:33,923 - OES User password is not updated , will wait for 10 seconds and try to connect 
INFO : [pool-2-thread-1]: com.opentext.oesConnector.connector.util.OESAuthUtil.getAuthToken - 15 Jun 2026 15:04:43,924 - OES configurations are not updated , will wait for 10 seconds and try to connect 
INFO : [pool-2-thread-1]: com.opentext.oesConnector.connector.util.OESAuthUtil.getAuthToken - 15 Jun 2026 15:04:53,924 - OES User password is not updated , will wait for 10 seconds and try to connect 
INFO : [pool-2-thread-1]: com.opentext.oesConnector.connector.util.OESAuthUtil.getAuthToken - 15 Jun 2026 15:05:03,925 - OES configurations are not updated , will wait for 10 seconds and try to connect 
INFO : [pool-2-thread-1]: com.opentext.oesConnector.connector.util.OESAuthUtil.getAuthToken - 15 Jun 2026 15:05:13,926 - OES User password is not updated , will wait for 10 seconds and try to connect 
INFO : [pool-2-thread-1]: com.opentext.oesConnector.connector.util.OESAuthUtil.getAuthToken - 15 Jun 2026 15:05:23,926 - OES configurations are not updated , will wait for 10 seconds and try to connect 
INFO : [pool-2-thread-1]: com.opentext.oesConnector.connector.util.OESAuthUtil.getAuthToken - 15 Jun 2026 15:05:33,927 - OES User password is not updated , will wait for 10 seconds and try to connect 
INFO : [pool-2-thread-1]: com.opentext.oesConnector.connector.util.OESAuthUtil.getAuthToken - 15 Jun 2026 15:05:43,927 - OES configurations are not updated , will wait for 10 seconds and try to connect 
INFO : [pool-2-thread-1]: com.opentext.oesConnector.connector.util.OESAuthUtil.getAuthToken - 15 Jun 2026 15:05:53,928 - OES User password is not updated , will wait for 10 seconds and try to connect 
INFO : [pool-2-thread-1]: com.opentext.oesConnector.connector.util.OESAuthUtil.getAuthToken - 15 Jun 2026 15:06:03,928 - OES configurations are not updated , will wait for 10 seconds and try to connect 
INFO : [pool-2-thread-1]: com.opentext.oesConnector.connector.util.OESAuthUtil.getAuthToken - 15 Jun 2026 15:06:13,929 - OES User password is not updated , will wait for 10 seconds and try to connect 
INFO : [pool-2-thread-1]: com.opentext.oesConnector.connector.util.OESAuthUtil.getAuthToken - 15 Jun 2026 15:06:23,930 - OES configurations are not updated , will wait for 10 seconds and try to connect 
INFO : [pool-2-thread-1]: com.opentext.oesConnector.connector.util.OESAuthUtil.getAuthToken - 15 Jun 2026 15:06:33,930 - OES User password is not updated , will wait for 10 seconds and try to connect 
INFO : [pool-2-thread-1]: com.opentext.oesConnector.connector.util.OESAuthUtil.getAuthToken - 15 Jun 2026 15:06:43,931 - OES configurations are not updated , will wait for 10 seconds and try to connect 
INFO : [pool-2-thread-1]: com.opentext.oesConnector.connector.util.OESAuthUtil.getAuthToken - 15 Jun 2026 15:06:53,931 - OES User password is not updated , will wait for 10 seconds and try to connect 
INFO : [pool-2-thread-1]: com.opentext.oesConnector.connector.util.OESAuthUtil.getAuthToken - 15 Jun 2026 15:07:03,931 - OES configurations are not updated , will wait for 10 seconds and try to connect 
INFO : [pool-2-thread-1]: com.opentext.oesConnector.connector.util.OESAuthUtil.getAuthToken - 15 Jun 2026 15:07:13,933 - OES User password is not updated , will wait for 10 seconds and try to connect 
INFO : [pool-2-thread-1]: com.opentext.oesConnector.connector.util.OESAuthUtil.getAuthToken - 15 Jun 2026 15:07:23,933 - OES configurations are not updated , will wait for 10 seconds and try to connect 
INFO : [pool-2-thread-1]: com.opentext.oesConnector.connector.util.OESAuthUtil.getAuthToken - 15 Jun 2026 15:07:33,934 - OES User password is not updated , will wait for 10 seconds and try to connect 
INFO : [pool-2-thread-1]: com.opentext.oesConnector.connector.util.OESAuthUtil.getAuthToken - 15 Jun 2026 15:07:43,934 - OES configurations are not updated , will wait for 10 seconds and try to connect 
INFO : [pool-2-thread-1]: com.opentext.oesConnector.connector.util.OESAuthUtil.getAuthToken - 15 Jun 2026 15:07:53,935 - OES User password is not updated , will wait for 10 seconds and try to connect 
INFO : [pool-2-thread-1]: com.opentext.oesConnector.connector.util.OESAuthUtil.getAuthToken - 15 Jun 2026 15:08:03,935 - OES configurations are not updated , will wait for 10 seconds and try to connect 
INFO : [pool-2-thread-1]: com.opentext.oesConnector.connector.util.OESAuthUtil.getAuthToken - 15 Jun 2026 15:08:13,936 - OES User password is not updated , will wait for 10 seconds and try to connect 
INFO : [pool-2-thread-1]: com.opentext.oesConnector.connector.util.OESAuthUtil.getAuthToken - 15 Jun 2026 15:08:23,937 - OES configurations are not updated , will wait for 10 seconds and try to connect 
INFO : [pool-2-thread-1]: com.opentext.oesConnector.connector.util.OESAuthUtil.getAuthToken - 15 Jun 2026 15:08:33,937 - OES User password is not updated , will wait for 10 seconds and try to connect 
INFO : [pool-2-thread-1]: com.opentext.oesConnector.connector.util.OESAuthUtil.getAuthToken - 15 Jun 2026 15:08:43,937 - OES configurations are not updated , will wait for 10 seconds and try to connect 
INFO : [pool-2-thread-1]: com.opentext.oesConnector.connector.util.OESAuthUtil.getAuthToken - 15 Jun 2026 15:08:53,938 - OES User password is not updated , will wait for 10 seconds and try to connect 
INFO : [pool-2-thread-1]: com.opentext.oesConnector.connector.util.OESAuthUtil.getAuthToken - 15 Jun 2026 15:09:03,938 - OES configurations are not updated , will wait for 10 seconds and try to connect 
INFO : [pool-2-thread-1]: com.opentext.oesConnector.connector.util.OESAuthUtil.getAuthToken - 15 Jun 2026 15:09:13,940 - OES User password is not updated , will wait for 10 seconds and try to connect 
INFO : [pool-2-thread-1]: com.opentext.oesConnector.connector.util.OESAuthUtil.getAuthToken - 15 Jun 2026 15:09:23,940 - OES configurations are not updated , will wait for 10 seconds and try to connect 
INFO : [pool-2-thread-1]: com.opentext.oesConnector.connector.util.OESAuthUtil.getAuthToken - 15 Jun 2026 15:09:33,940 - OES User password is not updated , will wait for 10 seconds and try to connect 
INFO : [pool-2-thread-1]: com.opentext.oesConnector.connector.util.OESAuthUtil.getAuthToken - 15 Jun 2026 15:09:43,941 - OES configurations are not updated , will wait for 10 seconds and try to connect 
INFO : [pool-2-thread-1]: com.opentext.oesConnector.connector.util.OESAuthUtil.getAuthToken - 15 Jun 2026 15:09:53,941 - OES User password is not updated , will wait for 10 seconds and try to connect 
INFO : [pool-2-thread-1]: com.opentext.oesConnector.connector.util.OESAuthUtil.getAuthToken - 15 Jun 2026 15:10:03,941 - OES configurations are not updated , will wait for 10 seconds and try to connect 
INFO : [pool-2-thread-1]: com.opentext.oesConnector.connector.util.OESAuthUtil.getAuthToken - 15 Jun 2026 15:10:13,943 - OES User password is not updated , will wait for 10 seconds and try to connect 
INFO : [pool-2-thread-1]: com.opentext.oesConnector.connector.util.OESAuthUtil.getAuthToken - 15 Jun 2026 15:10:23,943 - OES configurations are not updated , will wait for 10 seconds and try to connect 
INFO : [pool-2-thread-1]: com.opentext.oesConnector.connector.util.OESAuthUtil.getAuthToken - 15 Jun 2026 15:10:33,944 - OES User password is not updated , will wait for 10 seconds and try to connect 
INFO : [pool-2-thread-1]: com.opentext.oesConnector.connector.util.OESAuthUtil.getAuthToken - 15 Jun 2026 15:10:43,944 - OES configurations are not updated , will wait for 10 seconds and try to connect 
INFO : [pool-2-thread-1]: com.opentext.oesConnector.connector.util.OESAuthUtil.getAuthToken - 15 Jun 2026 15:10:53,945 - OES User password is not updated , will wait for 10 seconds and try to connect 
INFO : [pool-2-thread-1]: com.opentext.oesConnector.connector.util.OESAuthUtil.getAuthToken - 15 Jun 2026 15:11:03,945 - OES configurations are not updated , will wait for 10 seconds and try to connect 
INFO : [pool-2-thread-1]: com.opentext.oesConnector.connector.util.OESAuthUtil.getAuthToken - 15 Jun 2026 15:11:13,946 - OES User password is not updated , will wait for 10 seconds and try to connect 
INFO : [pool-2-thread-1]: com.opentext.oesConnector.connector.util.OESAuthUtil.getAuthToken - 15 Jun 2026 15:11:23,946 - OES configurations are not updated , will wait for 10 seconds and try to connect 
INFO : [pool-2-thread-1]: com.opentext.oesConnector.connector.util.OESAuthUtil.getAuthToken - 15 Jun 2026 15:11:33,947 - OES User password is not updated , will wait for 10 seconds and try to connect 
INFO : [pool-2-thread-1]: com.opentext.oesConnector.connector.util.OESAuthUtil.getAuthToken - 15 Jun 2026 15:11:43,947 - OES configurations are not updated , will wait for 10 seconds and try to connect 
INFO : [pool-2-thread-1]: com.opentext.oesConnector.connector.util.OESAuthUtil.getAuthToken - 15 Jun 2026 15:11:53,948 - OES User password is not updated , will wait for 10 seconds and try to connect 
INFO : [pool-2-thread-1]: com.opentext.oesConnector.connector.util.OESAuthUtil.getAuthToken - 15 Jun 2026 15:12:03,948 - OES configurations are not updated , will wait for 10 seconds and try to connect 
INFO : [pool-2-thread-1]: com.opentext.oesConnector.connector.util.OESAuthUtil.getAuthToken - 15 Jun 2026 15:12:13,950 - OES User password is not updated , will wait for 10 seconds and try to connect 
INFO : [pool-2-thread-1]: com.opentext.oesConnector.connector.util.OESAuthUtil.getAuthToken - 15 Jun 2026 15:12:23,950 - OES configurations are not updated , will wait for 10 seconds and try to connect 
INFO : [pool-2-thread-1]: com.opentext.oesConnector.connector.util.OESAuthUtil.getAuthToken - 15 Jun 2026 15:12:33,951 - OES User password is not updated , will wait for 10 seconds and try to connect 
INFO : [pool-2-thread-1]: com.opentext.oesConnector.connector.util.OESAuthUtil.getAuthToken - 15 Jun 2026 15:12:43,951 - OES configurations are not updated , will wait for 10 seconds and try to connect 
INFO : [pool-2-thread-1]: com.opentext.oesConnector.connector.util.OESAuthUtil.getAuthToken - 15 Jun 2026 15:12:53,951 - OES User password is not updated , will wait for 10 seconds and try to connect 
INFO : [pool-2-thread-1]: com.opentext.oesConnector.connector.util.OESAuthUtil.getAuthToken - 15 Jun 2026 15:13:03,952 - OES configurations are not updated , will wait for 10 seconds and try to connect 
INFO : [pool-2-thread-1]: com.opentext.oesConnector.connector.util.OESAuthUtil.getAuthToken - 15 Jun 2026 15:13:13,953 - OES User password is not updated , will wait for 10 seconds and try to connect 
INFO : [pool-2-thread-1]: com.opentext.oesConnector.connector.util.OESAuthUtil.getAuthToken - 15 Jun 2026 15:13:23,953 - OES configurations are not updated , will wait for 10 seconds and try to connect 
INFO : [pool-2-thread-1]: com.opentext.oesConnector.connector.util.OESAuthUtil.getAuthToken - 15 Jun 2026 15:13:33,954 - OES User password is not updated , will wait for 10 seconds and try to connect 
INFO : [pool-2-thread-1]: com.opentext.oesConnector.connector.util.OESAuthUtil.getAuthToken - 15 Jun 2026 15:13:43,954 - OES configurations are not updated , will wait for 10 seconds and try to connect 
INFO : [pool-2-thread-1]: com.opentext.oesConnector.connector.util.OESAuthUtil.getAuthToken - 15 Jun 2026 15:13:53,955 - OES User password is not updated , will wait for 10 seconds and try to connect 
INFO : [pool-2-thread-1]: com.opentext.oesConnector.connector.util.OESAuthUtil.getAuthToken - 15 Jun 2026 15:14:03,955 - OES configurations are not updated , will wait for 10 seconds and try to connect 
INFO : [pool-2-thread-1]: com.opentext.oesConnector.connector.util.OESAuthUtil.getAuthToken - 15 Jun 2026 15:14:13,956 - OES User password is not updated , will wait for 10 seconds and try to connect 
INFO : [pool-2-thread-1]: com.opentext.oesConnector.connector.util.OESAuthUtil.getAuthToken - 15 Jun 2026 15:14:23,956 - OES configurations are not updated , will wait for 10 seconds and try to connect 
INFO : [pool-2-thread-1]: com.opentext.oesConnector.connector.util.OESAuthUtil.getAuthToken - 15 Jun 2026 15:14:33,957 - OES User password is not updated , will wait for 10 seconds and try to connect 
INFO : [pool-2-thread-1]: com.opentext.oesConnector.connector.util.OESAuthUtil.getAuthToken - 15 Jun 2026 15:14:43,957 - OES configurations are not updated , will wait for 10 seconds and try to connect 
INFO : [pool-2-thread-1]: com.opentext.oesConnector.connector.util.OESAuthUtil.getAuthToken - 15 Jun 2026 15:14:53,958 - OES User password is not updated , will wait for 10 seconds and try to connect 
WARN : [http-nio-8080-exec-1]: org.springframework.web.servlet.PageNotFound.noHandlerFound - 15 Jun 2026 15:14:56,246 - No mapping for GET /oes-connector/v3/api-docs
WARN : [http-nio-8080-exec-1]: org.springframework.web.servlet.PageNotFound.handleNoHandlerFoundException - 15 Jun 2026 15:14:56,248 - No endpoint GET /oes-connector/v3/api-docs.
INFO : [pool-2-thread-1]: com.opentext.oesConnector.connector.util.OESAuthUtil.getAuthToken - 15 Jun 2026 15:15:03,958 - OES configurations are not updated , will wait for 10 seconds and try to connect 
INFO : [pool-2-thread-1]: com.opentext.oesConnector.connector.util.OESAuthUtil.getAuthToken - 15 Jun 2026 15:15:13,960 - OES User password is not updated , will wait for 10 seconds and try to connect 
INFO : [pool-2-thread-1]: com.opentext.oesConnector.connector.util.OESAuthUtil.getAuthToken - 15 Jun 2026 15:15:23,961 - OES configurations are not updated , will wait for 10 seconds and try to connect 
WARN : [http-nio-8080-exec-4]: org.springframework.web.servlet.PageNotFound.noHandlerFound - 15 Jun 2026 15:15:27,722 - No mapping for GET /oes-connector/swagger-ui/index.html
WARN : [http-nio-8080-exec-4]: org.springframework.web.servlet.PageNotFound.handleNoHandlerFoundException - 15 Jun 2026 15:15:27,723 - No endpoint GET /oes-connector/swagger-ui/index.html.
INFO : [pool-2-thread-1]: com.opentext.oesConnector.connector.util.OESAuthUtil.getAuthToken - 15 Jun 2026 15:15:33,961 - OES User password is not updated , will wait for 10 seconds and try to connect 
INFO : [pool-2-thread-1]: com.opentext.oesConnector.connector.util.OESAuthUtil.getAuthToken - 15 Jun 2026 15:15:43,961 - OES configurations are not updated , will wait for 10 seconds and try to connect 
INFO : [pool-2-thread-1]: com.opentext.oesConnector.connector.util.OESAuthUtil.getAuthToken - 15 Jun 2026 15:15:53,962 - OES User password is not updated , will wait for 10 seconds and try to connect 
INFO : [pool-2-thread-1]: com.opentext.oesConnector.connector.util.OESAuthUtil.getAuthToken - 15 Jun 2026 15:16:03,962 - OES configurations are not updated , will wait for 10 seconds and try to connect 
INFO : [pool-2-thread-1]: com.opentext.oesConnector.connector.util.OESAuthUtil.getAuthToken - 15 Jun 2026 15:16:13,964 - OES User password is not updated , will wait for 10 seconds and try to connect 
INFO : [pool-2-thread-1]: com.opentext.oesConnector.connector.util.OESAuthUtil.getAuthToken - 15 Jun 2026 15:16:23,964 - OES configurations are not updated , will wait for 10 seconds and try to connect 
INFO : [pool-2-thread-1]: com.opentext.oesConnector.connector.util.OESAuthUtil.getAuthToken - 15 Jun 2026 15:16:33,965 - OES User password is not updated , will wait for 10 seconds and try to connect 
INFO : [pool-2-thread-1]: com.opentext.oesConnector.connector.util.OESAuthUtil.getAuthToken - 15 Jun 2026 15:16:43,965 - OES configurations are not updated , will wait for 10 seconds and try to connect 
INFO : [pool-2-thread-1]: com.opentext.oesConnector.connector.util.OESAuthUtil.getAuthToken - 15 Jun 2026 15:16:53,966 - OES User password is not updated , will wait for 10 seconds and try to connect 
WARN : [http-nio-8080-exec-7]: org.springframework.web.servlet.PageNotFound.noHandlerFound - 15 Jun 2026 15:16:57,402 - No mapping for GET /oes-connector/swagger-ui/index.html
WARN : [http-nio-8080-exec-7]: org.springframework.web.servlet.PageNotFound.handleNoHandlerFoundException - 15 Jun 2026 15:16:57,402 - No endpoint GET /oes-connector/swagger-ui/index.html.
INFO : [pool-2-thread-1]: com.opentext.oesConnector.connector.util.OESAuthUtil.getAuthToken - 15 Jun 2026 15:17:03,966 - OES configurations are not updated , will wait for 10 seconds and try to connect 
INFO : [pool-2-thread-1]: com.opentext.oesConnector.connector.util.OESAuthUtil.getAuthToken - 15 Jun 2026 15:17:13,967 - OES User password is not updated , will wait for 10 seconds and try to connect 
INFO : [pool-2-thread-1]: com.opentext.oesConnector.connector.util.OESAuthUtil.getAuthToken - 15 Jun 2026 15:17:23,968 - OES configurations are not updated , will wait for 10 seconds and try to connect 
INFO : [pool-2-thread-1]: com.opentext.oesConnector.connector.util.OESAuthUtil.getAuthToken - 15 Jun 2026 15:17:33,968 - OES User password is not updated , will wait for 10 seconds and try to connect 
INFO : [pool-2-thread-1]: com.opentext.oesConnector.connector.util.OESAuthUtil.getAuthToken - 15 Jun 2026 15:17:43,969 - OES configurations are not updated , will wait for 10 seconds and try to connect 
INFO : [pool-2-thread-1]: com.opentext.oesConnector.connector.util.OESAuthUtil.getAuthToken - 15 Jun 2026 15:17:53,969 - OES User password is not updated , will wait for 10 seconds and try to connect 
INFO : [pool-2-thread-1]: com.opentext.oesConnector.connector.util.OESAuthUtil.getAuthToken - 15 Jun 2026 15:18:03,969 - OES configurations are not updated , will wait for 10 seconds and try to connect 
INFO : [pool-2-thread-1]: com.opentext.oesConnector.connector.util.OESAuthUtil.getAuthToken - 15 Jun 2026 15:18:13,971 - OES User password is not updated , will wait for 10 seconds and try to connect 
INFO : [pool-2-thread-1]: com.opentext.oesConnector.connector.util.OESAuthUtil.getAuthToken - 15 Jun 2026 15:18:23,971 - OES configurations are not updated , will wait for 10 seconds and try to connect 
INFO : [pool-2-thread-1]: com.opentext.oesConnector.connector.util.OESAuthUtil.getAuthToken - 15 Jun 2026 15:18:33,972 - OES User password is not updated , will wait for 10 seconds and try to connect 
INFO : [pool-2-thread-1]: com.opentext.oesConnector.connector.util.OESAuthUtil.getAuthToken - 15 Jun 2026 15:18:43,972 - OES configurations are not updated , will wait for 10 seconds and try to connect 
INFO : [pool-2-thread-1]: com.opentext.oesConnector.connector.util.OESAuthUtil.getAuthToken - 15 Jun 2026 15:18:53,973 - OES User password is not updated , will wait for 10 seconds and try to connect 
INFO : [pool-2-thread-1]: com.opentext.oesConnector.connector.util.OESAuthUtil.getAuthToken - 15 Jun 2026 15:19:03,973 - OES configurations are not updated , will wait for 10 seconds and try to connect 
INFO : [pool-2-thread-1]: com.opentext.oesConnector.connector.util.OESAuthUtil.getAuthToken - 15 Jun 2026 15:19:13,974 - OES User password is not updated , will wait for 10 seconds and try to connect 
INFO : [pool-2-thread-1]: com.opentext.oesConnector.connector.util.OESAuthUtil.getAuthToken - 15 Jun 2026 15:19:23,975 - OES configurations are not updated , will wait for 10 seconds and try to connect 
INFO : [pool-2-thread-1]: com.opentext.oesConnector.connector.util.OESAuthUtil.getAuthToken - 15 Jun 2026 15:19:33,975 - OES User password is not updated , will wait for 10 seconds and try to connect 
INFO : [pool-2-thread-1]: com.opentext.oesConnector.connector.util.OESAuthUtil.getAuthToken - 15 Jun 2026 15:19:43,975 - OES configurations are not updated , will wait for 10 seconds and try to connect 
INFO : [pool-2-thread-1]: com.opentext.oesConnector.connector.util.OESAuthUtil.getAuthToken - 15 Jun 2026 15:19:53,976 - OES User password is not updated , will wait for 10 seconds and try to connect 
INFO : [pool-2-thread-1]: com.opentext.oesConnector.connector.util.OESAuthUtil.getAuthToken - 15 Jun 2026 15:20:03,976 - OES configurations are not updated , will wait for 10 seconds and try to connect 
INFO : [pool-2-thread-1]: com.opentext.oesConnector.connector.util.OESAuthUtil.getAuthToken - 15 Jun 2026 15:20:13,978 - OES User password is not updated , will wait for 10 seconds and try to connect 
INFO : [pool-2-thread-1]: com.opentext.oesConnector.connector.util.OESAuthUtil.getAuthToken - 15 Jun 2026 15:20:23,978 - OES configurations are not updated , will wait for 10 seconds and try to connect 
INFO : [pool-2-thread-1]: com.opentext.oesConnector.connector.util.OESAuthUtil.getAuthToken - 15 Jun 2026 15:20:33,979 - OES User password is not updated , will wait for 10 seconds and try to connect 
INFO : [pool-2-thread-1]: com.opentext.oesConnector.connector.util.OESAuthUtil.getAuthToken - 15 Jun 2026 15:20:43,979 - OES configurations are not updated , will wait for 10 seconds and try to connect 
INFO : [pool-2-thread-1]: com.opentext.oesConnector.connector.util.OESAuthUtil.getAuthToken - 15 Jun 2026 15:20:53,979 - OES User password is not updated , will wait for 10 seconds and try to connect 
INFO : [pool-2-thread-1]: com.opentext.oesConnector.connector.util.OESAuthUtil.getAuthToken - 15 Jun 2026 15:21:03,980 - OES configurations are not updated , will wait for 10 seconds and try to connect 
INFO : [pool-2-thread-1]: com.opentext.oesConnector.connector.util.OESAuthUtil.getAuthToken - 15 Jun 2026 15:21:13,981 - OES User password is not updated , will wait for 10 seconds and try to connect 
INFO : [pool-2-thread-1]: com.opentext.oesConnector.connector.util.OESAuthUtil.getAuthToken - 15 Jun 2026 15:21:23,981 - OES configurations are not updated , will wait for 10 seconds and try to connect 
INFO : [pool-2-thread-1]: com.opentext.oesConnector.connector.util.OESAuthUtil.getAuthToken - 15 Jun 2026 15:21:33,982 - OES User password is not updated , will wait for 10 seconds and try to connect 
INFO : [pool-2-thread-1]: com.opentext.oesConnector.connector.util.OESAuthUtil.getAuthToken - 15 Jun 2026 15:21:43,982 - OES configurations are not updated , will wait for 10 seconds and try to connect 
INFO : [pool-2-thread-1]: com.opentext.oesConnector.connector.util.OESAuthUtil.getAuthToken - 15 Jun 2026 15:21:53,983 - OES User password is not updated , will wait for 10 seconds and try to connect 
INFO : [pool-2-thread-1]: com.opentext.oesConnector.connector.util.OESAuthUtil.getAuthToken - 15 Jun 2026 15:22:03,983 - OES configurations are not updated , will wait for 10 seconds and try to connect 
INFO : [pool-2-thread-1]: com.opentext.oesConnector.connector.util.OESAuthUtil.getAuthToken - 15 Jun 2026 15:22:13,984 - OES User password is not updated , will wait for 10 seconds and try to connect 
INFO : [pool-2-thread-1]: com.opentext.oesConnector.connector.util.OESAuthUtil.getAuthToken - 15 Jun 2026 15:22:23,985 - OES configurations are not updated , will wait for 10 seconds and try to connect 
INFO : [pool-2-thread-1]: com.opentext.oesConnector.connector.util.OESAuthUtil.getAuthToken - 15 Jun 2026 15:22:33,985 - OES User password is not updated , will wait for 10 seconds and try to connect 
INFO : [pool-2-thread-1]: com.opentext.oesConnector.connector.util.OESAuthUtil.getAuthToken - 15 Jun 2026 15:22:43,986 - OES configurations are not updated , will wait for 10 seconds and try to connect 
INFO : [pool-2-thread-1]: com.opentext.oesConnector.connector.util.OESAuthUtil.getAuthToken - 15 Jun 2026 15:22:53,986 - OES User password is not updated , will wait for 10 seconds and try to connect 
INFO : [pool-2-thread-1]: com.opentext.oesConnector.connector.util.OESAuthUtil.getAuthToken - 15 Jun 2026 15:23:03,986 - OES configurations are not updated , will wait for 10 seconds and try to connect 
INFO : [pool-2-thread-1]: com.opentext.oesConnector.connector.util.OESAuthUtil.getAuthToken - 15 Jun 2026 15:23:13,988 - OES User password is not updated , will wait for 10 seconds and try to connect 
INFO : [pool-2-thread-1]: com.opentext.oesConnector.connector.util.OESAuthUtil.getAuthToken - 15 Jun 2026 15:23:23,988 - OES configurations are not updated , will wait for 10 seconds and try to connect 
INFO : [pool-2-thread-1]: com.opentext.oesConnector.connector.util.OESAuthUtil.getAuthToken - 15 Jun 2026 15:23:33,989 - OES User password is not updated , will wait for 10 seconds and try to connect 
INFO : [pool-2-thread-1]: com.opentext.oesConnector.connector.util.OESAuthUtil.getAuthToken - 15 Jun 2026 15:23:43,989 - OES configurations are not updated , will wait for 10 seconds and try to connect 
INFO : [pool-2-thread-1]: com.opentext.oesConnector.connector.util.OESAuthUtil.getAuthToken - 15 Jun 2026 15:23:53,990 - OES User password is not updated , will wait for 10 seconds and try to connect 
INFO : [pool-2-thread-1]: com.opentext.oesConnector.connector.util.OESAuthUtil.getAuthToken - 15 Jun 2026 15:24:03,990 - OES configurations are not updated , will wait for 10 seconds and try to connect 
INFO : [pool-2-thread-1]: com.opentext.oesConnector.connector.util.OESAuthUtil.getAuthToken - 15 Jun 2026 15:24:13,991 - OES User password is not updated , will wait for 10 seconds and try to connect 
INFO : [pool-2-thread-1]: com.opentext.oesConnector.connector.util.OESAuthUtil.getAuthToken - 15 Jun 2026 15:24:23,992 - OES configurations are not updated , will wait for 10 seconds and try to connect 
INFO : [pool-2-thread-1]: com.opentext.oesConnector.connector.util.OESAuthUtil.getAuthToken - 15 Jun 2026 15:24:33,992 - OES User password is not updated , will wait for 10 seconds and try to connect 
INFO : [pool-2-thread-1]: com.opentext.oesConnector.connector.util.OESAuthUtil.getAuthToken - 15 Jun 2026 15:24:43,993 - OES configurations are not updated , will wait for 10 seconds and try to connect 
INFO : [pool-2-thread-1]: com.opentext.oesConnector.connector.util.OESAuthUtil.getAuthToken - 15 Jun 2026 15:24:53,993 - OES User password is not updated , will wait for 10 seconds and try to connect 
INFO : [pool-2-thread-1]: com.opentext.oesConnector.connector.util.OESAuthUtil.getAuthToken - 15 Jun 2026 15:25:03,993 - OES configurations are not updated , will wait for 10 seconds and try to connect 
INFO : [pool-2-thread-1]: com.opentext.oesConnector.connector.util.OESAuthUtil.getAuthToken - 15 Jun 2026 15:25:13,995 - OES User password is not updated , will wait for 10 seconds and try to connect 
INFO : [pool-2-thread-1]: com.opentext.oesConnector.connector.util.OESAuthUtil.getAuthToken - 15 Jun 2026 15:25:23,995 - OES configurations are not updated , will wait for 10 seconds and try to connect 
INFO : [pool-2-thread-1]: com.opentext.oesConnector.connector.util.OESAuthUtil.getAuthToken - 15 Jun 2026 15:25:33,995 - OES User password is not updated , will wait for 10 seconds and try to connect 
INFO : [pool-2-thread-1]: com.opentext.oesConnector.connector.util.OESAuthUtil.getAuthToken - 15 Jun 2026 15:25:43,996 - OES configurations are not updated , will wait for 10 seconds and try to connect 
INFO : [pool-2-thread-1]: com.opentext.oesConnector.connector.util.OESAuthUtil.getAuthToken - 15 Jun 2026 15:25:53,996 - OES User password is not updated , will wait for 10 seconds and try to connect 
INFO : [pool-2-thread-1]: com.opentext.oesConnector.connector.util.OESAuthUtil.getAuthToken - 15 Jun 2026 15:26:03,996 - OES configurations are not updated , will wait for 10 seconds and try to connect 
INFO : [pool-2-thread-1]: com.opentext.oesConnector.connector.util.OESAuthUtil.getAuthToken - 15 Jun 2026 15:26:13,998 - OES User password is not updated , will wait for 10 seconds and try to connect 
INFO : [pool-2-thread-1]: com.opentext.oesConnector.connector.util.OESAuthUtil.getAuthToken - 15 Jun 2026 15:26:23,998 - OES configurations are not updated , will wait for 10 seconds and try to connect 
INFO : [pool-2-thread-1]: com.opentext.oesConnector.connector.util.OESAuthUtil.getAuthToken - 15 Jun 2026 15:26:33,998 - OES User password is not updated , will wait for 10 seconds and try to connect 
WARN : [http-nio-8080-exec-10]: org.springframework.web.servlet.PageNotFound.noHandlerFound - 15 Jun 2026 15:26:39,302 - No mapping for GET /oes-connector/v3/api-docs
WARN : [http-nio-8080-exec-10]: org.springframework.web.servlet.PageNotFound.handleNoHandlerFoundException - 15 Jun 2026 15:26:39,302 - No endpoint GET /oes-connector/v3/api-docs.
WARN : [http-nio-8080-exec-1]: org.springframework.web.servlet.PageNotFound.noHandlerFound - 15 Jun 2026 15:26:39,309 - No mapping for GET /oes-connector/swagger-ui/index.html
WARN : [http-nio-8080-exec-1]: org.springframework.web.servlet.PageNotFound.handleNoHandlerFoundException - 15 Jun 2026 15:26:39,309 - No endpoint GET /oes-connector/swagger-ui/index.html.
INFO : [pool-2-thread-1]: com.opentext.oesConnector.connector.util.OESAuthUtil.getAuthToken - 15 Jun 2026 15:26:43,999 - OES configurations are not updated , will wait for 10 seconds and try to connect 
INFO : [pool-2-thread-1]: com.opentext.oesConnector.connector.util.OESAuthUtil.getAuthToken - 15 Jun 2026 15:26:53,999 - OES User password is not updated , will wait for 10 seconds and try to connect 
INFO : [pool-2-thread-1]: com.opentext.oesConnector.connector.util.OESAuthUtil.getAuthToken - 15 Jun 2026 15:27:03,999 - OES configurations are not updated , will wait for 10 seconds and try to connect 
INFO : [pool-2-thread-1]: com.opentext.oesConnector.connector.util.OESAuthUtil.getAuthToken - 15 Jun 2026 15:27:14,001 - OES User password is not updated , will wait for 10 seconds and try to connect 
INFO : [pool-2-thread-1]: com.opentext.oesConnector.connector.util.OESAuthUtil.getAuthToken - 15 Jun 2026 15:27:24,001 - OES configurations are not updated , will wait for 10 seconds and try to connect 
INFO : [pool-2-thread-1]: com.opentext.oesConnector.connector.util.OESAuthUtil.getAuthToken - 15 Jun 2026 15:27:34,001 - OES User password is not updated , will wait for 10 seconds and try to connect 
INFO : [pool-2-thread-1]: com.opentext.oesConnector.connector.util.OESAuthUtil.getAuthToken - 15 Jun 2026 15:27:44,002 - OES configurations are not updated , will wait for 10 seconds and try to connect 
INFO : [pool-2-thread-1]: com.opentext.oesConnector.connector.util.OESAuthUtil.getAuthToken - 15 Jun 2026 15:27:54,002 - OES User password is not updated , will wait for 10 seconds and try to connect 
INFO : [pool-2-thread-1]: com.opentext.oesConnector.connector.util.OESAuthUtil.getAuthToken - 15 Jun 2026 15:28:04,002 - OES configurations are not updated , will wait for 10 seconds and try to connect 
INFO : [pool-2-thread-1]: com.opentext.oesConnector.connector.util.OESAuthUtil.getAuthToken - 15 Jun 2026 15:28:14,004 - OES User password is not updated , will wait for 10 seconds and try to connect 
INFO : [pool-2-thread-1]: com.opentext.oesConnector.connector.util.OESAuthUtil.getAuthToken - 15 Jun 2026 15:28:24,004 - OES configurations are not updated , will wait for 10 seconds and try to connect 
INFO : [pool-2-thread-1]: com.opentext.oesConnector.connector.util.OESAuthUtil.getAuthToken - 15 Jun 2026 15:28:34,005 - OES User password is not updated , will wait for 10 seconds and try to connect 
INFO : [pool-2-thread-1]: com.opentext.oesConnector.connector.util.OESAuthUtil.getAuthToken - 15 Jun 2026 15:28:44,005 - OES configurations are not updated , will wait for 10 seconds and try to connect 
INFO : [pool-2-thread-1]: com.opentext.oesConnector.connector.util.OESAuthUtil.getAuthToken - 15 Jun 2026 15:28:54,005 - OES User password is not updated , will wait for 10 seconds and try to connect 
INFO : [pool-2-thread-1]: com.opentext.oesConnector.connector.util.OESAuthUtil.getAuthToken - 15 Jun 2026 15:29:04,006 - OES configurations are not updated , will wait for 10 seconds and try to connect 
INFO : [pool-2-thread-1]: com.opentext.oesConnector.connector.util.OESAuthUtil.getAuthToken - 15 Jun 2026 15:29:14,007 - OES User password is not updated , will wait for 10 seconds and try to connect 
INFO : [pool-2-thread-1]: com.opentext.oesConnector.connector.util.OESAuthUtil.getAuthToken - 15 Jun 2026 15:29:24,007 - OES configurations are not updated , will wait for 10 seconds and try to connect 
INFO : [pool-2-thread-1]: com.opentext.oesConnector.connector.util.OESAuthUtil.getAuthToken - 15 Jun 2026 15:29:34,008 - OES User password is not updated , will wait for 10 seconds and try to connect 
INFO : [pool-2-thread-1]: com.opentext.oesConnector.connector.util.OESAuthUtil.getAuthToken - 15 Jun 2026 15:29:44,008 - OES configurations are not updated , will wait for 10 seconds and try to connect 
INFO : [pool-2-thread-1]: com.opentext.oesConnector.connector.util.OESAuthUtil.getAuthToken - 15 Jun 2026 15:29:54,009 - OES User password is not updated , will wait for 10 seconds and try to connect 
INFO : [pool-2-thread-1]: com.opentext.oesConnector.connector.util.OESAuthUtil.getAuthToken - 15 Jun 2026 15:30:04,009 - OES configurations are not updated , will wait for 10 seconds and try to connect 
INFO : [pool-2-thread-1]: com.opentext.oesConnector.connector.util.OESAuthUtil.getAuthToken - 15 Jun 2026 15:30:14,010 - OES User password is not updated , will wait for 10 seconds and try to connect 
INFO : [pool-2-thread-1]: com.opentext.oesConnector.connector.util.OESAuthUtil.getAuthToken - 15 Jun 2026 15:30:24,011 - OES configurations are not updated , will wait for 10 seconds and try to connect 
INFO : [pool-2-thread-1]: com.opentext.oesConnector.connector.util.OESAuthUtil.getAuthToken - 15 Jun 2026 15:30:34,011 - OES User password is not updated , will wait for 10 seconds and try to connect 
INFO : [pool-2-thread-1]: com.opentext.oesConnector.connector.util.OESAuthUtil.getAuthToken - 15 Jun 2026 15:30:44,011 - OES configurations are not updated , will wait for 10 seconds and try to connect 
INFO : [pool-2-thread-1]: com.opentext.oesConnector.connector.util.OESAuthUtil.getAuthToken - 15 Jun 2026 15:30:54,012 - OES User password is not updated , will wait for 10 seconds and try to connect 
INFO : [pool-2-thread-1]: com.opentext.oesConnector.connector.util.OESAuthUtil.getAuthToken - 15 Jun 2026 15:31:04,012 - OES configurations are not updated , will wait for 10 seconds and try to connect 
INFO : [pool-2-thread-1]: com.opentext.oesConnector.connector.util.OESAuthUtil.getAuthToken - 15 Jun 2026 15:31:14,014 - OES User password is not updated , will wait for 10 seconds and try to connect 
INFO : [pool-2-thread-1]: com.opentext.oesConnector.connector.util.OESAuthUtil.getAuthToken - 15 Jun 2026 15:31:24,014 - OES configurations are not updated , will wait for 10 seconds and try to connect 
INFO : [pool-2-thread-1]: com.opentext.oesConnector.connector.util.OESAuthUtil.getAuthToken - 15 Jun 2026 15:31:34,015 - OES User password is not updated , will wait for 10 seconds and try to connect 
INFO : [pool-2-thread-1]: com.opentext.oesConnector.connector.util.OESAuthUtil.getAuthToken - 15 Jun 2026 15:31:44,015 - OES configurations are not updated , will wait for 10 seconds and try to connect 
INFO : [pool-2-thread-1]: com.opentext.oesConnector.connector.util.OESAuthUtil.getAuthToken - 15 Jun 2026 15:31:54,015 - OES User password is not updated , will wait for 10 seconds and try to connect 
INFO : [pool-2-thread-1]: com.opentext.oesConnector.connector.util.OESAuthUtil.getAuthToken - 15 Jun 2026 15:32:04,016 - OES configurations are not updated , will wait for 10 seconds and try to connect 
INFO : [pool-2-thread-1]: com.opentext.oesConnector.connector.util.OESAuthUtil.getAuthToken - 15 Jun 2026 15:32:14,017 - OES User password is not updated , will wait for 10 seconds and try to connect 
INFO : [pool-2-thread-1]: com.opentext.oesConnector.connector.util.OESAuthUtil.getAuthToken - 15 Jun 2026 15:32:24,017 - OES configurations are not updated , will wait for 10 seconds and try to connect 
INFO : [pool-2-thread-1]: com.opentext.oesConnector.connector.util.OESAuthUtil.getAuthToken - 15 Jun 2026 15:32:34,018 - OES User password is not updated , will wait for 10 seconds and try to connect 
INFO : [pool-2-thread-1]: com.opentext.oesConnector.connector.util.OESAuthUtil.getAuthToken - 15 Jun 2026 15:32:44,018 - OES configurations are not updated , will wait for 10 seconds and try to connect 
INFO : [pool-2-thread-1]: com.opentext.oesConnector.connector.util.OESAuthUtil.getAuthToken - 15 Jun 2026 15:32:54,019 - OES User password is not updated , will wait for 10 seconds and try to connect 
INFO : [pool-2-thread-1]: com.opentext.oesConnector.connector.util.OESAuthUtil.getAuthToken - 15 Jun 2026 15:33:04,019 - OES configurations are not updated , will wait for 10 seconds and try to connect 
INFO : [pool-2-thread-1]: com.opentext.oesConnector.connector.util.OESAuthUtil.getAuthToken - 15 Jun 2026 15:33:14,021 - OES User password is not updated , will wait for 10 seconds and try to connect 
INFO : [pool-2-thread-1]: com.opentext.oesConnector.connector.util.OESAuthUtil.getAuthToken - 15 Jun 2026 15:33:24,021 - OES configurations are not updated , will wait for 10 seconds and try to connect 
INFO : [pool-2-thread-1]: com.opentext.oesConnector.connector.util.OESAuthUtil.getAuthToken - 15 Jun 2026 15:33:34,022 - OES User password is not updated , will wait for 10 seconds and try to connect 
INFO : [pool-2-thread-1]: com.opentext.oesConnector.connector.util.OESAuthUtil.getAuthToken - 15 Jun 2026 15:33:44,022 - OES configurations are not updated , will wait for 10 seconds and try to connect 
INFO : [pool-2-thread-1]: com.opentext.oesConnector.connector.util.OESAuthUtil.getAuthToken - 15 Jun 2026 15:33:54,022 - OES User password is not updated , will wait for 10 seconds and try to connect 
INFO : [pool-2-thread-1]: com.opentext.oesConnector.connector.util.OESAuthUtil.getAuthToken - 15 Jun 2026 15:34:04,023 - OES configurations are not updated , will wait for 10 seconds and try to connect 
INFO : [pool-2-thread-1]: com.opentext.oesConnector.connector.util.OESAuthUtil.getAuthToken - 15 Jun 2026 15:34:14,024 - OES User password is not updated , will wait for 10 seconds and try to connect 
INFO : [pool-2-thread-1]: com.opentext.oesConnector.connector.util.OESAuthUtil.getAuthToken - 15 Jun 2026 15:34:24,024 - OES configurations are not updated , will wait for 10 seconds and try to connect 
INFO : [pool-2-thread-1]: com.opentext.oesConnector.connector.util.OESAuthUtil.getAuthToken - 15 Jun 2026 15:34:34,030 - OES User password is not updated , will wait for 10 seconds and try to connect 
INFO : [pool-2-thread-1]: com.opentext.oesConnector.connector.util.OESAuthUtil.getAuthToken - 15 Jun 2026 15:34:44,031 - OES configurations are not updated , will wait for 10 seconds and try to connect 
INFO : [pool-2-thread-1]: com.opentext.oesConnector.connector.util.OESAuthUtil.getAuthToken - 15 Jun 2026 15:34:54,031 - OES User password is not updated , will wait for 10 seconds and try to connect 
INFO : [pool-2-thread-1]: com.opentext.oesConnector.connector.util.OESAuthUtil.getAuthToken - 15 Jun 2026 15:35:04,031 - OES configurations are not updated , will wait for 10 seconds and try to connect 
INFO : [pool-2-thread-1]: com.opentext.oesConnector.connector.util.OESAuthUtil.getAuthToken - 15 Jun 2026 15:35:14,033 - OES User password is not updated , will wait for 10 seconds and try to connect 
INFO : [pool-2-thread-1]: com.opentext.oesConnector.connector.util.OESAuthUtil.getAuthToken - 15 Jun 2026 15:35:24,033 - OES configurations are not updated , will wait for 10 seconds and try to connect 
INFO : [pool-2-thread-1]: com.opentext.oesConnector.connector.util.OESAuthUtil.getAuthToken - 15 Jun 2026 15:35:34,034 - OES User password is not updated , will wait for 10 seconds and try to connect 
INFO : [pool-2-thread-1]: com.opentext.oesConnector.connector.util.OESAuthUtil.getAuthToken - 15 Jun 2026 15:35:44,034 - OES configurations are not updated , will wait for 10 seconds and try to connect 
INFO : [pool-2-thread-1]: com.opentext.oesConnector.connector.util.OESAuthUtil.getAuthToken - 15 Jun 2026 15:35:54,034 - OES User password is not updated , will wait for 10 seconds and try to connect 
INFO : [pool-2-thread-1]: com.opentext.oesConnector.connector.util.OESAuthUtil.getAuthToken - 15 Jun 2026 15:36:04,035 - OES configurations are not updated , will wait for 10 seconds and try to connect 
INFO : [pool-2-thread-1]: com.opentext.oesConnector.connector.util.OESAuthUtil.getAuthToken - 15 Jun 2026 15:36:14,036 - OES User password is not updated , will wait for 10 seconds and try to connect 
INFO : [pool-2-thread-1]: com.opentext.oesConnector.connector.util.OESAuthUtil.getAuthToken - 15 Jun 2026 15:36:24,036 - OES configurations are not updated , will wait for 10 seconds and try to connect 
INFO : [pool-2-thread-1]: com.opentext.oesConnector.connector.util.OESAuthUtil.getAuthToken - 15 Jun 2026 15:36:34,037 - OES User password is not updated , will wait for 10 seconds and try to connect 
INFO : [pool-2-thread-1]: com.opentext.oesConnector.connector.util.OESAuthUtil.getAuthToken - 15 Jun 2026 15:36:44,037 - OES configurations are not updated , will wait for 10 seconds and try to connect 
INFO : [pool-2-thread-1]: com.opentext.oesConnector.connector.util.OESAuthUtil.getAuthToken - 15 Jun 2026 15:36:54,038 - OES User password is not updated , will wait for 10 seconds and try to connect 
INFO : [pool-2-thread-1]: com.opentext.oesConnector.connector.util.OESAuthUtil.getAuthToken - 15 Jun 2026 15:37:04,038 - OES configurations are not updated , will wait for 10 seconds and try to connect 
INFO : [pool-2-thread-1]: com.opentext.oesConnector.connector.util.OESAuthUtil.getAuthToken - 15 Jun 2026 15:37:14,039 - OES User password is not updated , will wait for 10 seconds and try to connect 
INFO : [pool-2-thread-1]: com.opentext.oesConnector.connector.util.OESAuthUtil.getAuthToken - 15 Jun 2026 15:37:24,040 - OES configurations are not updated , will wait for 10 seconds and try to connect 
INFO : [pool-2-thread-1]: com.opentext.oesConnector.connector.util.OESAuthUtil.getAuthToken - 15 Jun 2026 15:37:34,040 - OES User password is not updated , will wait for 10 seconds and try to connect 
INFO : [pool-2-thread-1]: com.opentext.oesConnector.connector.util.OESAuthUtil.getAuthToken - 15 Jun 2026 15:37:44,041 - OES configurations are not updated , will wait for 10 seconds and try to connect 
INFO : [pool-2-thread-1]: com.opentext.oesConnector.connector.util.OESAuthUtil.getAuthToken - 15 Jun 2026 15:37:54,041 - OES User password is not updated , will wait for 10 seconds and try to connect 
INFO : [pool-2-thread-1]: com.opentext.oesConnector.connector.util.OESAuthUtil.getAuthToken - 15 Jun 2026 15:38:04,041 - OES configurations are not updated , will wait for 10 seconds and try to connect 
INFO : [pool-2-thread-1]: com.opentext.oesConnector.connector.util.OESAuthUtil.getAuthToken - 15 Jun 2026 15:38:14,043 - OES User password is not updated , will wait for 10 seconds and try to connect 
INFO : [pool-2-thread-1]: com.opentext.oesConnector.connector.util.OESAuthUtil.getAuthToken - 15 Jun 2026 15:38:24,043 - OES configurations are not updated , will wait for 10 seconds and try to connect 
INFO : [pool-2-thread-1]: com.opentext.oesConnector.connector.util.OESAuthUtil.getAuthToken - 15 Jun 2026 15:38:34,044 - OES User password is not updated , will wait for 10 seconds and try to connect 
INFO : [pool-2-thread-1]: com.opentext.oesConnector.connector.util.OESAuthUtil.getAuthToken - 15 Jun 2026 15:38:44,044 - OES configurations are not updated , will wait for 10 seconds and try to connect 
INFO : [pool-2-thread-1]: com.opentext.oesConnector.connector.util.OESAuthUtil.getAuthToken - 15 Jun 2026 15:38:54,044 - OES User password is not updated , will wait for 10 seconds and try to connect 
INFO : [pool-2-thread-1]: com.opentext.oesConnector.connector.util.OESAuthUtil.getAuthToken - 15 Jun 2026 15:39:04,045 - OES configurations are not updated , will wait for 10 seconds and try to connect 
INFO : [pool-2-thread-1]: com.opentext.oesConnector.connector.util.OESAuthUtil.getAuthToken - 15 Jun 2026 15:39:14,046 - OES User password is not updated , will wait for 10 seconds and try to connect 
INFO : [http-nio-8080-exec-2]: com.opentext.oesConnector.connector.controller.LoginController.buildversion - 15 Jun 2026 15:39:14,874 - Build Version check API for OES Connector
WARN : [http-nio-8080-exec-5]: org.springframework.web.servlet.PageNotFound.noHandlerFound - 15 Jun 2026 15:39:14,936 - No mapping for GET /oes-connector/swagger-ui/index.html
WARN : [http-nio-8080-exec-5]: org.springframework.web.servlet.PageNotFound.handleNoHandlerFoundException - 15 Jun 2026 15:39:14,936 - No endpoint GET /oes-connector/swagger-ui/index.html.
WARN : [http-nio-8080-exec-6]: org.springframework.web.servlet.PageNotFound.noHandlerFound - 15 Jun 2026 15:39:14,941 - No mapping for GET /oes-connector/v3/api-docs
WARN : [http-nio-8080-exec-6]: org.springframework.web.servlet.PageNotFound.handleNoHandlerFoundException - 15 Jun 2026 15:39:14,942 - No endpoint GET /oes-connector/v3/api-docs.
WARN : [http-nio-8080-exec-8]: org.springframework.web.servlet.PageNotFound.noHandlerFound - 15 Jun 2026 15:39:14,948 - No mapping for GET /oes-connector/api-docs
WARN : [http-nio-8080-exec-8]: org.springframework.web.servlet.PageNotFound.handleNoHandlerFoundException - 15 Jun 2026 15:39:14,948 - No endpoint GET /oes-connector/api-docs.
INFO : [pool-2-thread-1]: com.opentext.oesConnector.connector.util.OESAuthUtil.getAuthToken - 15 Jun 2026 15:39:24,046 - OES configurations are not updated , will wait for 10 seconds and try to connect 
INFO : [pool-2-thread-1]: com.opentext.oesConnector.connector.util.OESAuthUtil.getAuthToken - 15 Jun 2026 15:39:34,047 - OES User password is not updated , will wait for 10 seconds and try to connect 
INFO : [pool-2-thread-1]: com.opentext.oesConnector.connector.util.OESAuthUtil.getAuthToken - 15 Jun 2026 15:39:44,047 - OES configurations are not updated , will wait for 10 seconds and try to connect 
INFO : [pool-2-thread-1]: com.opentext.oesConnector.connector.util.OESAuthUtil.getAuthToken - 15 Jun 2026 15:39:54,048 - OES User password is not updated , will wait for 10 seconds and try to connect 
INFO : [pool-2-thread-1]: com.opentext.oesConnector.connector.util.OESAuthUtil.getAuthToken - 15 Jun 2026 15:40:04,048 - OES configurations are not updated , will wait for 10 seconds and try to connect 
INFO : [pool-2-thread-1]: com.opentext.oesConnector.connector.util.OESAuthUtil.getAuthToken - 15 Jun 2026 15:40:14,049 - OES User password is not updated , will wait for 10 seconds and try to connect 
INFO : [pool-2-thread-1]: com.opentext.oesConnector.connector.util.OESAuthUtil.getAuthToken - 15 Jun 2026 15:40:24,050 - OES configurations are not updated , will wait for 10 seconds and try to connect 
INFO : [pool-2-thread-1]: com.opentext.oesConnector.connector.util.OESAuthUtil.getAuthToken - 15 Jun 2026 15:40:34,050 - OES User password is not updated , will wait for 10 seconds and try to connect 
INFO : [pool-2-thread-1]: com.opentext.oesConnector.connector.util.OESAuthUtil.getAuthToken - 15 Jun 2026 15:40:44,051 - OES configurations are not updated , will wait for 10 seconds and try to connect 
INFO : [pool-2-thread-1]: com.opentext.oesConnector.connector.util.OESAuthUtil.getAuthToken - 15 Jun 2026 15:40:54,051 - OES User password is not updated , will wait for 10 seconds and try to connect 
INFO : [pool-2-thread-1]: com.opentext.oesConnector.connector.util.OESAuthUtil.getAuthToken - 15 Jun 2026 15:41:04,051 - OES configurations are not updated , will wait for 10 seconds and try to connect 
INFO : [pool-2-thread-1]: com.opentext.oesConnector.connector.util.OESAuthUtil.getAuthToken - 15 Jun 2026 15:41:14,053 - OES User password is not updated , will wait for 10 seconds and try to connect 
INFO : [pool-2-thread-1]: com.opentext.oesConnector.connector.util.OESAuthUtil.getAuthToken - 15 Jun 2026 15:41:24,053 - OES configurations are not updated , will wait for 10 seconds and try to connect 
INFO : [pool-2-thread-1]: com.opentext.oesConnector.connector.util.OESAuthUtil.getAuthToken - 15 Jun 2026 15:41:34,054 - OES User password is not updated , will wait for 10 seconds and try to connect 
INFO : [pool-2-thread-1]: com.opentext.oesConnector.connector.util.OESAuthUtil.getAuthToken - 15 Jun 2026 15:41:44,054 - OES configurations are not updated , will wait for 10 seconds and try to connect 
INFO : [pool-2-thread-1]: com.opentext.oesConnector.connector.util.OESAuthUtil.getAuthToken - 15 Jun 2026 15:41:54,054 - OES User password is not updated , will wait for 10 seconds and try to connect 
INFO : [pool-2-thread-1]: com.opentext.oesConnector.connector.util.OESAuthUtil.getAuthToken - 15 Jun 2026 15:42:04,055 - OES configurations are not updated , will wait for 10 seconds and try to connect 
INFO : [pool-2-thread-1]: com.opentext.oesConnector.connector.util.OESAuthUtil.getAuthToken - 15 Jun 2026 15:42:14,056 - OES User password is not updated , will wait for 10 seconds and try to connect 
INFO : [pool-2-thread-1]: com.opentext.oesConnector.connector.util.OESAuthUtil.getAuthToken - 15 Jun 2026 15:42:24,056 - OES configurations are not updated , will wait for 10 seconds and try to connect 
INFO : [pool-2-thread-1]: com.opentext.oesConnector.connector.util.OESAuthUtil.getAuthToken - 15 Jun 2026 15:42:34,057 - OES User password is not updated , will wait for 10 seconds and try to connect 
INFO : [pool-2-thread-1]: com.opentext.oesConnector.connector.util.OESAuthUtil.getAuthToken - 15 Jun 2026 15:42:44,057 - OES configurations are not updated , will wait for 10 seconds and try to connect 
INFO : [pool-2-thread-1]: com.opentext.oesConnector.connector.util.OESAuthUtil.getAuthToken - 15 Jun 2026 15:42:54,058 - OES User password is not updated , will wait for 10 seconds and try to connect 
INFO : [pool-2-thread-1]: com.opentext.oesConnector.connector.util.OESAuthUtil.getAuthToken - 15 Jun 2026 15:43:04,058 - OES configurations are not updated , will wait for 10 seconds and try to connect 
INFO : [pool-2-thread-1]: com.opentext.oesConnector.connector.util.OESAuthUtil.getAuthToken - 15 Jun 2026 15:43:14,060 - OES User password is not updated , will wait for 10 seconds and try to connect 
INFO : [pool-2-thread-1]: com.opentext.oesConnector.connector.util.OESAuthUtil.getAuthToken - 15 Jun 2026 15:43:24,060 - OES configurations are not updated , will wait for 10 seconds and try to connect 
INFO : [pool-2-thread-1]: com.opentext.oesConnector.connector.util.OESAuthUtil.getAuthToken - 15 Jun 2026 15:43:34,061 - OES User password is not updated , will wait for 10 seconds and try to connect 
INFO : [pool-2-thread-1]: com.opentext.oesConnector.connector.util.OESAuthUtil.getAuthToken - 15 Jun 2026 15:43:44,061 - OES configurations are not updated , will wait for 10 seconds and try to connect 
INFO : [pool-2-thread-1]: com.opentext.oesConnector.connector.util.OESAuthUtil.getAuthToken - 15 Jun 2026 15:43:54,061 - OES User password is not updated , will wait for 10 seconds and try to connect 
INFO : [pool-2-thread-1]: com.opentext.oesConnector.connector.util.OESAuthUtil.getAuthToken - 15 Jun 2026 15:44:04,062 - OES configurations are not updated , will wait for 10 seconds and try to connect 
INFO : [pool-2-thread-1]: com.opentext.oesConnector.connector.util.OESAuthUtil.getAuthToken - 15 Jun 2026 15:44:14,063 - OES User password is not updated , will wait for 10 seconds and try to connect 
INFO : [pool-2-thread-1]: com.opentext.oesConnector.connector.util.OESAuthUtil.getAuthToken - 15 Jun 2026 15:44:24,063 - OES configurations are not updated , will wait for 10 seconds and try to connect 
INFO : [pool-2-thread-1]: com.opentext.oesConnector.connector.util.OESAuthUtil.getAuthToken - 15 Jun 2026 15:44:34,064 - OES User password is not updated , will wait for 10 seconds and try to connect 
INFO : [pool-2-thread-1]: com.opentext.oesConnector.connector.util.OESAuthUtil.getAuthToken - 15 Jun 2026 15:44:44,064 - OES configurations are not updated , will wait for 10 seconds and try to connect 
INFO : [pool-2-thread-1]: com.opentext.oesConnector.connector.util.OESAuthUtil.getAuthToken - 15 Jun 2026 15:44:54,065 - OES User password is not updated , will wait for 10 seconds and try to connect 
INFO : [pool-2-thread-1]: com.opentext.oesConnector.connector.util.OESAuthUtil.getAuthToken - 15 Jun 2026 15:45:04,065 - OES configurations are not updated , will wait for 10 seconds and try to connect 
INFO : [pool-2-thread-1]: com.opentext.oesConnector.connector.util.OESAuthUtil.getAuthToken - 15 Jun 2026 15:45:14,066 - OES User password is not updated , will wait for 10 seconds and try to connect 
INFO : [pool-2-thread-1]: com.opentext.oesConnector.connector.util.OESAuthUtil.getAuthToken - 15 Jun 2026 15:45:24,067 - OES configurations are not updated , will wait for 10 seconds and try to connect 
INFO : [pool-2-thread-1]: com.opentext.oesConnector.connector.util.OESAuthUtil.getAuthToken - 15 Jun 2026 15:45:34,067 - OES User password is not updated , will wait for 10 seconds and try to connect 
INFO : [pool-2-thread-1]: com.opentext.oesConnector.connector.util.OESAuthUtil.getAuthToken - 15 Jun 2026 15:45:44,067 - OES configurations are not updated , will wait for 10 seconds and try to connect 
INFO : [pool-2-thread-1]: com.opentext.oesConnector.connector.util.OESAuthUtil.getAuthToken - 15 Jun 2026 15:45:54,068 - OES User password is not updated , will wait for 10 seconds and try to connect 
INFO : [pool-2-thread-1]: com.opentext.oesConnector.connector.util.OESAuthUtil.getAuthToken - 15 Jun 2026 15:46:04,068 - OES configurations are not updated , will wait for 10 seconds and try to connect 
INFO : [pool-2-thread-1]: com.opentext.oesConnector.connector.util.OESAuthUtil.getAuthToken - 15 Jun 2026 15:46:14,070 - OES User password is not updated , will wait for 10 seconds and try to connect 
INFO : [pool-2-thread-1]: com.opentext.oesConnector.connector.util.OESAuthUtil.getAuthToken - 15 Jun 2026 15:46:24,070 - OES configurations are not updated , will wait for 10 seconds and try to connect 
INFO : [pool-2-thread-1]: com.opentext.oesConnector.connector.util.OESAuthUtil.getAuthToken - 15 Jun 2026 15:46:34,070 - OES User password is not updated , will wait for 10 seconds and try to connect 
INFO : [pool-2-thread-1]: com.opentext.oesConnector.connector.util.OESAuthUtil.getAuthToken - 15 Jun 2026 15:46:44,071 - OES configurations are not updated , will wait for 10 seconds and try to connect 
INFO : [pool-2-thread-1]: com.opentext.oesConnector.connector.util.OESAuthUtil.getAuthToken - 15 Jun 2026 15:46:54,071 - OES User password is not updated , will wait for 10 seconds and try to connect 
INFO : [pool-2-thread-1]: com.opentext.oesConnector.connector.util.OESAuthUtil.getAuthToken - 15 Jun 2026 15:47:04,072 - OES configurations are not updated , will wait for 10 seconds and try to connect 
INFO : [pool-2-thread-1]: com.opentext.oesConnector.connector.util.OESAuthUtil.getAuthToken - 15 Jun 2026 15:47:14,073 - OES User password is not updated , will wait for 10 seconds and try to connect 
INFO : [pool-2-thread-1]: com.opentext.oesConnector.connector.util.OESAuthUtil.getAuthToken - 15 Jun 2026 15:47:24,073 - OES configurations are not updated , will wait for 10 seconds and try to connect 
INFO : [pool-2-thread-1]: com.opentext.oesConnector.connector.util.OESAuthUtil.getAuthToken - 15 Jun 2026 15:47:34,074 - OES User password is not updated , will wait for 10 seconds and try to connect 
INFO : [pool-2-thread-1]: com.opentext.oesConnector.connector.util.OESAuthUtil.getAuthToken - 15 Jun 2026 15:47:44,074 - OES configurations are not updated , will wait for 10 seconds and try to connect 
INFO : [pool-2-thread-1]: com.opentext.oesConnector.connector.util.OESAuthUtil.getAuthToken - 15 Jun 2026 15:47:54,075 - OES User password is not updated , will wait for 10 seconds and try to connect 
INFO : [pool-2-thread-1]: com.opentext.oesConnector.connector.util.OESAuthUtil.getAuthToken - 15 Jun 2026 15:48:04,075 - OES configurations are not updated , will wait for 10 seconds and try to connect 
INFO : [pool-2-thread-1]: com.opentext.oesConnector.connector.util.OESAuthUtil.getAuthToken - 15 Jun 2026 15:48:14,076 - OES User password is not updated , will wait for 10 seconds and try to connect 
INFO : [pool-2-thread-1]: com.opentext.oesConnector.connector.util.OESAuthUtil.getAuthToken - 15 Jun 2026 15:48:24,077 - OES configurations are not updated , will wait for 10 seconds and try to connect 
INFO : [pool-2-thread-1]: com.opentext.oesConnector.connector.util.OESAuthUtil.getAuthToken - 15 Jun 2026 15:48:34,077 - OES User password is not updated , will wait for 10 seconds and try to connect 
INFO : [pool-2-thread-1]: com.opentext.oesConnector.connector.util.OESAuthUtil.getAuthToken - 15 Jun 2026 15:48:44,077 - OES configurations are not updated , will wait for 10 seconds and try to connect 
INFO : [pool-2-thread-1]: com.opentext.oesConnector.connector.util.OESAuthUtil.getAuthToken - 15 Jun 2026 15:48:54,078 - OES User password is not updated , will wait for 10 seconds and try to connect 
INFO : [pool-2-thread-1]: com.opentext.oesConnector.connector.util.OESAuthUtil.getAuthToken - 15 Jun 2026 15:49:04,078 - OES configurations are not updated , will wait for 10 seconds and try to connect 
INFO : [pool-2-thread-1]: com.opentext.oesConnector.connector.util.OESAuthUtil.getAuthToken - 15 Jun 2026 15:49:14,080 - OES User password is not updated , will wait for 10 seconds and try to connect 
INFO : [pool-2-thread-1]: com.opentext.oesConnector.connector.util.OESAuthUtil.getAuthToken - 15 Jun 2026 15:49:24,080 - OES configurations are not updated , will wait for 10 seconds and try to connect 
INFO : [pool-2-thread-1]: com.opentext.oesConnector.connector.util.OESAuthUtil.getAuthToken - 15 Jun 2026 15:49:34,081 - OES User password is not updated , will wait for 10 seconds and try to connect 
INFO : [pool-2-thread-1]: com.opentext.oesConnector.connector.util.OESAuthUtil.getAuthToken - 15 Jun 2026 15:49:44,081 - OES configurations are not updated , will wait for 10 seconds and try to connect 
INFO : [pool-2-thread-1]: com.opentext.oesConnector.connector.util.OESAuthUtil.getAuthToken - 15 Jun 2026 15:49:54,081 - OES User password is not updated , will wait for 10 seconds and try to connect 
INFO : [pool-2-thread-1]: com.opentext.oesConnector.connector.util.OESAuthUtil.getAuthToken - 15 Jun 2026 15:50:04,082 - OES configurations are not updated , will wait for 10 seconds and try to connect 
INFO : [pool-2-thread-1]: com.opentext.oesConnector.connector.util.OESAuthUtil.getAuthToken - 15 Jun 2026 15:50:14,083 - OES User password is not updated , will wait for 10 seconds and try to connect 
INFO : [pool-2-thread-1]: com.opentext.oesConnector.connector.util.OESAuthUtil.getAuthToken - 15 Jun 2026 15:50:24,083 - OES configurations are not updated , will wait for 10 seconds and try to connect 
INFO : [pool-2-thread-1]: com.opentext.oesConnector.connector.util.OESAuthUtil.getAuthToken - 15 Jun 2026 15:50:34,084 - OES User password is not updated , will wait for 10 seconds and try to connect 
INFO : [pool-2-thread-1]: com.opentext.oesConnector.connector.util.OESAuthUtil.getAuthToken - 15 Jun 2026 15:50:44,084 - OES configurations are not updated , will wait for 10 seconds and try to connect 
INFO : [pool-2-thread-1]: com.opentext.oesConnector.connector.util.OESAuthUtil.getAuthToken - 15 Jun 2026 15:50:54,085 - OES User password is not updated , will wait for 10 seconds and try to connect 
INFO : [pool-2-thread-1]: com.opentext.oesConnector.connector.util.OESAuthUtil.getAuthToken - 15 Jun 2026 15:51:04,085 - OES configurations are not updated , will wait for 10 seconds and try to connect 
INFO : [pool-2-thread-1]: com.opentext.oesConnector.connector.util.OESAuthUtil.getAuthToken - 15 Jun 2026 15:51:14,086 - OES User password is not updated , will wait for 10 seconds and try to connect 
INFO : [pool-2-thread-1]: com.opentext.oesConnector.connector.util.OESAuthUtil.getAuthToken - 15 Jun 2026 15:51:24,087 - OES configurations are not updated , will wait for 10 seconds and try to connect 
INFO : [pool-2-thread-1]: com.opentext.oesConnector.connector.util.OESAuthUtil.getAuthToken - 15 Jun 2026 15:51:34,087 - OES User password is not updated , will wait for 10 seconds and try to connect 
INFO : [pool-2-thread-1]: com.opentext.oesConnector.connector.util.OESAuthUtil.getAuthToken - 15 Jun 2026 15:51:44,087 - OES configurations are not updated , will wait for 10 seconds and try to connect 
INFO : [pool-2-thread-1]: com.opentext.oesConnector.connector.util.OESAuthUtil.getAuthToken - 15 Jun 2026 15:51:54,088 - OES User password is not updated , will wait for 10 seconds and try to connect 
INFO : [pool-2-thread-1]: com.opentext.oesConnector.connector.util.OESAuthUtil.getAuthToken - 15 Jun 2026 15:52:04,088 - OES configurations are not updated , will wait for 10 seconds and try to connect 
INFO : [pool-2-thread-1]: com.opentext.oesConnector.connector.util.OESAuthUtil.getAuthToken - 15 Jun 2026 15:52:14,090 - OES User password is not updated , will wait for 10 seconds and try to connect 
INFO : [pool-2-thread-1]: com.opentext.oesConnector.connector.util.OESAuthUtil.getAuthToken - 15 Jun 2026 15:52:24,090 - OES configurations are not updated , will wait for 10 seconds and try to connect 
INFO : [pool-2-thread-1]: com.opentext.oesConnector.connector.util.OESAuthUtil.getAuthToken - 15 Jun 2026 15:52:34,091 - OES User password is not updated , will wait for 10 seconds and try to connect 
INFO : [pool-2-thread-1]: com.opentext.oesConnector.connector.util.OESAuthUtil.getAuthToken - 15 Jun 2026 15:52:44,091 - OES configurations are not updated , will wait for 10 seconds and try to connect 
INFO : [pool-2-thread-1]: com.opentext.oesConnector.connector.util.OESAuthUtil.getAuthToken - 15 Jun 2026 15:52:54,091 - OES User password is not updated , will wait for 10 seconds and try to connect 
INFO : [pool-2-thread-1]: com.opentext.oesConnector.connector.util.OESAuthUtil.getAuthToken - 15 Jun 2026 15:53:04,092 - OES configurations are not updated , will wait for 10 seconds and try to connect 
INFO : [pool-2-thread-1]: com.opentext.oesConnector.connector.util.OESAuthUtil.getAuthToken - 15 Jun 2026 15:53:14,093 - OES User password is not updated , will wait for 10 seconds and try to connect 
WARN : [http-nio-8080-exec-7]: org.springframework.web.servlet.PageNotFound.noHandlerFound - 15 Jun 2026 15:53:17,725 - No mapping for GET /oes-connector/actionssupported
WARN : [http-nio-8080-exec-7]: org.springframework.web.servlet.PageNotFound.handleNoHandlerFoundException - 15 Jun 2026 15:53:17,725 - No endpoint GET /oes-connector/actionssupported.
INFO : [pool-2-thread-1]: com.opentext.oesConnector.connector.util.OESAuthUtil.getAuthToken - 15 Jun 2026 15:53:24,093 - OES configurations are not updated , will wait for 10 seconds and try to connect 
INFO : [pool-2-thread-1]: com.opentext.oesConnector.connector.util.OESAuthUtil.getAuthToken - 15 Jun 2026 15:53:34,094 - OES User password is not updated , will wait for 10 seconds and try to connect 
INFO : [pool-2-thread-1]: com.opentext.oesConnector.connector.util.OESAuthUtil.getAuthToken - 15 Jun 2026 15:53:44,094 - OES configurations are not updated , will wait for 10 seconds and try to connect 
INFO : [pool-2-thread-1]: com.opentext.oesConnector.connector.util.OESAuthUtil.getAuthToken - 15 Jun 2026 15:53:54,095 - OES User password is not updated , will wait for 10 seconds and try to connect 
WARN : [http-nio-8080-exec-8]: org.springframework.web.servlet.PageNotFound.noHandlerFound - 15 Jun 2026 15:53:54,435 - No mapping for GET /oes-connector/actionssupported
WARN : [http-nio-8080-exec-8]: org.springframework.web.servlet.PageNotFound.handleNoHandlerFoundException - 15 Jun 2026 15:53:54,435 - No endpoint GET /oes-connector/actionssupported.
INFO : [pool-2-thread-1]: com.opentext.oesConnector.connector.util.OESAuthUtil.getAuthToken - 15 Jun 2026 15:54:04,095 - OES configurations are not updated , will wait for 10 seconds and try to connect 
INFO : [pool-2-thread-1]: com.opentext.oesConnector.connector.util.OESAuthUtil.getAuthToken - 15 Jun 2026 15:54:14,096 - OES User password is not updated , will wait for 10 seconds and try to connect 
INFO : [pool-2-thread-1]: com.opentext.oesConnector.connector.util.OESAuthUtil.getAuthToken - 15 Jun 2026 15:54:24,097 - OES configurations are not updated , will wait for 10 seconds and try to connect 
WARN : [http-nio-8080-exec-10]: org.springframework.web.servlet.PageNotFound.noHandlerFound - 15 Jun 2026 15:54:25,722 - No mapping for GET /oes-connector/actionssupported
WARN : [http-nio-8080-exec-10]: org.springframework.web.servlet.PageNotFound.handleNoHandlerFoundException - 15 Jun 2026 15:54:25,722 - No endpoint GET /oes-connector/actionssupported.
INFO : [pool-2-thread-1]: com.opentext.oesConnector.connector.util.OESAuthUtil.getAuthToken - 15 Jun 2026 15:54:34,097 - OES User password is not updated , will wait for 10 seconds and try to connect 
INFO : [pool-2-thread-1]: com.opentext.oesConnector.connector.util.OESAuthUtil.getAuthToken - 15 Jun 2026 15:54:44,097 - OES configurations are not updated , will wait for 10 seconds and try to connect 
INFO : [pool-2-thread-1]: com.opentext.oesConnector.connector.util.OESAuthUtil.getAuthToken - 15 Jun 2026 15:54:54,098 - OES User password is not updated , will wait for 10 seconds and try to connect 
INFO : [pool-2-thread-1]: com.opentext.oesConnector.connector.util.OESAuthUtil.getAuthToken - 15 Jun 2026 15:55:04,098 - OES configurations are not updated , will wait for 10 seconds and try to connect 
INFO : [pool-2-thread-1]: com.opentext.oesConnector.connector.util.OESAuthUtil.getAuthToken - 15 Jun 2026 15:55:14,100 - OES User password is not updated , will wait for 10 seconds and try to connect 
WARN : [http-nio-8080-exec-2]: org.springframework.web.servlet.PageNotFound.noHandlerFound - 15 Jun 2026 15:55:15,587 - No mapping for GET /oes-connector/actionssupported
WARN : [http-nio-8080-exec-2]: org.springframework.web.servlet.PageNotFound.handleNoHandlerFoundException - 15 Jun 2026 15:55:15,588 - No endpoint GET /oes-connector/actionssupported.
INFO : [pool-2-thread-1]: com.opentext.oesConnector.connector.util.OESAuthUtil.getAuthToken - 15 Jun 2026 15:55:24,100 - OES configurations are not updated , will wait for 10 seconds and try to connect 
INFO : [pool-2-thread-1]: com.opentext.oesConnector.connector.util.OESAuthUtil.getAuthToken - 15 Jun 2026 15:55:34,101 - OES User password is not updated , will wait for 10 seconds and try to connect 
INFO : [pool-2-thread-1]: com.opentext.oesConnector.connector.util.OESAuthUtil.getAuthToken - 15 Jun 2026 15:55:44,101 - OES configurations are not updated , will wait for 10 seconds and try to connect 
INFO : [pool-2-thread-1]: com.opentext.oesConnector.connector.util.OESAuthUtil.getAuthToken - 15 Jun 2026 15:55:54,102 - OES User password is not updated , will wait for 10 seconds and try to connect 
INFO : [http-nio-8080-exec-4]: com.opentext.oesConnector.connector.common.security.OtdsTokenAuthenticationFilter.doFilterInternal - 15 Jun 2026 15:55:57,951 - OtdsTokenAuthenticationFilterAttempting authentication for token
ERROR: [http-nio-8080-exec-4]: com.opentext.oesConnector.connector.common.security.OtdsTokenAuthenticationFilter.doFilterInternal - 15 Jun 2026 15:55:57,958 - Error during OTDS authentication: Cannot invoke "com.fasterxml.jackson.databind.JsonNode.asText()" because the return value of "com.fasterxml.jackson.databind.JsonNode.get(String)" is null
INFO : [http-nio-8080-exec-4]: com.opentext.oesConnector.connector.configuration.ClasspathMessageLoader.info - 15 Jun 2026 15:55:57,964 - Message resource com/opentext/oesConnector/messages/dcc-messages is added.
INFO : [pool-2-thread-1]: com.opentext.oesConnector.connector.util.OESAuthUtil.getAuthToken - 15 Jun 2026 15:56:04,102 - OES configurations are not updated , will wait for 10 seconds and try to connect 
INFO : [pool-2-thread-1]: com.opentext.oesConnector.connector.util.OESAuthUtil.getAuthToken - 15 Jun 2026 15:56:14,103 - OES User password is not updated , will wait for 10 seconds and try to connect 
INFO : [pool-2-thread-1]: com.opentext.oesConnector.connector.util.OESAuthUtil.getAuthToken - 15 Jun 2026 15:56:24,104 - OES configurations are not updated , will wait for 10 seconds and try to connect 
INFO : [pool-2-thread-1]: com.opentext.oesConnector.connector.util.OESAuthUtil.getAuthToken - 15 Jun 2026 15:56:34,104 - OES User password is not updated , will wait for 10 seconds and try to connect 
INFO : [pool-2-thread-1]: com.opentext.oesConnector.connector.util.OESAuthUtil.getAuthToken - 15 Jun 2026 15:56:44,104 - OES configurations are not updated , will wait for 10 seconds and try to connect 
INFO : [pool-2-thread-1]: com.opentext.oesConnector.connector.util.OESAuthUtil.getAuthToken - 15 Jun 2026 15:56:54,105 - OES User password is not updated , will wait for 10 seconds and try to connect 
INFO : [pool-2-thread-1]: com.opentext.oesConnector.connector.util.OESAuthUtil.getAuthToken - 15 Jun 2026 15:57:04,105 - OES configurations are not updated , will wait for 10 seconds and try to connect 
INFO : [pool-2-thread-1]: com.opentext.oesConnector.connector.util.OESAuthUtil.getAuthToken - 15 Jun 2026 15:57:14,107 - OES User password is not updated , will wait for 10 seconds and try to connect 
INFO : [pool-2-thread-1]: com.opentext.oesConnector.connector.util.OESAuthUtil.getAuthToken - 15 Jun 2026 15:57:24,107 - OES configurations are not updated , will wait for 10 seconds and try to connect 
INFO : [pool-2-thread-1]: com.opentext.oesConnector.connector.util.OESAuthUtil.getAuthToken - 15 Jun 2026 15:57:34,108 - OES User password is not updated , will wait for 10 seconds and try to connect 
INFO : [pool-2-thread-1]: com.opentext.oesConnector.connector.util.OESAuthUtil.getAuthToken - 15 Jun 2026 15:57:44,108 - OES configurations are not updated , will wait for 10 seconds and try to connect 
INFO : [pool-2-thread-1]: com.opentext.oesConnector.connector.util.OESAuthUtil.getAuthToken - 15 Jun 2026 15:57:54,109 - OES User password is not updated , will wait for 10 seconds and try to connect 
INFO : [http-nio-8080-exec-8]: com.opentext.oesConnector.connector.common.security.OtdsTokenAuthenticationFilter.doFilterInternal - 15 Jun 2026 15:57:59,637 - OtdsTokenAuthenticationFilterAttempting authentication for token
ERROR: [http-nio-8080-exec-8]: com.opentext.oesConnector.connector.common.security.OtdsTokenAuthenticationFilter.doFilterInternal - 15 Jun 2026 15:57:59,637 - Error during OTDS authentication: Cannot invoke "com.fasterxml.jackson.databind.JsonNode.asText()" because the return value of "com.fasterxml.jackson.databind.JsonNode.get(String)" is null
INFO : [pool-2-thread-1]: com.opentext.oesConnector.connector.util.OESAuthUtil.getAuthToken - 15 Jun 2026 15:58:04,109 - OES configurations are not updated , will wait for 10 seconds and try to connect 
INFO : [pool-2-thread-1]: com.opentext.oesConnector.connector.util.OESAuthUtil.getAuthToken - 15 Jun 2026 15:58:14,110 - OES User password is not updated , will wait for 10 seconds and try to connect 
INFO : [pool-2-thread-1]: com.opentext.oesConnector.connector.util.OESAuthUtil.getAuthToken - 15 Jun 2026 15:58:24,111 - OES configurations are not updated , will wait for 10 seconds and try to connect 
INFO : [pool-2-thread-1]: com.opentext.oesConnector.connector.util.OESAuthUtil.getAuthToken - 15 Jun 2026 15:58:34,111 - OES User password is not updated , will wait for 10 seconds and try to connect 
INFO : [pool-2-thread-1]: com.opentext.oesConnector.connector.util.OESAuthUtil.getAuthToken - 15 Jun 2026 15:58:44,111 - OES configurations are not updated , will wait for 10 seconds and try to connect 
INFO : [pool-2-thread-1]: com.opentext.oesConnector.connector.util.OESAuthUtil.getAuthToken - 15 Jun 2026 15:58:54,112 - OES User password is not updated , will wait for 10 seconds and try to connect 
INFO : [pool-2-thread-1]: com.opentext.oesConnector.connector.util.OESAuthUtil.getAuthToken - 15 Jun 2026 15:59:04,112 - OES configurations are not updated , will wait for 10 seconds and try to connect 
INFO : [http-nio-8080-exec-10]: com.opentext.oesConnector.connector.common.security.OtdsTokenAuthenticationFilter.doFilterInternal - 15 Jun 2026 15:59:10,400 - OtdsTokenAuthenticationFilterAttempting authentication for token
ERROR: [http-nio-8080-exec-10]: com.opentext.oesConnector.connector.common.security.OtdsTokenAuthenticationFilter.doFilterInternal - 15 Jun 2026 15:59:10,401 - Error during OTDS authentication: Cannot invoke "com.fasterxml.jackson.databind.JsonNode.asText()" because the return value of "com.fasterxml.jackson.databind.JsonNode.get(String)" is null
INFO : [pool-2-thread-1]: com.opentext.oesConnector.connector.util.OESAuthUtil.getAuthToken - 15 Jun 2026 15:59:14,114 - OES User password is not updated , will wait for 10 seconds and try to connect 
INFO : [pool-2-thread-1]: com.opentext.oesConnector.connector.util.OESAuthUtil.getAuthToken - 15 Jun 2026 15:59:24,114 - OES configurations are not updated , will wait for 10 seconds and try to connect 
INFO : [http-nio-8080-exec-1]: com.opentext.oesConnector.connector.common.security.OtdsTokenAuthenticationFilter.doFilterInternal - 15 Jun 2026 15:59:32,303 - OtdsTokenAuthenticationFilterAttempting authentication for token
ERROR: [http-nio-8080-exec-1]: com.opentext.oesConnector.connector.common.security.OtdsTokenAuthenticationFilter.doFilterInternal - 15 Jun 2026 15:59:32,303 - Error during OTDS authentication: Cannot invoke "com.fasterxml.jackson.databind.JsonNode.asText()" because the return value of "com.fasterxml.jackson.databind.JsonNode.get(String)" is null
INFO : [pool-2-thread-1]: com.opentext.oesConnector.connector.util.OESAuthUtil.getAuthToken - 15 Jun 2026 15:59:34,115 - OES User password is not updated , will wait for 10 seconds and try to connect 
INFO : [pool-2-thread-1]: com.opentext.oesConnector.connector.util.OESAuthUtil.getAuthToken - 15 Jun 2026 15:59:44,115 - OES configurations are not updated , will wait for 10 seconds and try to connect 
INFO : [pool-2-thread-1]: com.opentext.oesConnector.connector.util.OESAuthUtil.getAuthToken - 15 Jun 2026 15:59:54,116 - OES User password is not updated , will wait for 10 seconds and try to connect 
INFO : [pool-2-thread-1]: com.opentext.oesConnector.connector.util.OESAuthUtil.getAuthToken - 15 Jun 2026 16:00:04,116 - OES configurations are not updated , will wait for 10 seconds and try to connect 
INFO : [pool-2-thread-1]: com.opentext.oesConnector.connector.util.OESAuthUtil.getAuthToken - 15 Jun 2026 16:00:14,117 - OES User password is not updated , will wait for 10 seconds and try to connect 
INFO : [pool-2-thread-1]: com.opentext.oesConnector.connector.util.OESAuthUtil.getAuthToken - 15 Jun 2026 16:00:24,117 - OES configurations are not updated , will wait for 10 seconds and try to connect 
INFO : [pool-2-thread-1]: com.opentext.oesConnector.connector.util.OESAuthUtil.getAuthToken - 15 Jun 2026 16:00:34,118 - OES User password is not updated , will wait for 10 seconds and try to connect 
INFO : [pool-2-thread-1]: com.opentext.oesConnector.connector.util.OESAuthUtil.getAuthToken - 15 Jun 2026 16:00:44,118 - OES configurations are not updated , will wait for 10 seconds and try to connect 
INFO : [pool-2-thread-1]: com.opentext.oesConnector.connector.util.OESAuthUtil.getAuthToken - 15 Jun 2026 16:00:54,119 - OES User password is not updated , will wait for 10 seconds and try to connect 
INFO : [pool-2-thread-1]: com.opentext.oesConnector.connector.util.OESAuthUtil.getAuthToken - 15 Jun 2026 16:01:04,119 - OES configurations are not updated , will wait for 10 seconds and try to connect 
INFO : [pool-2-thread-1]: com.opentext.oesConnector.connector.util.OESAuthUtil.getAuthToken - 15 Jun 2026 16:01:14,121 - OES User password is not updated , will wait for 10 seconds and try to connect 
INFO : [pool-2-thread-1]: com.opentext.oesConnector.connector.util.OESAuthUtil.getAuthToken - 15 Jun 2026 16:01:24,121 - OES configurations are not updated , will wait for 10 seconds and try to connect 
INFO : [pool-2-thread-1]: com.opentext.oesConnector.connector.util.OESAuthUtil.getAuthToken - 15 Jun 2026 16:01:34,121 - OES User password is not updated , will wait for 10 seconds and try to connect 
INFO : [http-nio-8080-exec-4]: com.opentext.oesConnector.connector.common.security.OtdsTokenAuthenticationFilter.doFilterInternal - 15 Jun 2026 16:01:37,507 - OtdsTokenAuthenticationFilterAttempting authentication for token
ERROR: [http-nio-8080-exec-4]: com.opentext.oesConnector.connector.common.security.OtdsTokenAuthenticationFilter.doFilterInternal - 15 Jun 2026 16:01:37,507 - Error during OTDS authentication: Cannot invoke "com.fasterxml.jackson.databind.JsonNode.asText()" because the return value of "com.fasterxml.jackson.databind.JsonNode.get(String)" is null
INFO : [pool-2-thread-1]: com.opentext.oesConnector.connector.util.OESAuthUtil.getAuthToken - 15 Jun 2026 16:01:44,122 - OES configurations are not updated , will wait for 10 seconds and try to connect 
INFO : [pool-2-thread-1]: com.opentext.oesConnector.connector.util.OESAuthUtil.getAuthToken - 15 Jun 2026 16:01:54,122 - OES User password is not updated , will wait for 10 seconds and try to connect 
INFO : [pool-2-thread-1]: com.opentext.oesConnector.connector.util.OESAuthUtil.getAuthToken - 15 Jun 2026 16:02:04,123 - OES configurations are not updated , will wait for 10 seconds and try to connect 
INFO : [pool-2-thread-1]: com.opentext.oesConnector.connector.util.OESAuthUtil.getAuthToken - 15 Jun 2026 16:02:14,124 - OES User password is not updated , will wait for 10 seconds and try to connect 
INFO : [pool-2-thread-1]: com.opentext.oesConnector.connector.util.OESAuthUtil.getAuthToken - 15 Jun 2026 16:02:24,124 - OES configurations are not updated , will wait for 10 seconds and try to connect 
INFO : [pool-2-thread-1]: com.opentext.oesConnector.connector.util.OESAuthUtil.getAuthToken - 15 Jun 2026 16:02:34,125 - OES User password is not updated , will wait for 10 seconds and try to connect 
INFO : [pool-2-thread-1]: com.opentext.oesConnector.connector.util.OESAuthUtil.getAuthToken - 15 Jun 2026 16:02:44,125 - OES configurations are not updated , will wait for 10 seconds and try to connect 
INFO : [pool-2-thread-1]: com.opentext.oesConnector.connector.util.OESAuthUtil.getAuthToken - 15 Jun 2026 16:02:54,126 - OES User password is not updated , will wait for 10 seconds and try to connect 
INFO : [pool-2-thread-1]: com.opentext.oesConnector.connector.util.OESAuthUtil.getAuthToken - 15 Jun 2026 16:03:04,126 - OES configurations are not updated , will wait for 10 seconds and try to connect 
INFO : [pool-2-thread-1]: com.opentext.oesConnector.connector.util.OESAuthUtil.getAuthToken - 15 Jun 2026 16:03:14,128 - OES User password is not updated , will wait for 10 seconds and try to connect 
INFO : [pool-2-thread-1]: com.opentext.oesConnector.connector.util.OESAuthUtil.getAuthToken - 15 Jun 2026 16:03:24,128 - OES configurations are not updated , will wait for 10 seconds and try to connect 
INFO : [pool-2-thread-1]: com.opentext.oesConnector.connector.util.OESAuthUtil.getAuthToken - 15 Jun 2026 16:03:34,128 - OES User password is not updated , will wait for 10 seconds and try to connect 
INFO : [pool-2-thread-1]: com.opentext.oesConnector.connector.util.OESAuthUtil.getAuthToken - 15 Jun 2026 16:03:44,129 - OES configurations are not updated , will wait for 10 seconds and try to connect 
INFO : [pool-2-thread-1]: com.opentext.oesConnector.connector.util.OESAuthUtil.getAuthToken - 15 Jun 2026 16:03:54,129 - OES User password is not updated , will wait for 10 seconds and try to connect 
INFO : [pool-2-thread-1]: com.opentext.oesConnector.connector.util.OESAuthUtil.getAuthToken - 15 Jun 2026 16:04:04,129 - OES configurations are not updated , will wait for 10 seconds and try to connect 
INFO : [pool-2-thread-1]: com.opentext.oesConnector.connector.util.OESAuthUtil.getAuthToken - 15 Jun 2026 16:04:14,131 - OES User password is not updated , will wait for 10 seconds and try to connect 
INFO : [pool-2-thread-1]: com.opentext.oesConnector.connector.util.OESAuthUtil.getAuthToken - 15 Jun 2026 16:04:24,131 - OES configurations are not updated , will wait for 10 seconds and try to connect 
INFO : [pool-2-thread-1]: com.opentext.oesConnector.connector.util.OESAuthUtil.getAuthToken - 15 Jun 2026 16:04:34,132 - OES User password is not updated , will wait for 10 seconds and try to connect 
INFO : [http-nio-8080-exec-9]: com.opentext.oesConnector.connector.common.security.OtdsTokenAuthenticationFilter.doFilterInternal - 15 Jun 2026 16:04:38,985 - OtdsTokenAuthenticationFilterAttempting authentication for token
ERROR: [http-nio-8080-exec-9]: com.opentext.oesConnector.connector.common.security.OtdsTokenAuthenticationFilter.doFilterInternal - 15 Jun 2026 16:04:38,985 - Error during OTDS authentication: Cannot invoke "com.fasterxml.jackson.databind.JsonNode.asText()" because the return value of "com.fasterxml.jackson.databind.JsonNode.get(String)" is null
INFO : [pool-2-thread-1]: com.opentext.oesConnector.connector.util.OESAuthUtil.getAuthToken - 15 Jun 2026 16:04:44,132 - OES configurations are not updated , will wait for 10 seconds and try to connect 
INFO : [pool-2-thread-1]: com.opentext.oesConnector.connector.util.OESAuthUtil.getAuthToken - 15 Jun 2026 16:04:54,133 - OES User password is not updated , will wait for 10 seconds and try to connect 
INFO : [pool-2-thread-1]: com.opentext.oesConnector.connector.util.OESAuthUtil.getAuthToken - 15 Jun 2026 16:05:04,133 - OES configurations are not updated , will wait for 10 seconds and try to connect 
INFO : [pool-2-thread-1]: com.opentext.oesConnector.connector.util.OESAuthUtil.getAuthToken - 15 Jun 2026 16:05:14,134 - OES User password is not updated , will wait for 10 seconds and try to connect 
INFO : [pool-2-thread-1]: com.opentext.oesConnector.connector.util.OESAuthUtil.getAuthToken - 15 Jun 2026 16:05:24,135 - OES configurations are not updated , will wait for 10 seconds and try to connect 
INFO : [pool-2-thread-1]: com.opentext.oesConnector.connector.util.OESAuthUtil.getAuthToken - 15 Jun 2026 16:05:34,135 - OES User password is not updated , will wait for 10 seconds and try to connect 
INFO : [pool-2-thread-1]: com.opentext.oesConnector.connector.util.OESAuthUtil.getAuthToken - 15 Jun 2026 16:05:44,136 - OES configurations are not updated , will wait for 10 seconds and try to connect 
INFO : [pool-2-thread-1]: com.opentext.oesConnector.connector.util.OESAuthUtil.getAuthToken - 15 Jun 2026 16:05:54,136 - OES User password is not updated , will wait for 10 seconds and try to connect 
INFO : [http-nio-8080-exec-2]: com.opentext.oesConnector.connector.common.security.OtdsTokenAuthenticationFilter.doFilterInternal - 15 Jun 2026 16:05:56,742 - OtdsTokenAuthenticationFilterAttempting authentication for token
ERROR: [http-nio-8080-exec-2]: com.opentext.oesConnector.connector.common.security.OtdsTokenAuthenticationFilter.doFilterInternal - 15 Jun 2026 16:05:56,742 - Error during OTDS authentication: Cannot invoke "com.fasterxml.jackson.databind.JsonNode.asText()" because the return value of "com.fasterxml.jackson.databind.JsonNode.get(String)" is null
INFO : [pool-2-thread-1]: com.opentext.oesConnector.connector.util.OESAuthUtil.getAuthToken - 15 Jun 2026 16:06:04,137 - OES configurations are not updated , will wait for 10 seconds and try to connect 
INFO : [pool-2-thread-1]: com.opentext.oesConnector.connector.util.OESAuthUtil.getAuthToken - 15 Jun 2026 16:06:14,138 - OES User password is not updated , will wait for 10 seconds and try to connect 
INFO : [pool-2-thread-1]: com.opentext.oesConnector.connector.util.OESAuthUtil.getAuthToken - 15 Jun 2026 16:06:24,138 - OES configurations are not updated , will wait for 10 seconds and try to connect 
INFO : [pool-2-thread-1]: com.opentext.oesConnector.connector.util.OESAuthUtil.getAuthToken - 15 Jun 2026 16:06:34,139 - OES User password is not updated , will wait for 10 seconds and try to connect 
INFO : [pool-2-thread-1]: com.opentext.oesConnector.connector.util.OESAuthUtil.getAuthToken - 15 Jun 2026 16:06:44,139 - OES configurations are not updated , will wait for 10 seconds and try to connect 
INFO : [pool-2-thread-1]: com.opentext.oesConnector.connector.util.OESAuthUtil.getAuthToken - 15 Jun 2026 16:06:54,140 - OES User password is not updated , will wait for 10 seconds and try to connect 
INFO : [pool-2-thread-1]: com.opentext.oesConnector.connector.util.OESAuthUtil.getAuthToken - 15 Jun 2026 16:07:04,140 - OES configurations are not updated , will wait for 10 seconds and try to connect 
INFO : [pool-2-thread-1]: com.opentext.oesConnector.connector.util.OESAuthUtil.getAuthToken - 15 Jun 2026 16:07:14,142 - OES User password is not updated , will wait for 10 seconds and try to connect 
INFO : [pool-2-thread-1]: com.opentext.oesConnector.connector.util.OESAuthUtil.getAuthToken - 15 Jun 2026 16:07:24,142 - OES configurations are not updated , will wait for 10 seconds and try to connect 
INFO : [pool-2-thread-1]: com.opentext.oesConnector.connector.util.OESAuthUtil.getAuthToken - 15 Jun 2026 16:07:34,143 - OES User password is not updated , will wait for 10 seconds and try to connect 
INFO : [pool-2-thread-1]: com.opentext.oesConnector.connector.util.OESAuthUtil.getAuthToken - 15 Jun 2026 16:07:44,143 - OES configurations are not updated , will wait for 10 seconds and try to connect 
INFO : [pool-2-thread-1]: com.opentext.oesConnector.connector.util.OESAuthUtil.getAuthToken - 15 Jun 2026 16:07:54,143 - OES User password is not updated , will wait for 10 seconds and try to connect 
INFO : [pool-2-thread-1]: com.opentext.oesConnector.connector.util.OESAuthUtil.getAuthToken - 15 Jun 2026 16:08:04,144 - OES configurations are not updated , will wait for 10 seconds and try to connect 
INFO : [pool-2-thread-1]: com.opentext.oesConnector.connector.util.OESAuthUtil.getAuthToken - 15 Jun 2026 16:08:14,145 - OES User password is not updated , will wait for 10 seconds and try to connect 
INFO : [pool-2-thread-1]: com.opentext.oesConnector.connector.util.OESAuthUtil.getAuthToken - 15 Jun 2026 16:08:24,145 - OES configurations are not updated , will wait for 10 seconds and try to connect 
INFO : [pool-2-thread-1]: com.opentext.oesConnector.connector.util.OESAuthUtil.getAuthToken - 15 Jun 2026 16:08:34,146 - OES User password is not updated , will wait for 10 seconds and try to connect 
INFO : [pool-2-thread-1]: com.opentext.oesConnector.connector.util.OESAuthUtil.getAuthToken - 15 Jun 2026 16:08:44,146 - OES configurations are not updated , will wait for 10 seconds and try to connect 
INFO : [pool-2-thread-1]: com.opentext.oesConnector.connector.util.OESAuthUtil.getAuthToken - 15 Jun 2026 16:08:54,147 - OES User password is not updated , will wait for 10 seconds and try to connect 
INFO : [pool-2-thread-1]: com.opentext.oesConnector.connector.util.OESAuthUtil.getAuthToken - 15 Jun 2026 16:09:04,147 - OES configurations are not updated , will wait for 10 seconds and try to connect 
INFO : [pool-2-thread-1]: com.opentext.oesConnector.connector.util.OESAuthUtil.getAuthToken - 15 Jun 2026 16:09:14,149 - OES User password is not updated , will wait for 10 seconds and try to connect 
INFO : [pool-2-thread-1]: com.opentext.oesConnector.connector.util.OESAuthUtil.getAuthToken - 15 Jun 2026 16:09:24,149 - OES configurations are not updated , will wait for 10 seconds and try to connect 
INFO : [pool-2-thread-1]: com.opentext.oesConnector.connector.util.OESAuthUtil.getAuthToken - 15 Jun 2026 16:09:34,149 - OES User password is not updated , will wait for 10 seconds and try to connect 
INFO : [pool-2-thread-1]: com.opentext.oesConnector.connector.util.OESAuthUtil.getAuthToken - 15 Jun 2026 16:09:44,150 - OES configurations are not updated , will wait for 10 seconds and try to connect 
INFO : [pool-2-thread-1]: com.opentext.oesConnector.connector.util.OESAuthUtil.getAuthToken - 15 Jun 2026 16:09:54,150 - OES User password is not updated , will wait for 10 seconds and try to connect 
INFO : [pool-2-thread-1]: com.opentext.oesConnector.connector.util.OESAuthUtil.getAuthToken - 15 Jun 2026 16:10:04,151 - OES configurations are not updated , will wait for 10 seconds and try to connect 
INFO : [pool-2-thread-1]: com.opentext.oesConnector.connector.util.OESAuthUtil.getAuthToken - 15 Jun 2026 16:10:14,152 - OES User password is not updated , will wait for 10 seconds and try to connect 
INFO : [pool-2-thread-1]: com.opentext.oesConnector.connector.util.OESAuthUtil.getAuthToken - 15 Jun 2026 16:10:24,152 - OES configurations are not updated , will wait for 10 seconds and try to connect 
INFO : [pool-2-thread-1]: com.opentext.oesConnector.connector.util.OESAuthUtil.getAuthToken - 15 Jun 2026 16:10:34,153 - OES User password is not updated , will wait for 10 seconds and try to connect 
INFO : [pool-2-thread-1]: com.opentext.oesConnector.connector.util.OESAuthUtil.getAuthToken - 15 Jun 2026 16:10:44,153 - OES configurations are not updated , will wait for 10 seconds and try to connect 
INFO : [pool-2-thread-1]: com.opentext.oesConnector.connector.util.OESAuthUtil.getAuthToken - 15 Jun 2026 16:10:54,154 - OES User password is not updated , will wait for 10 seconds and try to connect 
INFO : [pool-2-thread-1]: com.opentext.oesConnector.connector.util.OESAuthUtil.getAuthToken - 15 Jun 2026 16:11:04,154 - OES configurations are not updated , will wait for 10 seconds and try to connect 
INFO : [pool-2-thread-1]: com.opentext.oesConnector.connector.util.OESAuthUtil.getAuthToken - 15 Jun 2026 16:11:14,155 - OES User password is not updated , will wait for 10 seconds and try to connect 
INFO : [pool-2-thread-1]: com.opentext.oesConnector.connector.util.OESAuthUtil.getAuthToken - 15 Jun 2026 16:11:24,156 - OES configurations are not updated , will wait for 10 seconds and try to connect 
INFO : [pool-2-thread-1]: com.opentext.oesConnector.connector.util.OESAuthUtil.getAuthToken - 15 Jun 2026 16:11:34,156 - OES User password is not updated , will wait for 10 seconds and try to connect 
